headline,category
Status quo will not be disturbed at Ayodhya; says Vajpayee,"Society, Religion & Culture"
Fissures in Hurriyat over Pak visit,Politics & Government
America's unwanted heading for India?,International/World
Parivar dismisses PM's warning,Politics & Government
India; Pak exchange lists of N-plants,Business & Economy
Will Qureshi's return really help the govt?,Politics & Government
PM's tacit message: Put Ram tample on hold,Politics & Government
Text of the Prime Minister's article,Politics & Government
BJP jumps into rail track conversion issue,Politics & Government
America's unwanted heading for India?,International/World
State may take AP to court over Krishna,Crime & Law/Judiciary
Park turns temple compound as residents watch,"Society, Religion & Culture"
Status quo will not be disturbed at Ayodhya; says Vajpayee,"Society, Religion & Culture"
Fissures in Hurriyat over Pak visit,Politics & Government
America's unwanted heading for India?,International/World
Parivar dismisses PM's warning,Politics & Government
India; Pak exchange lists of N-plants,Business & Economy
Will Qureshi's return really help the govt?,Politics & Government
PM's tacit message: Put Ram tample on hold,Politics & Government
Text of the Prime Minister's article,Politics & Government
Jaitley firm on legal reforms,Other
BJP jumps into rail track conversion issue,Politics & Government
America's unwanted heading for India?,International/World
State may take AP to court over Krishna,Crime & Law/Judiciary
Park turns temple compound as residents watch,"Society, Religion & Culture"
Fashion in the future,Entertainment & Lifestyle
The best music of the year,Entertainment & Lifestyle
Bomb hoax triggers panic in Canara Bank,Defence & Security
He beat polio; but a truck driver's is no life,Health
More engg colleges if needed in state: Govt,Politics & Government
Auto driver's murder: 4 held,Crime & Law/Judiciary
Awareness rally on AIDS today,Health
Murder spoils 2001 party in Dharwad,Crime & Law/Judiciary
BJP to block traffic statewide on Jan 6,Politics & Government
VIPs suffer as power supply is stopped to govt guest houses,Politics & Government
Hurriyat undecided over team to Pakistan,International/World
Vajpayee wants to put reforms on fast track,Politics & Government
Govt plans stadium near Panaji,Sports
BJP doing a volte face on casinos: Cong,Politics & Government
He is the king of 'five star' industry,Business & Economy
Petrol pump sealed for selling adulterated fuel,Business & Economy
Congress House is no-smoking zone,Politics & Government
Rural weightage: Govt reassures Governor,Politics & Government
They are here to help us,International/World
Flat tyres; flat music and a few famous faces,Entertainment & Lifestyle
Child project officer held for fraud,Crime & Law/Judiciary
BCC holds talks on budget,Business & Economy
Talent Search exams on April 29,Education & Recruitment
Army turns to HAL for Lancer supply,Defence & Security
Vajpayee gives big push to tech education; R&D,Politics & Government
Us and the PM's Musings,International/World
Court reserves judgment on custody of Ilyasi's daughter,Crime & Law/Judiciary
Bangladesh govt asks for Hamoodur Rahman report,International/World
Bangladesh 'scrutinising' citizen's death in US embassy,International/World
Hollywood posts record 9th year of box office gains,Entertainment & Lifestyle
Akashdeep: Ghaath Ka Saath!,Other
Great loss to Indian racing,Business & Economy
Us and the PM's Musings,International/World
Court reserves judgment on custody of Ilyasi's daughter,Crime & Law/Judiciary
Court reserves judgment on custody of Ilyasi's daughter,Crime & Law/Judiciary
Vajpayee gives big push to tech education; R&D,Politics & Government
Us and the PM's Musings,International/World
Court reserves judgment on custody of Ilyasi's daughter,Crime & Law/Judiciary
Four more Iranians admit to role in serial murders,Entertainment & Lifestyle
Mental illness can pass from parent to child,Other
Bangladesh govt asks for Hamoodur Rahman report,International/World
Bangladesh 'scrutinising' citizen's death in US embassy,International/World
Hollywood posts record 9th year of box office gains,Entertainment & Lifestyle
Great loss to Indian racing,Business & Economy
Film industry concerned about piracy,Business & Economy
PIL urges to seek flood relief from UN,Weather & Disaster
World govt touted as solution to crises,International/World
Cronje case behind low cricket match attendance,Sports
DU North Zone inter-varsity cricket champions,Sports
Hockey hopes rest on flowerin talent,Sports
Govt orders study of river diversion,Politics & Government
Govt bears burden as VIPs throng Goa,Politics & Government
5 acquitted in trespassing case,Crime & Law/Judiciary
CM to review security for Premji; Murthy,Politics & Government
Govt allots UKP project to KPC,Politics & Government
Civic polls: Minister refutes BJP charges,Politics & Government
No clue about kidnapped boy,Crime & Law/Judiciary
Cops shoot at sandalwood smugglers; nab one,Crime & Law/Judiciary
Tribute-paying ritual for Patel today,"Society, Religion & Culture"
PM arriving on a 2-day visit,Politics & Government
Make mysterious kidnap drama secret public,Crime & Law/Judiciary
Corporate cricket has lot of scope,Sports
Ex-Karnataka HC judge visits Bahrain,Crime & Law/Judiciary
Car dealers caught in Bihar sales tax ruling,Business & Economy
CM defends grant to Chaturang,Politics & Government
Telecom team win play contest,Business & Economy
Indian American boy confesses to parents' murder,Crime & Law/Judiciary
Sikh teacher guilty of assaulting student,Education & Recruitment
If Rabuka can go free; why not us: Speight partner,International/World
Tailor Sam's famous clientele,Other
Philippine soldiers arrest bombing suspects,Defence & Security
Easy drugs at raves keep Goa hot on tourist circuit,Other
CM defends grant to Chaturang,Politics & Government
Telecom team win play contest,Business & Economy
Indian American boy confesses to parents' murder,Crime & Law/Judiciary
Indian American boy confesses to parents' murder,Crime & Law/Judiciary
Sikh teacher guilty of assaulting student,Education & Recruitment
If Rabuka can go free; why not us: Speight partner,International/World
Philippine soldiers arrest bombing suspects,Defence & Security
Captain Courageous says dream has come true,Other
CM asks KPTC to keep power tariff hike in abeyance,Business & Economy
Gowda and Hegde share dais; but fail to talk,Business & Economy
LCA: Best weapon system for close combat,Defence & Security
Hoax bomb call sends family into a tizzy,Defence & Security
Govt order on dismantling Hampi bridge stayed,Politics & Government
CM meets Sonia at airport,Politics & Government
CM defends grant to Chaturang,Politics & Government
Indian American boy confesses to parents' murder,Crime & Law/Judiciary
Sikh teacher guilty of assaulting student,Education & Recruitment
If Rabuka can go free; why not us: Speight partner,International/World
Philippine soldiers arrest bombing suspects,Defence & Security
Light combat craft takes India into club class,Other
CM asks KPTC to keep power tariff hike in abeyance,Business & Economy
Gowda and Hegde share dais; but fail to talk,Business & Economy
LCA: Best weapon system for close combat,Defence & Security
Hoax bomb call sends family into a tizzy,Defence & Security
Govt order on dismantling Hampi bridge stayed,Politics & Government
CM meets Sonia at airport,Politics & Government
An actress and many other things besides,Entertainment & Lifestyle
Nepal won't allow anti-India activities: Envoy,International/World
MP best in forest development: Centre,Politics & Government
Telecom team win play contest,Business & Economy
Indian American boy confesses to parents' murder,Crime & Law/Judiciary
Sikh teacher guilty of assaulting student,Education & Recruitment
Muslim body rules out talks on Ayodhya,"Society, Religion & Culture"
Vajpayee rejects Nitish's resignation,Politics & Government
PM taps diaspora to realise Indian ambition,Politics & Government
India cagey about food imports,Business & Economy
US leggy chicks to come in hordes,International/World
British doctor may be worst mass murderer in modern history,Health
British judge reveals threats from racists,Crime & Law/Judiciary
Clinton urges US Congress to ratify CTBT,International/World
Muslim body rules out talks on Ayodhya,"Society, Religion & Culture"
Vajpayee rejects Nitish's resignation,Politics & Government
PM taps diaspora to realise Indian ambition,Politics & Government
India cagey about food imports,Business & Economy
US leggy chicks to come in hordes,International/World
British doctor may be worst mass murderer in modern history,Health
British judge reveals threats from racists,Crime & Law/Judiciary
Clinton urges US Congress to ratify CTBT,International/World
Asian auto firms bullish on US market,Business & Economy
Clinton urges US Congress to ratify CTBT,International/World
US gets its first multicultural cabinet,International/World
Indian American couple sentenced for injuries to child,Crime & Law/Judiciary
Mumbai firm to be sentenced in US,Crime & Law/Judiciary
Transit; port use to top talks during Nepal minister's visit,International/World
WREB warns SEBs of north-like tripping,Other
Aamir Khan: 'Lagaan' ko zabaan do,Entertainment & Lifestyle
Kamal Haasan: Hey (Thenali) Ram,Other
Darshans show Bollywood a way out of financial woes,Entertainment & Lifestyle
Latest Hrithik movie could make Canberra a hit,Entertainment & Lifestyle
Aamir Khan: 'Lagaan' ko zabaan do,Entertainment & Lifestyle
Darshans show Bollywood a way out of financial woes,Entertainment & Lifestyle
Parliament suggests resignation of TV official,Politics & Government
Cricket board chief means business,Sports
Frontrunner for key US post seen having Pak tilt,International/World
Move over Nepal; Casino Goa is here,International/World
Closures putting financial strain on Delhi Govt,Politics & Government
NIEPA meet to discuss issue of re-employing retired teachers,Education & Recruitment
What can one do about the backache 'epidemic',Health
Frontrunner for key US post seen having Pak tilt,International/World
Move over Nepal; Casino Goa is here,International/World
Closures putting financial strain on Delhi Govt,Politics & Government
NIEPA meet to discuss issue of re-employing retired teachers,Education & Recruitment
What can one do about the backache 'epidemic',Health
Temple Tactics,"Society, Religion & Culture"
Vajpayee's Musings,Politics & Government
HAL will showcase its pride at Aero-2001,Other
Samata faces split over JD merger,Business & Economy
Cellphone is proving a curse for the mafia,Business & Economy
Vajpayee woos Vietnam with infotech,Politics & Government
All party meet on joint cadre issue soon: CM,Politics & Government
Hike in water tariff from March,Business & Economy
ABVP organises reception for students,Education & Recruitment
New molecule to fight malaria found,Health
New tariffs bad news for cellphone operators,Business & Economy
CM gets a 'majority darshan',Politics & Government
CET Cell returns Rs 13 cr to govt,Politics & Government
Ranebennur tense; bandh successful,Politics & Government
Take citizens into your confidence; CM tells police,Crime & Law/Judiciary
Now JD(S) gives clearance for merger with JD(U),Business & Economy
Art exhibition to raise funds for music school,Education & Recruitment
Cotton row: Govt open to talks,Politics & Government
TADA judge issues notices to 10 witnesses,Crime & Law/Judiciary
Probe ordered into chick colouring,Crime & Law/Judiciary
Erosion in value system in civil society,"Society, Religion & Culture"
Medical evidences should corroborate charges levelled by victim,Health
Superstition; poverty increasing AIDS cases,Health
Vajpayee woos Vietnam with infotech,Politics & Government
All party meet on joint cadre issue soon: CM,Politics & Government
Hike in water tariff from March,Business & Economy
ABVP organises reception for students,Education & Recruitment
New molecule to fight malaria found,Health
Controlled drinking may be answer for alcoholics,Other
New tariffs bad news for cellphone operators,Business & Economy
CM gets a 'majority darshan',Politics & Government
CET Cell returns Rs 13 cr to govt,Politics & Government
Ranebennur tense; bandh successful,Politics & Government
Take citizens into your confidence; CM tells police,Crime & Law/Judiciary
Now JD(S) gives clearance for merger with JD(U),Business & Economy
Art exhibition to raise funds for music school,Education & Recruitment
Cotton row: Govt open to talks,Politics & Government
TADA judge issues notices to 10 witnesses,Crime & Law/Judiciary
Fend for yourselves; Pande tells doctors,Health
State police collapses under pressure,Crime & Law/Judiciary
Court declares Pappu Yadav an absconder,Crime & Law/Judiciary
Sonia takes on the Hindutva brigade,Politics & Government
Congress hopes soar; BJP cries foul,Politics & Government
Ceasefire decision likely today,Defence & Security
Ceasefire blues: To end or extend truce,Defence & Security
CM for action against officials depositing funds in non-scheduled banks,Politics & Government
BJP asks govt to learn lessons from 'failed MoUs',Politics & Government
Minister to verify info on Goans in star hotels,Politics & Government
Rape accused acquitted,Crime & Law/Judiciary
Milk price hike: Govt to do a rethink,Business & Economy
Assembly congratulates Anil Kakodkar,Politics & Government
Multi-religious meet held,"Society, Religion & Culture"
Pankaj Udhas: Technological voices!,Other
Now; imported products need to meet Indian standard,Business & Economy
Govt to table 13 bills in ongoing assembly session,Politics & Government
Viren Shah 'out-walks' the Opposition,Politics & Government
CMC seeks police help to protect statues,Crime & Law/Judiciary
Increase in Haj pilgrims from state,"Society, Religion & Culture"
'Withholding teachers' salaries was collective decision',Education & Recruitment
Ceasefire camouflages factional strife in Nagaland,Defence & Security
Mamata to attend police body meet today,Crime & Law/Judiciary
Medical college for Sikkim by July,Health
Govt extends J&K ceasefire by a month,Defence & Security
Minister inquired about Hinduja passport; admits UK,International/World
Pilgrim's Process,"Society, Religion & Culture"
Sustainable Ceasefire,Defence & Security
The Veggie Abroad,Other
Welfare fund for film artistes,Entertainment & Lifestyle
A Fashion excuse,Entertainment & Lifestyle
Two CPI(ML) activists die in Gaya police firing,Crime & Law/Judiciary
Police hesitant in lodging case against Sadhu; Modi,Crime & Law/Judiciary
CPI decides to continue agitation,Other
Jharkhand govt to set up own power grid,Business & Economy
Minister warns banks of economic non-cooperation,Politics & Government
Dalit outfits to hold rally before HC,"Society, Religion & Culture"
Court asks DG to travel on highways in Bihar,Crime & Law/Judiciary
3 cellphones recovered from Muzaffarpur jail,Crime & Law/Judiciary
Govt to seek fresh cadre option from staff,Politics & Government
LNMU V-C cancels teachers' deputation to town colleges,Education & Recruitment
Shamiana replaces exam halls,Education & Recruitment
Cellphone services at loggerheads in Patna,Business & Economy
TDP will not rock NDA boat: Naidu,Politics & Government
Govt has discretionary powers to deny passports,Politics & Government
'Samosa Queen' among richest UK businesswomen,International/World
DDA take responsibility for power; water in its properties: Court,Crime & Law/Judiciary
How much longer; SC asks govt,Politics & Government
The court has faith in us: Jagmohan,Crime & Law/Judiciary
Illegal arms flood Delhi,Weather & Disaster
Tax doubles Noida schoolbus fee; parents upset,Business & Economy
Dancing is a pleasure; but give us hot food and water; say artistes,International/World
IPI world congress comes back to India,International/World
Man gets life term for burning mother to death,Other
Kumble's absence may encourage youngsters: Dravid,Sports
Chris Cairns to undergo surgery,Health
Stage set for France's first final in 63 years,Other
Agassi prepares to face Rafter in semifinal,Sports
Will the Chinese kill us ?,International/World
Municipal staff storm Commissioner's office,Weather & Disaster
Organised Crime Act as good as TADA,Crime & Law/Judiciary
Austech plans mini IT university in Punjab,Education & Recruitment
Police bust 3 member gang of burglars,Crime & Law/Judiciary
Surjewala blames govt for inflation,Business & Economy
Congress hopeful of winning Majitha seat,Politics & Government
No breakthrough in Panchkula double murder,Crime & Law/Judiciary
Congress seeks to upset SAD applecart in Majitha by-poll,Politics & Government
Suspected infiltration; PU hostel raided,Defence & Security
AIDS assuming epidemic proportions,Health
New life styles; food habits to blame for heart disease,Health
Complaint against hospital dismissed,Health
Haryana gets ready for PM's visit,Politics & Government
CBSE evinces interest in UT weekly tests programme,Education & Recruitment
The life-style disease leads to blindness,Health
President against pitch for indirect polls,Politics & Government
TRAI orders refund of crores to cellphone users,Business & Economy
Chandrasekhar comedy; a Sundance festival hit,"Society, Religion & Culture"
SP; JD (S) Muslim members are set to join NCP,"Society, Religion & Culture"
Navi Mumbai witnessed fall in crime in 2000,Crime & Law/Judiciary
Miss India pageant showcases mermaids in wonderworld,Entertainment & Lifestyle
Competition spurs LIC to market-linked policy,Business & Economy
UN report warns of global warming,International/World
Indian fashion will continue,Entertainment & Lifestyle
Is Movie Tower haunted?,Entertainment & Lifestyle
Physicist's endowment funds Indo-US nuclear talks,International/World
US citizens in Nepal may be targeted by Maoists,Defence & Security
Nepali minister resigns over airline lease scam,Crime & Law/Judiciary
Muslim minister strikes deal with Kumaratunga,"Society, Religion & Culture"
PM appeals for help,Politics & Government
The unpredictable calamity,Weather & Disaster
Canadian airline to sponsor Mumbai Marathon of Hope,Sports
US Congressmen urged to join India caucus,International/World
Pak brothers arrested in US sting operation,Crime & Law/Judiciary
Rallyists; tremor-hit keep cops busy,Weather & Disaster
Police put feet up,Crime & Law/Judiciary
Govt dispensaries to be open at night,Politics & Government
HC asks Centre for ATR on naval missile battery case,Defence & Security
This is not the end; predict astrologers,Other
Party potboiler: Man; can he cook!,Politics & Government
Tremors fail to jolt Govts to action: PIL,Weather & Disaster
The unpredictable calamity,Weather & Disaster
DoCoMo eyeing US market,Business & Economy
Quake affects telecom; power,Business & Economy
Autolite India exonerated by French court,Crime & Law/Judiciary
India woos US oil industry,Business & Economy
Over 150 exporters to participate in garment fair,Business & Economy
DoCoMo eyeing US market,Business & Economy
Hyphenating cinema,Entertainment & Lifestyle
At home with the Minister,Politics & Government
Constable arrested for shooting at AIIMS employee,Crime & Law/Judiciary
Another example of police high-handedness,Crime & Law/Judiciary
Ill-prepared for disaster,Weather & Disaster
More tremors forecast for the next 48 hours,Weather & Disaster
Gujarat finds hope in army of good Samaritans,Defence & Security
Govt opens purse-strings; seeks $1.5 bn loan,Politics & Government
Wide acclaim for Indian films in US festival,"Society, Religion & Culture"
Hey Ram; Karunam; Hum Dil... big draw in US fest,International/World
Gun Culture,"Society, Religion & Culture"
BJP whisks Cong MLA to further its plans,Politics & Government
Assistant bank manager held in arms scandal,Business & Economy
59-year-old widow murdered,Crime & Law/Judiciary
Fiji Hindus protest religious curbs,"Society, Religion & Culture"
Angolan president arrives in Japan,International/World
Basant : Festival of Renewal and Hope,"Society, Religion & Culture"
Fiji Hindus protest religious curbs,"Society, Religion & Culture"
Students back home safe after trauma in Gujarat,Education & Recruitment
State sends para-medical staff to quake-hit areas,Health
Lawyers want more women judges on High Court bench,Crime & Law/Judiciary
Chuck your vote into the corner garbage bin,Politics & Government
Karnataka plans one-stop export shop,Business & Economy
Fear rocks hospital beds in Bangalore,Health
New software helps police keep track of accidents,Crime & Law/Judiciary
Kannada film crew safe in Rajasthan,Entertainment & Lifestyle
State to have disaster management group soon,Weather & Disaster
Joshi wants permanent disaster system,Weather & Disaster
Preventing AIDS is a man's job; too,Health
MLA donates salary for quake victims,Politics & Government
SUCI urges hospital withdraw extra fees,Health
Taming the Tremors,Weather & Disaster
Boxed in by the Budget,Business & Economy
Pune prone to transmitive quake waves; says expert,Other
Engineer's flay PMC for not ensuring safe constructions,Other
Sandhya Chib's a model mom now,Entertainment & Lifestyle
Pacemaker Bank at Manipal Heart Foundation,Business & Economy
Army cordons off Anjar; says it's a mass grave,Defence & Security
After the quake; the confusion...over toll; losses,Business & Economy
Quake remarks cost Karnataka minister his job,Politics & Government
Budget has cushion to absorb quake impact,Business & Economy
Diya Mirza: Om jai Bollywood!,Entertainment & Lifestyle
Shah Rukh: Risky tricks of the trade!,Business & Economy
Diya Mirza: Om jai Bollywood!,Entertainment & Lifestyle
Shah Rukh: Risky tricks of the trade!,Business & Economy
Will the Chinese kill us?,International/World
Rane has no plans to try for CM gaddi,Politics & Government
Dealing with Disaster,Weather & Disaster
Army cordons off Anjar; says it's a mass grave,Defence & Security
After the quake; the confusion...over toll; losses,Business & Economy
Quake remarks cost Karnataka minister his job,Politics & Government
Diya Mirza: Om jai Bollywood!,Entertainment & Lifestyle
Shah Rukh: Risky tricks of the trade!,Business & Economy
Will the Chinese kill us?,International/World
Rane has no plans to try for CM gaddi,Politics & Government
Dealing with Disaster,Weather & Disaster
Other Side of Truth,Other
Islam Ganj kidnappings: Accused nabbed,Crime & Law/Judiciary
Court allows the sale of hijackedAirbus,Crime & Law/Judiciary
Law students to spread legal awareness in remote areas,Education & Recruitment
Methods to conserve petrol discussed,Business & Economy
Gujarat govt yet to get its act together,Politics & Government
Cabinet clears VSNL; CMC selloff,Politics & Government
Court denies Hindujas permission to leave India,Crime & Law/Judiciary
Aditya Pancholi: Into political games!,Politics & Government
Blair admits Hindujas' attempt to involve him,Other
Konkani drama festival begins on Friday,"Society, Religion & Culture"
Govt to boost cultural tourism: CM,Politics & Government
College fest on Feb 8,Education & Recruitment
Rs 1.6 crore worth of book trade lost due to piracy,Business & Economy
About 2;500 medical students yet to receive admit cards,Health
First the quake; then the flood,Weather & Disaster
Vajpayee; Musharraf break ice; talk Gujarat,Politics & Government
There will be more taxes; says Vajpayee,Politics & Government
Govt may clear Sharjah cricket tour on Monday,Sports
Britain's Vaz made exceptional use of office,International/World
CM urges Centre to open up tourism sector,Politics & Government
Govt plans to start more schools for SCs; STs,Politics & Government
Cong leader files for 'liberty' to pursue cases against CM,Politics & Government
BJP urges people to donate for quake victims,Politics & Government
US must accept India's nuclear status: Experts,International/World
Ashcroft confirmed as US attorney general,International/World
Kennedys invited to movie in the White House,Entertainment & Lifestyle
First the quake; then the flood,Weather & Disaster
Vajpayee; Musharraf break ice; talk Gujarat,Politics & Government
There will be more taxes; says Vajpayee,Politics & Government
Govt may clear Sharjah cricket tour on Monday,Sports
Britain's Vaz made exceptional use of office,International/World
CM urges Centre to open up tourism sector,Politics & Government
Govt plans to start more schools for SCs; STs,Politics & Government
Cong leader files for 'liberty' to pursue cases against CM,Politics & Government
BJP urges people to donate for quake victims,Politics & Government
US must accept India's nuclear status: Experts,International/World
Ashcroft confirmed as US attorney general,International/World
Kennedys invited to movie in the White House,Entertainment & Lifestyle
Bhuj-type quake could spare only Supreme Court,Crime & Law/Judiciary
Govt to set up national disaster management panel,Weather & Disaster
Quake effect: Ties with Pak 'thawing'; PM's Japan trip off,International/World
Unprepared govt undermines relief mobilisation,Politics & Government
The final verdict: It touched 8.1 on Richter,Crime & Law/Judiciary
Fab Five: Britain's newest pop sensation,International/World
Aftab Shivdasani: Bollywood's bachcha on a roll!,Entertainment & Lifestyle
Delhi hosts festival of short films,"Society, Religion & Culture"
UTI to launch Infotech company,Business & Economy
Has the President transgressed constitutional propriety by attacking the PM?,Politics & Government
Science in our daily lives is a political orphan,Politics & Government
Official toll put at 16;435; Kutch's share 14;909,Business & Economy
Relief gets bogged down in politics,Politics & Government
The well-oiled machinery of civil society,"Society, Religion & Culture"
Rivalry between Indian; Pakistani workers in UK,International/World
India's prized jewels in foreign capitals,International/World
Chaudhry retained as party caucus leader,Politics & Government
India; Egypt hold talks; to double trade,Business & Economy
US Congressional team to visit India; Pakistan,International/World
PML to challenge arrest of Sharif's nephew,Crime & Law/Judiciary
Govt has two new schemes for jobless youth,Politics & Government
Company told to tow grounded ship seaward,Business & Economy
Govt encouraging corruption; says Cong leader,Crime & Law/Judiciary
Cong dismisses BJP demand to expel John,Politics & Government
PMK withdraws support; but govt safe,Politics & Government
City college asked to refund development fee,Education & Recruitment
Revised school textbooks from next year,Education & Recruitment
Operation Veerappan: Police find mystery car,Crime & Law/Judiciary
Confusion over govt circular deepens,Politics & Government
Govt to submit report to HC,Politics & Government
Shadow cabinet: BJP legislators asked to submit choices,Politics & Government
Not a care in the world,International/World
Legislative Council by-poll on Feb 22,Politics & Government
Association plans new engg college in M'lore,Education & Recruitment
Musharraf keen on India visit,Politics & Government
Cricket can lower the pitch,Sports
Aamir Khan: Providing relief!,Entertainment & Lifestyle
Aamir Khan: Providing relief!,Entertainment & Lifestyle
Iran welcomes Vajpayee-Musharraf phone talk,International/World
Putin sacks minister over Siberian energy crisis,Politics & Government
Quake diplomacy could work for India; Pakistan,International/World
President Arroyo chooses veep,Politics & Government
President Arroyo chooses veep,Politics & Government
New Zealand PM supports protest against Fijian team,Politics & Government
A fragile ceasefire frays more,Defence & Security
Comedy of Terrors,Other
A Science Kumbh & Universal Religion?,"Society, Religion & Culture"
American Cricket Council in the offing,Sports
Chandigarh school sponsors state team,Education & Recruitment
CM buys his own garland,Politics & Government
Did a Dandupalya goon escape from custody?,Crime & Law/Judiciary
Mysore Lamps to float global tenders for revival,International/World
CAT quashes CBI director's appointment,Crime & Law/Judiciary
Shock Market,Business & Economy
Log on for medical advice,Health
Profits of Handicraft Co-op Society soars,"Society, Religion & Culture"
Police tow away vehicles outside telecom office,Crime & Law/Judiciary
Tribunal quashes CBI chief's appointment,Crime & Law/Judiciary
After Russia; BAE eyes LCA programme,International/World
Sukhoi to arrive on time: Russia,International/World
Experts from state to examine buildings in Gujarat,Education & Recruitment
Govt scraps quota-less recruitment,Education & Recruitment
No salary for 15;000 teachers in Jan,Education & Recruitment
Writ petition against govt 'largesse',Politics & Government
Manuscripts will be digitalised: Minister,Politics & Government
Govt to challenge CAT order on Raghavan,Politics & Government
Aamir Khan's musical 'Lagaan',Entertainment & Lifestyle
Amitabh gets Remo to sing along,Entertainment & Lifestyle
See-through Politics,Politics & Government
Budget session from March 19,Business & Economy
RSS workers don't deserve pension; says Cong MP,Politics & Government
Govt tightens rules for renewing mining lease,Politics & Government
Retd Bangalore judge on consumer panel,Crime & Law/Judiciary
AJT loss not to dent Dassault hopes,Business & Economy
E-governance in state begins with CM's constituency,Politics & Government
Militants massacre 15 villagers in Rajouri,Defence & Security
High command adamant; crisis in WB Congress deepens,Politics & Government
Federal officials check documents at US SBI branch,International/World
Model-Survivor,Entertainment & Lifestyle
Health; breakthroughs; research; fitness; fads,Health
The Page Three Politician,Politics & Government
Reaching out to another world,International/World
Andhra Bank launches publicity blitz for IPO,Business & Economy
Tanning merges subsidiaries to face US slowdown,International/World
West Bengal to set up gem export park,Business & Economy
Govt to invite bids for methane exploration,Politics & Government
Dairy sector seeks special support in Budget,Business & Economy
IT major doling out big bucks for college kids,Education & Recruitment
Tanning merges subsidiaries to face US slowdown,International/World
New CEO for Allegro,Business & Economy
UK agency keen to work with HAL; DRDO,International/World
J&K militants step up heat; use ceasefire to regroup,Defence & Security
Mob scare keeps Advani at bay in Gandhinagar,Politics & Government
Budget push for export zones likely,Business & Economy
Hyderabad most corrupt city; says ex-DGP,Crime & Law/Judiciary
CPI critical of govt ban on rallies,Politics & Government
Chaitanya college director seeks CID probe into suicides,Crime & Law/Judiciary
Probe urged into functioning of private colleges,Crime & Law/Judiciary
Film actress Roja to campaign for TDP,Entertainment & Lifestyle
Govt flayed for neglecting social sciences,Politics & Government
Poland eyes India for promoting Sky Truck,Other
Court gives saffron brigade a breather...,Crime & Law/Judiciary
...but govt has another headache coming,Politics & Government
FII funds in print media under I&B lens,Business & Economy
Patient Rights,Health
St Valentine's Day Is not Un-Hindu,"Society, Religion & Culture"
Indo-Fijian Hindus observe festival with fervour,"Society, Religion & Culture"
Govt tried to conceal vital documents,Politics & Government
Officials clueless over chairman's resignation,Politics & Government
Beheaded Amitabh in wax arrives in India!,Entertainment & Lifestyle
Alva: a leader leaders could bank upon,Business & Economy
BJP pipes down; Cong upbeat over Babri case,Politics & Government
Govt fashions confusion over channel ban,Politics & Government
Enron saga: Powered by govt generosity,Politics & Government
Salman Khan & Aishwarya Rai: Chori Chori Chupke Chupke!,Entertainment & Lifestyle
Will Goa become the nerve-centre of economy?,Business & Economy
Case against ex-minister will be reopened: CM,Politics & Government
German trio wow Goan music buffs,Entertainment & Lifestyle
Helmet rule: Minister in two minds,Politics & Government
CM concerned over depletion of marine life,Politics & Government
CM hints at harsh state budget,Business & Economy
Govt moots revival of toddy tapping,Politics & Government
'Govt won't succumb to statehood demands',Politics & Government
Panel accuses govt of adopting fast track methods,Politics & Government
BJP to protest over power tariff hike,Business & Economy
According autonomy to medical colleges need of the hour,Health
KCCI wants single-point cess for farmers,Other
Bellary bandh total,Politics & Government
Salman Khan & Aishwarya Rai: Chori Chori Chupke Chupke!,Entertainment & Lifestyle
Experimental cartoon film on anvil,Entertainment & Lifestyle
Sinha promises industry a breather on taxes,Business & Economy
From fault lines to political battle lines,Politics & Government
Star cast to script end to filmdom's mob marriage,"Society, Religion & Culture"
Enron saga: Power of political will on test,Politics & Government
Bhuj's Tremors in London,Weather & Disaster
Film director Dulal Guha dead,Entertainment & Lifestyle
Govt promises Bill to curb unfair imports,Business & Economy
4 killed in police firing on J&K protesters,Crime & Law/Judiciary
Niche market for big cars revving up,Business & Economy
'Don't blame us; BCCL is the culprit',International/World
UP police caught Web-footed,Crime & Law/Judiciary
Civil-military coordination must for disaster management,Weather & Disaster
Customs officials in smuggling dragnet,Crime & Law/Judiciary
Vision Ceasefire,Defence & Security
Invigorate Industry,Business & Economy
Two killed in Srinagar firing; curfew clamped,Crime & Law/Judiciary
SC clears decks for trial of JMM MPs,Crime & Law/Judiciary
Setback to Jaya as SC orders trial,Crime & Law/Judiciary
Raveena Tandon signs Hollywood film,Entertainment & Lifestyle
Rani Mukherjee: Bollywood's busiest babe?,Entertainment & Lifestyle
Kids have field day with Aamir Khan,Entertainment & Lifestyle
Raveena Tandon signs Hollywood film,Entertainment & Lifestyle
Rani Mukherjee: Bollywood's busiest babe?,Entertainment & Lifestyle
Kids have field day with Aamir Khan,Entertainment & Lifestyle
PMK tried to bring AIADMK into NDA: Venkaiah,Politics & Government
Pondy BJP report made PMK quit NDA,Politics & Government
PM arrives in Coimbatore today,Politics & Government
Opposition boycotts governor's address,Politics & Government
Cop exonerated from corruption charges,Crime & Law/Judiciary
Defence services exam results declared,Education & Recruitment
Involve marginal farmers in co-op sector: CM,Politics & Government
Law college students win quiz contest,Education & Recruitment
Trial by Numbers,Crime & Law/Judiciary
Sri Lanka Today,International/World
You Can Win,Other
Militancy and ceasefire cannot go together: PM,Defence & Security
Hrithik will play Hamlet; Hollywood style,Entertainment & Lifestyle
Promote FDI; tighten purse strings,Business & Economy
Global warming portends disaster for subcontinent,Weather & Disaster
Prof accuses Roman Catholic church for women neglect,"Society, Religion & Culture"
Rushdie abandons New York for 'uninspiring' London,International/World
700 govt employees to retire this year,Politics & Government
90 Arrested for playing matka,Crime & Law/Judiciary
Indo-Pak ties on upswing; says Pak ex-minister,Politics & Government
Govt abused law to harm me; says ex-minister,Politics & Government
Fresh gunfire in Srinagar as Army regrets earlier firings,Defence & Security
A divided govt leaves truce decision for another day,Politics & Government
Poll plank or prudence? Mamata at a crossing,Politics & Government
Cancer fatigue: When they just don't have energy,Health
Global resolve to fight cancer,Health
Hrithik Roshan saves drowning director,Entertainment & Lifestyle
Patiala gharana and an ear for pop music,Entertainment & Lifestyle
Dharmendra: Terrorist attack!,Defence & Security
Hrithik Roshan saves drowning director,Entertainment & Lifestyle
Dharmendra: Terrorist attack!,Defence & Security
PM calls all-party meet on ceasefire today,Defence & Security
How can they impose their views on us?,International/World
Tracking HIV in 10 minutes!,Health
Microsoft faces new Antitrust probe over Corel deal,Crime & Law/Judiciary
Bollywood bash for 'Gujarat',Entertainment & Lifestyle
Salman Khan turns negative,Entertainment & Lifestyle
Bollywood bash for 'Gujarat',Entertainment & Lifestyle
Salman Khan turns negative,Entertainment & Lifestyle
Nepal Parliament adjourned again,International/World
Fiji commander rules out commitment to court ruling,Crime & Law/Judiciary
Canadian PM to attend vigil for quake victims,Politics & Government
Rights watchdog asks UN to probe Taliban 'massacre',Crime & Law/Judiciary
Probe ordered into remarks against S.African Indians,Crime & Law/Judiciary
Reserve Bank cuts repo rate to 7.5%,Business & Economy
Foreign brands may cheer you as import curbs fade away,Business & Economy
No good news for movie buffs expected from Budget,Business & Economy
Govt makes cut-rate sale of BALCO,Politics & Government
Govt decision on wards stayed,Politics & Government
Festival of plays from Feb 26,"Society, Religion & Culture"
Russia to continue N-fuel supply despite US protest,International/World
Asia Foundation favors US role in Kashmir dispute,International/World
US IP worth $300 mn stolen in India: Report,International/World
FBI agent's arrest ends major security breach,Crime & Law/Judiciary
Russia to continue N-fuel supply despite US protest,International/World
US IP worth $300 mn stolen in India: Report,International/World
Will the stock market get a shot in arm?,Business & Economy
Govt makes cut-rate sale of BALCO,Politics & Government
Cellphone market abuzz with rising subscriber base,Business & Economy
Oppn wants govt to come clean on BALCO deal,Politics & Government
I-T; UTI spat over interest tax,Business & Economy
Bengal doctors struggle with killer disease,Health
NRI-headed company develops low-cost AIDS test,Health
Mamooty best actor in the Asianet Lux Film Awards,Entertainment & Lifestyle
Govt wakes up to keep House promises,Politics & Government
Bihar headed for a flat budget,Business & Economy
Cong erred by joining RJD govt; says Rama Pilot,Politics & Government
Munna's men continue seige on Muzaffarpur hospital,Health
Bandh hits life in Bhagalpur,Politics & Government
No arms licence to be issued till panchayat poll,Politics & Government
Medical Re-registration Bill on the cards,Health
12 injured as villagers clash with police,Crime & Law/Judiciary
Mamooty best actor in the Asianet Lux Film Awards,Entertainment & Lifestyle
Berlin award for Kerala film director praised,Entertainment & Lifestyle
Hard Times; Soft Budget,Business & Economy
Judicial probe ordered into attack on Gowda's wife,Crime & Law/Judiciary
Bandh total; Cong worker attacked,Politics & Government
Chennamma's surgery today,Health
Wildlife as work and passion,Other
Govt derives formula to improve SSLC results,Education & Recruitment
Maharashtra minister injured in accident,Politics & Government
Students ask CM to revoke decision on grants cut,Education & Recruitment
Their bamboo music is hard to beat,Entertainment & Lifestyle
Survey signals bold steps in Budget,Business & Economy
Govt may beat a retreat on BALCO,Politics & Government
Boost for BJP; allies; shock for Congress,Politics & Government
Six policemen killed in ambush,Crime & Law/Judiciary
Cricket board clips Bindra's wings by banning him,Sports
Karunanidhi rules out tie-up with TMC,Politics & Government
Residents step up stir for road,Other
Goa govt bails out coconut farmers,Politics & Government
Kerala gets a dream budget that won't work,Business & Economy
Darkness in Karnataka as power grid trips,Business & Economy
Govt withdraws order on cut in college grants,Education & Recruitment
Govt revokes suspension of officers,Politics & Government
Virtual bridge from B'lore to Hollywood is heavy with traffic,Entertainment & Lifestyle
BATF will soldier on for better civic life,Defence & Security
The city on a school wall,Education & Recruitment
Lok Ayukta probe into irregularities,Crime & Law/Judiciary
Kannada film bags award,Entertainment & Lifestyle
Animal sacrifice: Maneka wants minister punished,Politics & Government
'US shouldn't take its advantage for granted',International/World
KPTC disrupts power supply for CM's sake,Politics & Government
Lift block on road; orders minister,Politics & Government
Centre misusing quake issue to impose tax,Business & Economy
CM hitch-hikes on bullock-cart,Politics & Government
'Minister suppressing evacuees' voice',Politics & Government
Coop society turns 75,"Society, Religion & Culture"
Pink slips herald nightmare for Indian nerds in US,International/World
'Swadeshi' Vajpayee role model of modern hunks,Entertainment & Lifestyle
Govt fails to assist quake-hit industries,Politics & Government
Surat police arrests eight for killings; robberies,Crime & Law/Judiciary
Woman stakes claim to world's smallest Gita,International/World
20 Naxalites held in Garhwa in two months,Defence & Security
Salaries not paid to Sanskrit teachers; staff,Education & Recruitment
Govt double-talk gives Veerappan the edge,Politics & Government
Jacob pays surprise visits to schools; hospital,Health
Fuel cell engines to replace petrol and diesel ones,Business & Economy
The emperor of cricket is dead,Sports
Civilian deaths swelling J&K militant ranks,Defence & Security
Sonia harps on a new mantra: Farmanomics,Politics & Government
Tuition for Sonia,Politics & Government
Committee Calamity,Weather & Disaster
Salman Khan turns negative,Entertainment & Lifestyle
4 held for murder of Malad housewife,Crime & Law/Judiciary
Accused in gold watch scam given clean chit,Crime & Law/Judiciary
Govt figures on AIDS doctored; says Countess,Health
Health dept grapples with irregular appointments,Health
Paddy sale; not panchayat poll; bothers them,Politics & Government
Samata uses by-election result to flay Paswan,Education & Recruitment
Govt may privatise closed sugar mills,Politics & Government
BIT students on hunger strike,Education & Recruitment
Spurt in crime worries Bhagalpur residents,Crime & Law/Judiciary
Bihar Red Cross to adopt village,Other
BRABU Senate okays Rs 195-crore budget,Business & Economy
The Don misses another century,Sports
Court says Bangla migrants a security threat,Crime & Law/Judiciary
Delhi; Chennai worst cities to live in: UK survey,International/World
Trinamul to make Mamata's gifts a poll plank,Politics & Government
Reform II gets a jolt with populist Rail budget,Business & Economy
Rail budget regressive: Congress,Business & Economy
Government by 'Schemes',Politics & Government
A rare surgery; yet a success story,Health
Budget for Growth,Business & Economy
Cong set to challenge BJP govt in Goa,Politics & Government
Implement policy to keep beaches tidy; govt told,Politics & Government
A common man's Budget,Business & Economy
Blackwill likely US envoy to India,International/World
Cops lied; I was arrested from a house; says Maran,Crime & Law/Judiciary
Politicians get ready for party-hopping,Politics & Government
Police fail to nab gang of thieves,Crime & Law/Judiciary
In Kannur; 180 killed in five years of Left rule,Crime & Law/Judiciary
A common man's Budget,Business & Economy
Govt staff may face retirement before 58,Politics & Government
Costs increase pain for kidney patients,Health
AIDS wracks her body; but the spirit lives on,Health
A common man's Budget,Business & Economy
Blackwill likely US envoy to India,International/World
Cops lied; I was arrested from a house; says Maran,Crime & Law/Judiciary
Politicians get ready for party-hopping,Politics & Government
Police fail to nab gang of thieves,Crime & Law/Judiciary
The Kingdom of God Is Within Each of Us,International/World
Police in a tizzy over burglaries,Crime & Law/Judiciary
Positive Budget; says CM,Business & Economy
HC order to CBI in paedophile case,Crime & Law/Judiciary
Goan artisans to get more prominence,Other
Faleiro seeks Parrikar's resignation,Politics & Government
Pak to start serial production of short-range missiles,Entertainment & Lifestyle
Pak to start serial production of short-range missiles,Entertainment & Lifestyle
US asks Taliban to halt desecration of statues,International/World
SPIC case trial from March 19,Crime & Law/Judiciary
Human Base pegs on early bird advantage in Japan,International/World
Maneka asks govt to take back land for cow shelter,Politics & Government
TDP men hack 7 Congress workers to death,Politics & Government
Azhar fashions second innings in aid of charity,Sports
Anjolie's World,International/World
Marriage is my stress buster,"Society, Religion & Culture"
AIDS should be talked about openly,Health
Caste Away,"Society, Religion & Culture"
Corporate hospitals' price war hots up,Business & Economy
Market drops; steadies; then gets knocked out again,Business & Economy
Trial of Strength,Crime & Law/Judiciary
New schemes to boost Goa's culture,"Society, Religion & Culture"
Live concert in Panaji on March 19,Entertainment & Lifestyle
Opportunism guides alliance politics in TN,Politics & Government
Tekriwal's resignation causes tremors in Assembly,Weather & Disaster
Opposition bid to grill Bihar government foiled,Politics & Government
Death sentence for killer couple,Crime & Law/Judiciary
Resignation accepted,Politics & Government
IIT; IIM in Jharkhand soon; says minister,Education & Recruitment
Fresh clashes feared inside Hajipur jail,Crime & Law/Judiciary
Primary teachers to stage dharna outside Assembly,Education & Recruitment
Assembly passes budget allocations for agriculture dept,Business & Economy
Looted police rifle recovered,Crime & Law/Judiciary
Cong red-faced as its MLCs take on minister,Politics & Government
Sonia to unveil Rajiv's statue,Politics & Government
Raichur; Gulbarga districts lead in school-dropouts,Education & Recruitment
PM sticks to guns; allies unhappy,Politics & Government
NDA closes ranks but Mamata wants George out,Politics & Government
UN sanctions may prolong Afghan civil war,International/World
MK reposes faith in PM,Politics & Government
Will Jayalalitha contest polls?,Politics & Government
Karunanidhi misusing power: Jaya,Politics & Government
Karunanidhi misusing power: Jaya,Politics & Government
Sri Eknath Swami: Above Caste & Creed,"Society, Religion & Culture"
Open University,Education & Recruitment
Police outposts mooted for south Goa,Crime & Law/Judiciary
CM to inaugurate military meet tomorrow,Politics & Government
Stock market bounces back,Business & Economy
What's new in corruption; says India Inc,Crime & Law/Judiciary
Congress ready for coalition,Politics & Government
BJP begins to rehabilitate Bangaru,Politics & Government
Religion is a Bond Between Man & Nature,"Society, Religion & Culture"
Sonia's right hand,Politics & Government
I was exposed to politics from my childhood,Politics & Government
A string of foreign moods and a solitary 'desi',International/World
Has Bollywood made unwed motherhood more acceptable?,Entertainment & Lifestyle
Cong will not pull down govt now,Politics & Government
Govt drowned in corruption: Sonia,Crime & Law/Judiciary
BJP borrowed our agricultural policy: Cong,Politics & Government
Sonia declares war on Vajpayee govt,Politics & Government
Sleeping Aids,Health
Culture as Diplomacy,"Society, Religion & Culture"
Minister assesses railway work in Thiruvananthapuram,Politics & Government
Goa budget session begins today,Business & Economy
BJP govt may face a rough budget session,Business & Economy
Police officials to leave for Karnataka,Crime & Law/Judiciary
Delhi races,Other
Congress the right choice; say Sonia; Krishna,Politics & Government
The Sonia magic hasn't quite faded,Politics & Government
Souvenir captures united colours of Congress,Politics & Government
State will amend disinvestment policy of PSUs,Politics & Government
Congress makes an ecological point,Politics & Government
It's Congress all the way,Politics & Government
Sonia borrows Mahatma's tenet,Politics & Government
Destination South Block: CM,Politics & Government
Cong will not stall vote-on-account,Politics & Government
Govt declares war against plastic,Politics & Government
Exposed! Sonia's letter to Jaya on playing a Thehelka trick,Politics & Government
What use a raid if the guilty don't spend time in jail?,Crime & Law/Judiciary
Bad skin? Catch a radio wave,Other
CJI refuses to spare sitting judge,Crime & Law/Judiciary
DMK breathes easy as BJP satisfies MDMK,Politics & Government
An Ariel View,Other
Govt plans to put Goa on IT map,Politics & Government
Opposition nails govt on catamaran deal,Politics & Government
Cong to burn effigy of BJP leader,Politics & Government
Panel recommends slash in sales tax slabs,Business & Economy
Reshuffle of police officers on cards,Crime & Law/Judiciary
State govt declares war against plastic,Politics & Government
Who will clean up the Congress 'mess'?,Politics & Government
A hectic day for CM and his colleagues,Politics & Government
Govt decision on mobiles sensible,Politics & Government
SC tells TADA detenues to approach designated court,Crime & Law/Judiciary
Mysore market 'closed' in protest against footpath vendors,Business & Economy
NMPT carries out trial berthing at new tanker jetty,Crime & Law/Judiciary
Commandos beat up KSRTC bus crew; police,Crime & Law/Judiciary
Trade union against changes to labour laws,Business & Economy
Mystery epidemic kills 20 in Raichur dist,Health
Cross-border e-biz logistics no more a nightmare,Defence & Security
Vote-on-account passed; chaos follows,Politics & Government
Sachin; Dravid give India an edge,Sports
Rekha: Arty party!,Politics & Government
All the PM's Men,Politics & Government
The Sound of Music,Entertainment & Lifestyle
BJP's Agni Pariksha,Politics & Government
Cong members sing opposition's tune,Politics & Government
AICC meet: CM gets a pat from Sonia,Politics & Government
BJP steps in to control damage,Politics & Government
Cops to wield the stick at bad cinema portrayal,Entertainment & Lifestyle
Heart Link arrives with medical supplies worth $400;000,Health
Students on hunger strike,Education & Recruitment
Govt strikes back: CBI registers case against Sonia aide,Crime & Law/Judiciary
Govt had promised a probe into arms deals in '99,Crime & Law/Judiciary
Jadeja all set for a new innings,Sports
500 Scalps,Sports
Companies grab govt land; Opposition protests,Business & Economy
Inside BJP,Politics & Government
NDA govt or mid-term polls: BJP,Politics & Government
Cong MLA puts Speaker in a spot,Politics & Government
Five killed in copter crash near Bangalore,Crime & Law/Judiciary
SJM attacks PMO; VHP defends PM,Politics & Government
Market crash claims another victim,Business & Economy
Women more prone to coronary disease,Health
Salman Khan: Hello brother!,Entertainment & Lifestyle
Hockey heroes return to quiet reception,Sports
Silence: Key to Your Inner World,International/World
Close to the Bone,Other
KPMG to assist IOC in Haldia acquisition,Business & Economy
Rollercoaster: Sensex moves southwards,Business & Economy
Slowdown zerosum game: Gain for some; loss for others,Business & Economy
Shadow of Armsgate over BJP conclave,Politics & Government
Music Before Man,Entertainment & Lifestyle
Awareness of Corruption,Crime & Law/Judiciary
Why blame him; its only cricket!,Sports
Why blame him; its only cricket!,Sports
Centre urged to bail out maize farmers,Crime & Law/Judiciary
FIR against Vincent smacks of vendetta: Hegde,Crime & Law/Judiciary
Special court to try Dandupalya crimes likely,Crime & Law/Judiciary
This 'armsgate' stumps police,Crime & Law/Judiciary
Govt didn't fund AICC session: CM,Politics & Government
CM endorses faith in bureaucracy,Politics & Government
Power theft to be cognizable offence,Crime & Law/Judiciary
BJP talks tough; but agrees it needs to introspect,Politics & Government
Should George stay on as NDA convenor?,Politics & Government
The magical world of P C Sorcar,International/World
NDA partners close ranks; to take on Congress,Politics & Government
Tehelka jolts BJP's economic resolution,Politics & Government
Advani Rath Yatra funded by Dawood: Adm Bhagwat,Politics & Government
Have fun in Afghanistan? Enjoy the weather...,International/World
Tobacco convention to make public health a priority,Health
International child music festival hold 8th edition,Entertainment & Lifestyle
MUL finance; used car deals under 'True Value' brand,Business & Economy
Vehicle insurance policy gets away with loopholes,Politics & Government
Panacea Biotech to tie up with foreign firm for genome research,International/World
Cellphone firms aim at the gaming market,Business & Economy
Japan's megabank may herald another crisis,International/World
Policy to check wrong doings in agro sector on cards,Politics & Government
She strains to leave; but hospital restrains,Health
Apathy delivers deadly blow to this policeman,Other
Pak air force to test missiles; rockets today,Defence & Security
Police officers summoned for harrasing backward class person,Crime & Law/Judiciary
Suspect in murder bid held,Crime & Law/Judiciary
Four CRPF men killed in Lashkar attack,Crime & Law/Judiciary
Faleiro criticises BJP govt's functioning,Politics & Government
Malaria cases on the rise,Health
Poll panel to enforce Cable Act strictly,Politics & Government
Medha hits out at corrupt politicians,Crime & Law/Judiciary
Mithun goes global!,International/World
Sleazy films storm Bollywood!,Weather & Disaster
Din over police raid on Samata activist's house,Crime & Law/Judiciary
100 million in grip of drought; worse yet to come,Weather & Disaster
Politics mars National Film Awards,Entertainment & Lifestyle
Leak of Chokila's letter upsets govt,Politics & Government
Best film and more for Malayalam at National Awards,Entertainment & Lifestyle
Dacoities will end; says CM; Cong walks out,Politics & Government
Cong; BJP share spoils in municipal polls,Business & Economy
A campaign in aid of TB patients,Health
New school timings upset parents,Education & Recruitment
Mixed reaction to hike on gutka tax,Business & Economy
Tax commission unhappy with VAT status,Business & Economy
Lashkar chief gunned down in encounter,Defence & Security
BJP dumps Mamata; to go it alone in Bengal,Politics & Government
CBI cracks down on Sonia's aide; seizes accounts,Crime & Law/Judiciary
No hope for the AIDS outcast,Health
Race politics hots up in UK,International/World
Race politics hots up in UK,International/World
All is not hunky-dory with MDMK; says Karunanidhi,Politics & Government
JD(S) to keep Cong; BJP at bay: Deve Gowda,Politics & Government
Veerappan legend drowns Bannari temple's colourful past,"Society, Religion & Culture"
Priest enters poll fray,Politics & Government
Mundkar evacuees issue embroiled in legal tangle,Other
Govt can now terminate assignments of housing board chiefs,Politics & Government
Role of language in preserving culture stressed,"Society, Religion & Culture"
Govt not aware of licence issue,Politics & Government
Grade A status for rice to continue in Rabi: CM,Politics & Government
TDP MLA urges Govt to work for eunuchs welfare,Politics & Government
Sessions judge to probe lock-up death,Crime & Law/Judiciary
Alliance with Trinamul off; declares BJP,Politics & Government
BJP defends film awards,Entertainment & Lifestyle
Venkaiah senses conspiracy to oust NDA govt,Politics & Government
Bank accounts of Vincent George; kin frozen,Business & Economy
CM vows Rs 5 cr for ground water project report,Politics & Government
Code of ethics for BJP rank-and-file,Politics & Government
Sonia; Mamata may shake hands soon,Politics & Government
Govt still myopic on drought control,Weather & Disaster
Regulation Scam,Crime & Law/Judiciary
Religion is Path to Realisation of God,"Society, Religion & Culture"
Armaan Kohli: Re-naming ceremony!,Sports
Govt under attack for low arecanut prices,Politics & Government
Chairs; tables go missing from Assembly,Politics & Government
Minister agrees to survey on tanks,Politics & Government
Two hotel employees get lifer for murder,Crime & Law/Judiciary
JNST to send U-25 cricket team to UAE,Sports
Indian football's glory days,Sports
India play England in World Cup Polo opener,Sports
India play England in World Cup Polo opener,Sports
Madhavpura Bank chief yet to be booked,Business & Economy
...RBI warnings were ignored,Business & Economy
New US visa promises family reunions,International/World
Apex court in unreal world; says Dikshit,Crime & Law/Judiciary
Naidu cold-shouldered by NDA on home turf,Politics & Government
Kerala pendulum swings UDF's way,Politics & Government
Mohan Lal to shoot for company!,Business & Economy
Hitting the Wicket,Sports
US to streamline family-based visa rules,International/World
HC to dental course students' rescue,Education & Recruitment
Two women held in baby girls' sale,Other
Cops shoot off missive to govt on reservation,Politics & Government
Nothing above corruption,Crime & Law/Judiciary
GTB; UTI Bank end mega-merger dreams,Business & Economy
Jaya poised to unseat DMK govt: Poll,Politics & Government
Priyanka Chopra: World No 1 with Hero No 1!,International/World
Ramgopal Varma: Training institution?,Other
Salman Khan: Brawn to brain!,Entertainment & Lifestyle
Priyanka Chopra: World No 1 with Hero No 1!,International/World
Salman Khan: Brawn to brain!,Entertainment & Lifestyle
Govt launches drive against child labour,Politics & Government
Parrikar has an 'expensive' cabinet,Politics & Government
It's no party for women politicians,Politics & Government
Badal to monitor procurement; says Thandal,Other
2 model schools in each education block; says CM,Entertainment & Lifestyle
Dhumal for all-party delegation to PM,Politics & Government
3 killed in road accident,Crime & Law/Judiciary
The master blaster as a spin-doctor,Health
Let's talk; Centre tells Hurriyat,Politics & Government
Jaswant's Washington visit amid US-China spat,International/World
BJP's Armsgate defence runs out of steam,Politics & Government
Playing satta on the cyber pitch,Other
The master blaster as a spin-doctor,Health
Liverpool fans held by police after attack,Crime & Law/Judiciary
Sethi; Patel get direct entry in World Billiards,International/World
CM to have tete-a-tete with Clinton,Politics & Government
Bestow Bharat Ratna to Jagjivan Ram: CM,Politics & Government
Sonia praises Janardhan Reddy for protest,Politics & Government
CLP seeks all-party meet to discuss weavers' plight,Politics & Government
Bush sends strong signal on Indo-US ties,International/World
Pak Supreme Court overturns Benazir's conviction,Crime & Law/Judiciary
Indira biography finds few takers in Congress,Politics & Government
UDF will make Kerala No 1 IT destination,Politics & Government
Probe demanded into APCOB deposits in GTB,Crime & Law/Judiciary
Bribe police syndicate to own an arms licence,Crime & Law/Judiciary
Govt to act tough with millers on procurement,Politics & Government
Dhoti-kurta to be made a must for temple EOs,"Society, Religion & Culture"
Sensex sheds early gains,Business & Economy
Insurance exam has seniors in a tizzy,Education & Recruitment
South takes away more than half of FDI pie,Business & Economy
Govt frees Spic Petro to search for new partner,Politics & Government
RBI moots end of dual grip over co-op banks,Business & Economy
Four-star status for Goa University,Education & Recruitment
Health is not wealth in PCB,Health
Aamir unlimited,Entertainment & Lifestyle
Aamir unlimited,Entertainment & Lifestyle
'There's genius in all of us',International/World
Arun; Moli win health run,Health
Snubbed Karunakaran sparks off 'war' in Congress,Politics & Government
First ever health parade,Health
Mental hospital lacks basic amenities,Health
India stun UAE in World Cup soccer qualifier,Sports
Greed breeds corruption; says Vajpayee,Crime & Law/Judiciary
II PUC exams begin Monday,Education & Recruitment
India can't be a dumping ground: Jakhar,Other
'Medicine' kills two girls,Health
MRO-TEK to market Lacom Systems' products,Business & Economy
Sun shines on timeshare industry,Business & Economy
Sardinha appointed GAAA president,Politics & Government
Fisherfolk unhappy with change in market system,Business & Economy
AGP strikes a deal with BJP; joins NDA,Politics & Government
NDA makes Sonia the target to escape Tehelka storm,Weather & Disaster
Govt seeks SC guideline on disinvestment cases,Politics & Government
US-China spat brings India into sharper focus,International/World
Emulate China,International/World
Crumbs for Congress,Politics & Government
Spirituality; the Soul of Our Music,Entertainment & Lifestyle
State to order probe into ticket row,Crime & Law/Judiciary
Nutcracker: Imports affect farmers,Business & Economy
Sonia's snub made Karunakaran furious,Politics & Government
UDF partners worry over Karunakaran impasse,Politics & Government
Nandita Das: Connecting to commercial cinema?,Entertainment & Lifestyle
Govt may take a 'swipe' at erring staff,Politics & Government
Karim demands judicial probe into Rajkumar's release,Crime & Law/Judiciary
Small is beautiful in the art market,Business & Economy
Koujalgi won't be arrested now,Crime & Law/Judiciary
Disease in the pipeline,Health
6 Dec '92 most depressing day of my life: Advani,Politics & Government
Sensex under bear attack; drops to 23-month low,Business & Economy
Juhi Chawla: Another Jhanvi for the industry!,Business & Economy
Juhi Chawla: Another Jhanvi for the industry!,Business & Economy
Corporate governance comes under microscope,Business & Economy
Probe sought into proposal on treating bio-medical waste,Crime & Law/Judiciary
Probe into land deal begins,Crime & Law/Judiciary
Telecom tangle acquires a 'false' ring to it,Business & Economy
Wipro moves into expansion mode,Other
India; Iran get closer,International/World
Bomb defused in North Block,Defence & Security
Sensex nosedives as Infy hints at tech slowdown,Business & Economy
Temple exists at Ayodhya by law: Advani,"Society, Religion & Culture"
'Change your skin' with new medical method,Health
Song and an image,Entertainment & Lifestyle
BJP announces nominees for 260 seats,Politics & Government
Yet another shootout; murder; rocks city,Crime & Law/Judiciary
Darjeeling bandh paralyses normal life,Politics & Government
India offers Iran $200m line of credit,International/World
China not a factor in Indo-US ties: Jaswant,International/World
Court of Hope,Crime & Law/Judiciary
Ticket scam: Police confirm GCA officials' involvement,Crime & Law/Judiciary
Five remanded to judicial custody,Crime & Law/Judiciary
Quality education need of the hour: Minister,Politics & Government
Govt must resign for harassing women entrepreneurs,Politics & Government
Margao council drops proposal to reconstruct market,Business & Economy
TN govt chases Jaya case to Delhi,Politics & Government
Ramadoss's son may be pitted against Karunanidhi,Politics & Government
Jaya judgment puts ball in EC's court,Crime & Law/Judiciary
Cong feud spells paucity of poll fund,Politics & Government
Arrested Pak diplomat linked to IC 814 hijacking,Crime & Law/Judiciary
Ties with Iran not at Pak's expense: PM,International/World
N Block bomb failed police test: Didn't explode,Defence & Security
BJP to AIADMK allies: Tell people who is your leader,Politics & Government
Heavy rains bring respite from heat,Weather & Disaster
In Nepal; Every God has His Day,International/World
Karunakaran defiant; ball in Sonia's court,Crime & Law/Judiciary
An ayurveda hospital for the poor,Health
BJP shadow cabinet not immune from power struggle either,Politics & Government
CM's night power scheme trips,Politics & Government
Law students not ready to be swept by cyber waves,Education & Recruitment
Govt on defensive as Cong boycotts all-party meet,Politics & Government
Lashkar strike at heart of Srinagar; 6 killed,Crime & Law/Judiciary
Maoist extremists kill 14 in Jharkhand,Defence & Security
Wanna fund Congress? Dine with Sonia,Politics & Government
In Nepal; Every God has His Day,International/World
This govt wants its whole arm in the pie,Politics & Government
Woman of conviction,Crime & Law/Judiciary
Two BCCI officials told to appear in court today,Crime & Law/Judiciary
CM greets people on Easter,Politics & Government
So long Uncle Sam; Hello Japan,International/World
HBO to get into non-movie programmes,Entertainment & Lifestyle
Tax Americana: April is the cruellest month,Business & Economy
PM dares Cong to bring no-trust motion,Politics & Government
Sangh Parivar reminds govt of ultimatum for temple,"Society, Religion & Culture"
Corruption Matters,Crime & Law/Judiciary
Graceland Geek,Other
Quacks invade Goan market,Business & Economy
Naxal ambush: Palamu policeman suspended,Defence & Security
Congress politics flayed at BJP 'vikas rally',Politics & Government
Corruption Matters,Crime & Law/Judiciary
Cancer and the science of alternative therapies,Health
Cong sharpens Armsgate arsenal for Parliament,Politics & Government
BALCO sale a fraud; Sinha a criminal: RSS veteran,Crime & Law/Judiciary
Yoga returns as US fad in third wave,International/World
Where The Tax Axe Falls,Business & Economy
'Aks': Oops! what happened to the music?,Entertainment & Lifestyle
BJP tries to pick chinks in renewed Cong,Politics & Government
'Aks': Oops! what happened to the music?,Entertainment & Lifestyle
SEBI report blames bank funding of brokers for price rigging,Business & Economy
CBI is zeroing in on Johari's associates,Crime & Law/Judiciary
Talisma takes on giants in eCRM market,Business & Economy
Congress isolated; but stalls Parliament,Politics & Government
Cabinet clears Lokpal Bill,Politics & Government
US slowdown is real and hurting,International/World
Long-term export target won't be hit: Nasscom,Business & Economy
Kannada film pulled up for sex scenes,Entertainment & Lifestyle
Bangalore to host international film fest,Entertainment & Lifestyle
Angry Sindhis demand Indus share,Business & Economy
No changes in football team,Sports
HAL take on Indian Bank,Business & Economy
Hockey tourney provides fresh lease of life,Sports
No changes in football team,Sports
Hazare remembers Bradman and the bygone days,Other
Angry Sindhis demand Indus share,Business & Economy
Sensex rises 61 points despite Infy-Sify drag,Business & Economy
US acknowledges India's technical prowess,International/World
Parliament heads for second recess,Politics & Government
IOA; Dalmiya find common cause against govt,Politics & Government
Suzuki mulls importing Grand Vitara via MUL,Business & Economy
Duplicate shares of JP Ind lands broker in soup,Business & Economy
Pentamedia is still keen on Film Roman,Entertainment & Lifestyle
Urmila Matondkar: Arty party!,Politics & Government
Narvekar's bail plea hearing tomorrow,Crime & Law/Judiciary
Pentamedia is still keen on Film Roman,Entertainment & Lifestyle
Ittiam embeds itself in DSP space,Other
Spelling out the ASP market in India,Business & Economy
Govt hopes to pass Budget by pinning Cong,Business & Economy
M S Sathyu to head film awards panel,Entertainment & Lifestyle
Concern over drop out rate in school,Education & Recruitment
Govt hikes intake in medical; dental colleges,Health
Report blames police for Gokak firing,Crime & Law/Judiciary
B'lore may become Mecca of medical care: CM,Health
India must tread carefully in brave new biotech world,International/World
Consumers to be consulted on water tariff hike,Business & Economy
Cabinet ignores CM's transfer ban,Politics & Government
Bangladesh returns mutilated bodies,International/World
Noida hospital using humans for gene therapy trial,Crime & Law/Judiciary
Rocca's ascent is bad news for Pakistan,International/World
Convicted cannot contest; EC says in Jaya case,Crime & Law/Judiciary
SC refuses to revise rule on CBI chief's term,Crime & Law/Judiciary
Railways take vital 1st innings lead,Sports
Court turns down GCA chief's bail plea,Crime & Law/Judiciary
Gulzar to open Konkani meet today,Other
HC sets aside election of 11 MLCs,Politics & Government
Inspector regime for industry out,Business & Economy
Norway PM to visit Bangalore,Politics & Government
Budget plans for roadside trees,Business & Economy
Court puts the brakes on errant BMTC,Crime & Law/Judiciary
Live bands: Police yet to act on CM's directive,Crime & Law/Judiciary
Hegde ridicules Cong demand on JPC probe,Crime & Law/Judiciary
Red Stars over China,International/World
Sinha upsets Wajih; five share lead,Business & Economy
Corporate elite to test their skills,Business & Economy
Film industry in financial crisis: Shyam Benegal,Business & Economy
Kannada serial director to return award,Entertainment & Lifestyle
Religion should adopt modern idiom: Jathedar,"Society, Religion & Culture"
Tamil channels get poll fever,Politics & Government
I have no expectations from Vajpayee govt: Singhal,Politics & Government
CBI comes under flak for tardy pace of probe,Crime & Law/Judiciary
Top police officers transferred,Crime & Law/Judiciary
Killer was promised Rs 25;000 for killing Nair; say police,Crime & Law/Judiciary
PM; Sonia reach deal: Budget first; then probe,Crime & Law/Judiciary
Govt wants to renegotiate pact with Enron,Politics & Government
Wicket Walsh,Sports
The Philosophical Basis of Religion,"Society, Religion & Culture"
Verdict on power rebate case today,Crime & Law/Judiciary
Move to start new bank draws protest,Business & Economy
Clear stand on Pakistan or else: BCCI to govt,International/World
Born again: Antony discovers new economy,Business & Economy
India opts for Frankenfoods; while world desists,International/World
Govt draws flak over rice procurement,Politics & Government
HC vindicates govt in power rebate case,Politics & Government
Cong hails court decision,Crime & Law/Judiciary
Teachers post yet to be filled up,Education & Recruitment
HLL net up; board approves merger,Business & Economy
All players resist IFCI; IDBI merger,Business & Economy
I-T department files hawala report; names Advani; Sinha,Politics & Government
Sinha offers new deal to tax payers,Business & Economy
Uma hits out at cricket board,Sports
Bangladesh Blunder,International/World
Tamil Politics,Politics & Government
Get proactive on paddy issue says CM,Politics & Government
Warangal bandh evokes lukewarm response,Politics & Government
Simhachalam temple spruced up for Chandanotsavam,"Society, Religion & Culture"
BJP to stage rallies against VMC misdeeds,Politics & Government
AP; Karnataka police to work in tandem,Crime & Law/Judiciary
Police repulse naxal attack,Defence & Security
First batch of astrology grads set to hit the market,Business & Economy
Court order on GCA president tomorrow,Crime & Law/Judiciary
Ticketgate: Govt told to set up probe panel,Crime & Law/Judiciary
Swiss envoy to call on CM today,Politics & Government
Dance festival from tomorrow,"Society, Religion & Culture"
Taiwanese President meets Ang Lee,Politics & Government
Jimmy Shergill: Marriage bliss!,"Society, Religion & Culture"
Govinda: Kin(d) gestures!,Other
Jimmy Shergill: Marriage bliss!,"Society, Religion & Culture"
Nehru Cup hockey,Sports
Sachin spends birthday in Bali,Sports
Tamil Politics,Politics & Government
Hurriyat puts a price on peace: No Pak; no talks,Politics & Government
Bangladesh blames BSF; seeks end to border row,Defence & Security
Not Apna Budget,Business & Economy
Shankara: Scholar; Teacher & Redeemer,Education & Recruitment
Sanjay Gupta: Hollywood freak!,Entertainment & Lifestyle
Cong urges Sonia to take up Telangana issue,Politics & Government
State govt seeks details of Central funding to NGOs,Politics & Government
CM pulls up S Aruna,Politics & Government
Consultant says corrupt judges have no immunity,Crime & Law/Judiciary
NGOs warned against misusing Christian names,"Society, Religion & Culture"
Blacklist contractors failing to complete work on time: CM,Politics & Government
Morality not one-sided: PM tells Cong,Politics & Government
Sonia Gandhi ko gussa kyon aata hai?,Politics & Government
Now; Indian teachers may dominate the H1B crowd,Education & Recruitment
Rogue General theory has few takers in Bangladesh,International/World
Many strings to his music,Entertainment & Lifestyle
Film corporation in bad shape,Entertainment & Lifestyle
Marriage still a battle for epilepsy patients,Health
B'lore varsity fails to stick to exam manual,Education & Recruitment
Police can video-conference now,Crime & Law/Judiciary
Political parties make a beeline for voters,Politics & Government
Frenzied activity in political circles,Politics & Government
Memories of the Mahatma a burden for us?,International/World
CBI chief to retire; but where is his successor?,Crime & Law/Judiciary
Cellular doyens plead their case with PM,Politics & Government
There's a serial killer on the Net,Entertainment & Lifestyle
Architects must be like teachers,Education & Recruitment
From Sanjay to Sonia,Politics & Government
The Bandh Wagon,Politics & Government
Misarranged marriage,"Society, Religion & Culture"
India unhappy with US leaving out Lashkar from list,International/World
V P Singh's to blame; Joshi tells Ayodhya panel,"Society, Religion & Culture"
Cong prowling around to buy BJP MLAs,Politics & Government
Court notices CM; minister over contempt,Crime & Law/Judiciary
MGP president resigns,Politics & Government
Housewife murdered in Margao,Crime & Law/Judiciary
Insurance Act: Company head must be included,Business & Economy
The Forgotten Scam,Crime & Law/Judiciary
Match Industry,Business & Economy
Tara bags best actress award,Entertainment & Lifestyle
Akshay Kumar: Signing Amitabh saves time and money!,Entertainment & Lifestyle
Students pay the price for college's mistake,Education & Recruitment
Govt willing for CBI probe into adoption home case,Crime & Law/Judiciary
His passion for golf will stump you,Sports
7 Bangloreans killed in TN accident,Crime & Law/Judiciary
Here's a school built on a vision,Education & Recruitment
Tara bags best actress award,Entertainment & Lifestyle
US consulate introduces new visa scheme,International/World
Sai Baba hospital: A refuge to millions,Health
India unhappy with US leaving out Lashkar from list,International/World
V P Singh's to blame; Joshi tells Ayodhya panel,"Society, Religion & Culture"
Cong prowling around to buy BJP MLAs,Politics & Government
Court notices CM; minister over contempt,Crime & Law/Judiciary
MGP president resigns,Politics & Government
Housewife murdered in Margao,Crime & Law/Judiciary
Insurance Act: Company head must be included,Business & Economy
The Forgotten Scam,Crime & Law/Judiciary
Match Industry,Business & Economy
Tara bags best actress award,Entertainment & Lifestyle
Akshay Kumar: Signing Amitabh saves time and money!,Entertainment & Lifestyle
Vashu Bhagnani: No music please!,Entertainment & Lifestyle
Students pay the price for college's mistake,Education & Recruitment
Govt willing for CBI probe into adoption home case,Crime & Law/Judiciary
His passion for golf will stump you,Sports
7 Bangloreans killed in TN accident,Crime & Law/Judiciary
Here's a school built on a vision,Education & Recruitment
Tara bags best actress award,Entertainment & Lifestyle
US consulate introduces new visa scheme,International/World
Bush sending envoy to argue NMD case,Other
Vajpayee sups with Advani; seeks truce,Politics & Government
Bush sending envoy to argue NMD case,Other
Vajpayee sups with Advani; seeks truce,Politics & Government
Amitabh Bachchan: Star Plus success!,Entertainment & Lifestyle
Amitabh Bachchan: Star Plus success!,Entertainment & Lifestyle
Global campaign to improve the lot of children,International/World
India giving up its global nanny role; say experts,International/World
Govinda gets 'court ka jhatka' over Mirinda ad,Crime & Law/Judiciary
US Hindus take on McDonald's over French fries,International/World
Alliterative Politics,Politics & Government
Raveena Tandon has a blast!,Other
Film City Studios renamed!,Entertainment & Lifestyle
Pasta-pizza habit the perfect sure-starter for Squillari,Other
Chinese Taipei; India share day one honours,Business & Economy
Drought takes Govt by surprise. Again.,Weather & Disaster
How two babudoms ruined the fate of lakhs of depositors,Other
When govt moved at speed of thought,Politics & Government
Conventional sweep at non-conventional way,Other
Proceedings dropped against 21 in Ayodhya case,"Society, Religion & Culture"
US dangles military cooperation carrot to India,International/World
US voted off UN human rights panel; Pakistan in,International/World
Wasteminister Model,Entertainment & Lifestyle
Formula Film,Entertainment & Lifestyle
Cops dread doctors in morgues,Health
Distress sale of mangoes in Vijayawada market,Business & Economy
Govt to hand over Rs 15-cr to Gujarat quake victims,Politics & Government
DYFI happy over hospital shifting,Health
JAC hails CM's gesture,Politics & Government
Caribbean shores beckon medical students,Health
PIL against govt on Madhavpura bank issue,Business & Economy
Another sandalwood tree felled on MSU campus,Education & Recruitment
Another case of CAS violation on MSU campus,Education & Recruitment
Petrol becomes cheaper; diesel dearer,Business & Economy
Probe ordered into death of sparrows,Crime & Law/Judiciary
Power scam: Ex-minister grilled,Crime & Law/Judiciary
Bribery case: Bail for Khemlo rejected,Crime & Law/Judiciary
Search still on for wicketkeeper: Ganguly,Sports
Indian Airlines cricket cup,Sports
Injured Dhanraj to miss World Cup qualifiers,Sports
Search still on for wicketkeeper: Ganguly,Sports
Fardeen Khan remanded to NCB custody till May 18,Crime & Law/Judiciary
Karunanidhi still has to fight MGR here,Politics & Government
Aamir wants to play chess with Vishwanathan Anand,Sports
Political storm brewing in state,Weather & Disaster
Car driver responsible for accident: CM,Politics & Government
Minister urges YSR not to provoke farmers,Politics & Government
Govt to announce welfare package for Telangana,Politics & Government
Boost for BJP,Politics & Government
Court rules in favour of MSU,Crime & Law/Judiciary
Left Front leaders start smiling again,Politics & Government
Plot to kill Tejpal part of larger conspiracy: PM,Politics & Government
Did govt want Hindujas to represent it?,Politics & Government
Games leaders play: Why PM said YES to Uma's NO,Politics & Government
Daler's album insults Islam; say Muslim groups,Entertainment & Lifestyle
Smart cards for govt employees soon,Politics & Government
Fissures enter service industry,Business & Economy
CM submits breach of privilege notice to citizen,Politics & Government
Another robbery case in Margao; Rs 4.27 lakh looted,Crime & Law/Judiciary
CM's deadline up; but cable mess remains,Politics & Government
Adoption racket: State open to CBI probe,Crime & Law/Judiciary
Raj kidnap: Unkept promises irk Tamils,Crime & Law/Judiciary
Polls not a referendum on NDA govt: Advani,Politics & Government
Bellary fiasco shocks Sonia,Politics & Government
BJP postmortem today,Politics & Government
Night power for farmers begins on trial basis,Crime & Law/Judiciary
Fresh arrest warrants against Laloo; Mishra,Crime & Law/Judiciary
Cong office-bearer gets conditional bail,Crime & Law/Judiciary
This Cong MLC cares a damn for CM,Politics & Government
Recurrent fish deaths force govt to wake up,Politics & Government
What went wrong? BJP ponders,Politics & Government
Travel agency employee murdered in B'lore,Crime & Law/Judiciary
Sonia refuses to meet ministers; party workers,Politics & Government
A masterplan to stop flooding,Weather & Disaster
All for a song,Entertainment & Lifestyle
Debate on Jaya becoming CM absurd: Advani,Politics & Government
65% turnout in Assembly polls; repoll ordered in 75 polling stations,Politics & Government
Army plays wargames; but discounts N-attack,Defence & Security
FDI in defence opens up Pandora's box,Business & Economy
Fardeen Khan released on bail,Crime & Law/Judiciary
Hi-tech hospital to come up by 2002,Health
Govt action against bank politically motivated,Business & Economy
Krishna to take 'Silicon Valley' to US,International/World
Hundreds of schools fail to provide SSLC results,Education & Recruitment
2 BCC school girls among SSLC exams toppers,Education & Recruitment
Global tenders invited for NGEF privatisation,International/World
It's time for wholesome cricket,Sports
65% turnout in Assembly polls; repoll ordered in 75 polling stations,Politics & Government
Army plays wargames; but discounts N-attack,Defence & Security
FDI in defence opens up Pandora's box,Business & Economy
Fardeen Khan released on bail,Crime & Law/Judiciary
Feared Beard,Other
Hi-tech hospital to come up by 2002,Health
Govt action against bank politically motivated,Business & Economy
Krishna to take 'Silicon Valley' to US,International/World
Hundreds of schools fail to provide SSLC results,Education & Recruitment
2 BCC school girls among SSLC exams toppers,Education & Recruitment
Global tenders invited for NGEF privatisation,International/World
It's time for wholesome cricket,Sports
Tie-ups bring foreign medical expertise to B'lore,Health
Delay in projects raises CM's hackles,Politics & Government
Richmond flyover trial ends,Crime & Law/Judiciary
MLA criticised for filing litigation,Politics & Government
Judge to query CET Cell director,Crime & Law/Judiciary
SC to CBI: What do you want to do with Hindujas?,Crime & Law/Judiciary
End polygamy; Muslim woman pleads with SC,"Society, Religion & Culture"
Neeru Meeru to be made a people's movement: CM,Politics & Government
20 Cong leaders arrested during stir,Crime & Law/Judiciary
Fiddling With FDI,Business & Economy
Karuna for Jaya,Politics & Government
Bomb scare in Lodhi Gardens,Defence & Security
Hindujas say CBI plea premature,Crime & Law/Judiciary
HC grants bail to Olga's aide,Crime & Law/Judiciary
Custody death charges against SI after 14 years,Crime & Law/Judiciary
Demand for private protection on the rise,Other
Dentist's wife murdered,Crime & Law/Judiciary
Fiddling With FDI,Business & Economy
Centre stalls CBI move on Ayodhya,Crime & Law/Judiciary
US has its very own Laloo,International/World
Karuna for Jaya,Politics & Government
Fiddling With FDI,Business & Economy
SSLC results: the agony continues,Education & Recruitment
Hotel Ashok murder: Cops find suspects' photos,Crime & Law/Judiciary
Bank hikes interest on deposits for senior citizens,Business & Economy
Poll win celebration leads to violence,Politics & Government
World Billava Conference inaugurated in Udupi,International/World
Rs 120 cr for water scheme in Belgaum: CEO,Business & Economy
Encroachments threaten 900-year-old temple,"Society, Religion & Culture"
Foreign Arder,International/World
CM inspects oil spillage,Politics & Government
CM apologises for delay in cable work,Politics & Government
Let's crawl beneath the flyover till Dalwai gets CM to inaugurate it,Politics & Government
Row over snub to MP at counting centre,Politics & Government
Woman murdered by son; daughter-in-law,Crime & Law/Judiciary
Popularise coffee consumption: Minister,Politics & Government
Post-surgery; she feels 'light',Health
Delay in reappointment of AI director raises eyebrows,Entertainment & Lifestyle
Raymonds eyes European ready-to-wear market,Business & Economy
Poes Garden celebrates 'people's verdict',Crime & Law/Judiciary
Jayalalitha sworn in as chief minister,Politics & Government
Cricket team to rake in more moolah with new deal,Sports
Puratchi Politics,Politics & Government
Question of Conviction,Crime & Law/Judiciary
Indian Islam Shares Our Common Heritage,Business & Economy
Govt may take over co-op bank,Business & Economy
People have rejected NDA: Faleiro,Politics & Government
Hi-tech hospital coming up in Panaji,Health
Company gets ISO 9001,Business & Economy
Aishwarya; Hrithik pair up for new Sippy film,Entertainment & Lifestyle
NDA's credibility dented: Hegde,Politics & Government
Don't freeze: Here are some cold facts on ice,Other
Govt to streamline SSLC data processing procedure,Politics & Government
Antony elected Kerala chief minister,Politics & Government
Pak not yet in rogues gallery; says US,International/World
Advani blames Rao govt for Ayodhya crisis,"Society, Religion & Culture"
BJP turns to RSS in search for lost ideology,Politics & Government
Sonia holds olive branch to Jaya,Politics & Government
Former SC Judge endorses Jaya's chief ministership,Crime & Law/Judiciary
Chidambaram threatens to take CM issue to court,Crime & Law/Judiciary
Antony made CM; after a few hiccups,Politics & Government
Antony to UDF: don't get drunk on power,Politics & Government
Don't write us off; Musharraf tells US,International/World
Verdict a wake-up call; no threat: PM,Crime & Law/Judiciary
Govt will fall under own weight: BMS,Politics & Government
Cong must bring draft on Ram temple: Puri seer,"Society, Religion & Culture"
Rama Devi questions CBI's credibility,Crime & Law/Judiciary
BPCC seeks PM's resignation,Politics & Government
Matric results out; BSEB goes online,Education & Recruitment
Dowry death accused creates scene in court,Crime & Law/Judiciary
Bhojpur district board poll results announced,Education & Recruitment
Ex-minister arrested on corruption charges,Crime & Law/Judiciary
Crime rate soars; Goans seek 'cover',Crime & Law/Judiciary
Court will keep out of police probe,Crime & Law/Judiciary
Pre-monsoon works begin,Weather & Disaster
Debate on tax and hotel industry,Business & Economy
Nellamakkada hockey set to enter Guinness Book,Sports
Underdogs Pakistan banking on history,International/World
Nellamakkada hockey set to enter Guinness Book,Sports
Chess championship,Sports
Cong to form govt with AIADMK support in Pondy,Politics & Government
Karunanidhi pacifies cadres,Politics & Government
Sangh sharpens knives against Vajpayee,Politics & Government
Six Army officers in found guilty in Armsgate,Defence & Security
India; China discuss Bush's missile shield,Defence & Security
Antony sworn in Kerala chief minister,Politics & Government
SC says forfeit corrupt officers' property,Crime & Law/Judiciary
Sangh sharpens knives against Vajpayee,Politics & Government
Six Army officers in found guilty in Armsgate,Defence & Security
India; China discuss Bush's missile shield,Defence & Security
Antony sworn in Kerala chief minister,Politics & Government
SC says forfeit corrupt officers' property,Crime & Law/Judiciary
Bengal govt spins a woeful pattern for weavers,Politics & Government
Poverty of policy; scarcity of will,Politics & Government
Antony is new CM,Politics & Government
Karunanidhi pacifies cadres,Politics & Government
Nellamakkada hockey set to enter Guinness Book,Sports
CET students see a kind Karnataka,Education & Recruitment
Employers better listen to court orders,Crime & Law/Judiciary
Bengal govt spins a woeful pattern for weavers,Politics & Government
Atwal earns share of first round lead,Business & Economy
CET results to be announced on June 10,Education & Recruitment
2 arrested for selling fake CET question papers,Crime & Law/Judiciary
Petition challenging budget proposal adjourned,Business & Economy
Poverty of policy; scarcity of will,Politics & Government
Krishna will not meet M'rashtra CM over border issue,Defence & Security
Cong to form govt with AIADMK support in Pondy,Politics & Government
Chasing a thousand-rupee note,Business & Economy
SC says forfeit corrupt officers' property,Crime & Law/Judiciary
PM allays fears on farmers' rights under WTO,Politics & Government
Patient Process,Health
BJP falls by the wayside,Politics & Government
CM sets the police on VIPs,Crime & Law/Judiciary
RBI asked to probe bank scam,Crime & Law/Judiciary
Govt; Konkan Rail Corporation don't see eye to eye,Politics & Government
Police to target 'matka' kingpins,Crime & Law/Judiciary
CM to be briefed on road works,Politics & Government
Govt lifts port-linked curbs on imports,Business & Economy
Russia launches space station supply vessel,International/World
Chinese HIV+ family seek compensation,Health
Blair pledges health care boost,Health
Steps to categorise world wide banana varieties,International/World
Narayana Murthy - IT industry's superstar,Business & Economy
1 dead; 2 injured as bomb from scrap explodes,Defence & Security
'Punjab ministers don't pay income tax',Business & Economy
HVPN removes peak load restrictions on industry,Business & Economy
RBI asked to probe bank scam,Crime & Law/Judiciary
Use technology; cut costs is new corporate credo,Business & Economy
HVPN removes peak load restrictions on industry,Business & Economy
Vajpayee government directionless: Pawar,Politics & Government
CM sets the police on VIPs,Crime & Law/Judiciary
Confusion prevails over tackling cyber crime,Crime & Law/Judiciary
Govt; Konkan Rail Corporation don't see eye to eye,Politics & Government
Steps to categorise world wide banana varieties,International/World
Laloo for Indo-Pak cricket match in Patna,Sports
Govt lifts port-linked curbs on imports,Business & Economy
More financial aid for food processing industry: CM,Business & Economy
CM to be briefed on road works,Politics & Government
Police to target 'matka' kingpins,Crime & Law/Judiciary
'Punjab ministers don't pay income tax',Business & Economy
'Enron's allegations will hurt foreign investment',Business & Economy
UT admn sets up committee to decide property tax,Business & Economy
Patient Process,Health
BJP falls by the wayside,Politics & Government
1 dead; 2 injured as bomb from scrap explodes,Defence & Security
Ketan Parekh; Pandya granted bail,Crime & Law/Judiciary
Blair pledges health care boost,Health
Lalit Yadav; associates acquitted in Baitha torture case,Crime & Law/Judiciary
CM for timely completion of anti-flood schemes,Weather & Disaster
Police fail to arrest accused in Kamalia case,Crime & Law/Judiciary
Munger trader shot in busy market area,Business & Economy
Chinese HIV+ family seek compensation,Health
Salaam; doctor,Health
Russia launches space station supply vessel,International/World
Need to boost exports; says bank head,Business & Economy
Copycat Culture?,"Society, Religion & Culture"
Shah Rukh Khan loses out on Ghai's film,Entertainment & Lifestyle
Poes and con,Other
Poisoning killed mass death of fish,Crime & Law/Judiciary
Fishermen net big haul from KRS dam temple,"Society, Religion & Culture"
12 join Antony Cabinet,Politics & Government
Ex-MLA warns against quotas,Politics & Government
CM to lay foundation for state-of-the-art hospital,Health
Gulshan Grover keeps 'pretty' company,Business & Economy
Pilgrim's Progress,"Society, Religion & Culture"
New minister seeks everybody's blessings,Politics & Government
RBI plans drive to end coin shortage,Business & Economy
Minister warns officials against negligence,Politics & Government
Marriage and work does wonders to Ashutosh Rana,"Society, Religion & Culture"
Students retain hope in IT industry,Education & Recruitment
Fire N Ice owner Rajiv Shah; 7 others arrested,Crime & Law/Judiciary
Order on foreigners in India to be re-examined,Education & Recruitment
Gujarat braces as cyclone gathers strength,Weather & Disaster
All the World In a Basket!,International/World
Understanding AIDS,Health
Straight Answers,Other
New police commissioner for Coimbatore,Crime & Law/Judiciary
Has Antony resigned himself to fate?,Politics & Government
One-month-old to undergo surgery,Health
Commercial tax department computerised,Business & Economy
Russian universities seek Indian students,Education & Recruitment
Doctor-gentleman of a different era,Health
Sanjay's new serial to focus on Sepoy Mutiny,Entertainment & Lifestyle
Bhujbal; Chavan clash over tax break for multiplexes,Business & Economy
AICC to probe Amrinder's role in case against Bhattal,Crime & Law/Judiciary
Are US 64's sunny days over?,International/World
Govt to modernise Army ordnance depots,Defence & Security
CM to lay foundation for eye hospital in Mysore,Health
Semester system will help students; teachers,Education & Recruitment
State one up on AP in IT sector; claims minister,Politics & Government
New police commissioner for Coimbatore,Crime & Law/Judiciary
Decentralisation has not come about in the health sector,Health
Copycat Culture?,"Society, Religion & Culture"
Has Antony resigned himself to fate?,Politics & Government
TULF assails Govt over LTTE ban issue,Politics & Government
Autopsy report confirms murder,Crime & Law/Judiciary
Berth quota for Gaya raised in many trains,Politics & Government
Mumbaiites to take traffic rules head on,Other
5 tribals killed and 40 injured in highway mishap,Crime & Law/Judiciary
New food minister is without an office,Politics & Government
CBI seeks MEA file in Pillai death case,Crime & Law/Judiciary
Tree smuggling racket busted,Crime & Law/Judiciary
US-based firm allowed to be impleaded as a party in a PIL,International/World
Ayodhya may force BJP to advance UP poll,"Society, Religion & Culture"
Gujarat braces as cyclone gathers strength,Weather & Disaster
Commercial tax department computerised,Business & Economy
Russian universities seek Indian students,Education & Recruitment
3 new frigates to strengthen Indian Navy,Defence & Security
Talk of Advani becoming dy PM an attempt to divide BJP,Politics & Government
Sanjay's new serial to focus on Sepoy Mutiny,Entertainment & Lifestyle
Vajpayee's letter to Musharraf angers Mulayam,Politics & Government
Bihar govt mishandled Baitha case: Modi,Politics & Government
Kashmiri Sikhs protest forced entry into Sikh home,"Society, Religion & Culture"
NACO declares HIV; AIDS epidemics,Health
Unnao factory toll rises to 9; probe ordered,Crime & Law/Judiciary
One-month-old to undergo surgery,Health
State school education department achieves landmark,Education & Recruitment
BJP legislators waiting to switch loyalty,Politics & Government
Delhi becoming centre for banned animal items trade,Business & Economy
Net result: CBSE expects record hits,Education & Recruitment
Academicians wary of UGC's plans for courses in human consciousness,Education & Recruitment
All the World In a Basket!,International/World
Give us jobs; say displaced families,International/World
India-Bangladesh drag their feet on talks,International/World
Minister's remark not baseless; says FCI official,Politics & Government
Software pros look to Switzerland; quota up by 11;000,Politics & Government
65;000 candidates to take IIIT exams on May 30,Education & Recruitment
Smuggled wheat flowing into city markets,Crime & Law/Judiciary
CBI probing A-I's Mascarenhas,Crime & Law/Judiciary
Rs 40 lakh grant to complete 86 school buildings,Education & Recruitment
Workshop on challenges before dalits today,"Society, Religion & Culture"
Ram temple construction to begin by March 2002: VHP,"Society, Religion & Culture"
Understanding AIDS,Health
Series on police stations: Amherst Street Police Station,Crime & Law/Judiciary
HC notices to Centre; ASI; Delhi govt on encroachment,Politics & Government
US visit won't be piece of cake for Krishna,International/World
Cyclone heading straight for Dwarka,Weather & Disaster
President's rule likely in Manipur,Politics & Government
Net result: CBSE website a big hit,Education & Recruitment
Jaya wants corruption cases against MK reopened,Crime & Law/Judiciary
Earthquake Relief,Weather & Disaster
US visit won't be piece of cake for Krishna,International/World
Are murders petty crimes; Mr Chief Minister?,Politics & Government
Mussanje adjudged best Kannada film,Entertainment & Lifestyle
Women take to hard crime,Crime & Law/Judiciary
SP flays UGC decision on Sanskrit classes,Education & Recruitment
Probe ordered into collapse of storm gate,Weather & Disaster
Dalit Muslims join reservation issue; demand share,Business & Economy
BJP prepares own report on MCD breakup,Politics & Government
Govt employees' national strike on July 25,Politics & Government
Controversies dog panchayat poll counting,Politics & Government
Dacoities: Police teams for 2 states,Crime & Law/Judiciary
CBI closes cheating case against MEA officials,Crime & Law/Judiciary
Girl commits suicide after failing in Board exams,Education & Recruitment
Nritya Gopal Das hurt in bomb attack,Defence & Security
All for meaningful Cinema,Entertainment & Lifestyle
Jaya wants corruption cases against MK reopened,Crime & Law/Judiciary
MP's stir worsens power crisis in Madhubani,Politics & Government
Panja not in Trinamul delegation to meet President,Politics & Government
Govt grilled for misuse of funds by ministers,Politics & Government
Cong launches fresh assault on Babri Masjid issue,Crime & Law/Judiciary
Dismal health scenario for women in UP,Health
Several Congress men join SP,Politics & Government
Mamata at political cross-roads,Politics & Government
Delhi Police team to assist Tehelka probe,Crime & Law/Judiciary
Govt drags feet on changing farmland succession law,Politics & Government
Govt to build houses under WB scheme,Politics & Government
Concern over attack on film crew,Entertainment & Lifestyle
BJP protests against hike in power tariff,Business & Economy
CBI vetting papers in Mascarenhas case,Crime & Law/Judiciary
Congress forum ups the ante on Telangana,Politics & Government
CBSE results: 3 super-ability schools lead the fray,Education & Recruitment
Minister Ramai Ram's revolt fizzles out,Politics & Government
Leading industrialist R P Goenka meets CM,Politics & Government
CM meets farmer representatives,Politics & Government
Govt vs private schools: The results say it all,Education & Recruitment
Britain hopeful on Vajpayee-Musharraf meet,International/World
Workshop underscores importance of mental health,Health
Early monsoon likely in Uttar Pradesh,Weather & Disaster
BJP; Samata to stay out of Manipur govt,Politics & Government
MCC storms police station; constable killed,Crime & Law/Judiciary
Eye hospital in pathetic condition,Health
Tamil Tigers blame Govt for impasse,Politics & Government
Minister orders action against engineer,Politics & Government
Four govt offices to shift,Politics & Government
VHP to begin Ram temple construction in March 2002,"Society, Religion & Culture"
Jaya to ask PM to revive graft case against Karunanidhi,Politics & Government
Govt directive to implement Maharashtra Groundwater Act,Politics & Government
Legislature session from July 11,Other
Constitutional rights of dalits at stake,"Society, Religion & Culture"
Earthquake Relief - Survivors Need Half-Way Homes,Weather & Disaster
Heal the world make it a better place,International/World
Bharat Shah's son released on bail,Crime & Law/Judiciary
MP sanctions Rs 1.4 cr for roads,Politics & Government
Cyclone likely to strike Gujarat coast on Tuesday,Weather & Disaster
Attack on mahant to vitiate communal harmony,"Society, Religion & Culture"
Sensex stays in the bull zone; gains 60 points,Business & Economy
FIR against Tyagi a relief for human rights activists,Crime & Law/Judiciary
Mussanje adjudged best Kannada film,Entertainment & Lifestyle
Kanoria Jute Mill workers to launch militant trade unionism,Defence & Security
Govt warning on potholes,Politics & Government
Sparks likely to fly in Assembly,Politics & Government
Avoid the media; Left Front's new mantra,Politics & Government
CBSE results: Capital performs a wee bit better,Education & Recruitment
Rotary award for Dharwad doctor,Health
Hurriyat should not be made part of talks: CWC,Politics & Government
Govt fritters chances of a dialogue on big dams,Politics & Government
SAIL cuts losses by half,Business & Economy
Women take to hard crime,Crime & Law/Judiciary
Corruption paralyses Shimoga hospital,Crime & Law/Judiciary
Fate of BNMU P-G students hangs in balance,Education & Recruitment
Are murders petty crimes; Mr Chief Minister?,Politics & Government
UN environment programme inducts ITRC,International/World
Jaswant against Musharraf meeting Hurriyat,Politics & Government
Statement on teachers' salary ordered,Education & Recruitment
Railway plans privatisation of health services,Health
UGC to regulate entry of foreign universities,Education & Recruitment
Britain hopeful on Vajpayee-Musharraf meet,International/World
Net makes CBSE results a big hit,Education & Recruitment
India can take us to Mars: Moon man,International/World
Sonia to monitor Operation UP,Politics & Government
Corporator accuses Sena leader of hatching a plot against her,Politics & Government
Rly minister rules out increase in passenger fare,Politics & Government
VHP move will lead to civil strife: Puri seer,Politics & Government
Musharraf accepts Vajpayee's invitation,Politics & Government
Priyanka going great guns in Bollywood,Entertainment & Lifestyle
Two persons were involved in CGO grenade attack,Defence & Security
We were beaten up in the police station,Crime & Law/Judiciary
Kidnappers' gang busted; three held,Crime & Law/Judiciary
Students lodge complaint against computer firm,Education & Recruitment
HC asks MCI president Ketan Desai to step down,Politics & Government
Police hope to manage traffic with posters,Crime & Law/Judiciary
For CBSE topper the phone hasn't stopped ringing,Education & Recruitment
CBSE secy stresses need to replace exam system,Education & Recruitment
Delhi Govt drive to clean Yamuna starts on June 1,Politics & Government
New block opened at Bowring Institute,Other
Indian Railway plans privatisation of health services,Health
VHP move will lead to civil strife: Puri seer,Politics & Government
Musharraf accepts Vajpayee's invitation,Politics & Government
CM pacifies agitated state ministers,Politics & Government
Movie buffs settle for recycled fare,Entertainment & Lifestyle
Break waters soon for Ullal: MLA,Politics & Government
Priyanka going great guns in Bollywood,Entertainment & Lifestyle
Minister meets police officers,Crime & Law/Judiciary
Two persons were involved in CGO grenade attack,Defence & Security
CBSE Class X results declared ahead of schedule,Education & Recruitment
17 teams to vie for top honours in Police Cup,Crime & Law/Judiciary
Mamata huddles with TC leaders after snub from PM,Politics & Government
Till death do us apart,International/World
CM cancels trip to get things right at home,Politics & Government
Two persons were involved in CGO grenade attack,Defence & Security
Student leaders term fee hike counter-productive,Education & Recruitment
Ending ceasefire was no good move: Mufti,Defence & Security
Police hope to manage traffic with posters,Crime & Law/Judiciary
Nehru Place to get hi-tech parking lot,Other
BU panel constituted to make results hassle-free,Education & Recruitment
Priyanka going great guns in Bollywood,Entertainment & Lifestyle
CM cancels trip to get things right at home,Politics & Government
World meet on IVF from June 1,International/World
Police hope to manage traffic with posters,Crime & Law/Judiciary
For CBSE topper the phone hasn't stopped ringing,Education & Recruitment
VHP warns against job quota for Muslims,Politics & Government
Police launches massive hunt for extremists,Crime & Law/Judiciary
We were beaten up in the police station,Crime & Law/Judiciary
Fresh spell of thunder; dust storm in 24 hours,Weather & Disaster
Kidnappers' gang busted; three held,Crime & Law/Judiciary
No housing quota for Jharkhand officials,Politics & Government
Till death do us apart,International/World
NH 31A should be open irrespective of bandh: CM,Politics & Government
Musharraf accepts Vajpayee's invitation,Politics & Government
17 teams to vie for top honours in Police Cup,Crime & Law/Judiciary
Joshi visits military hospital,Health
Cyclone heading straight for Dwarka,Weather & Disaster
Priyanka going great guns in Bollywood,Entertainment & Lifestyle
Mamata huddles with TC leaders after snub from PM,Politics & Government
CBSE Class X results declared ahead of schedule,Education & Recruitment
VHP warns against job quota for Muslims,Politics & Government
Cong raps TDP MP for blaming Nizams for Telangana backwardness,Politics & Government
Student leaders term fee hike counter-productive,Education & Recruitment
Jayalalitha trains guns on Stalin,Politics & Government
CM pacifies agitated state ministers,Politics & Government
Cong raps TDP MP for blaming Nizams for Telangana backwardness,Politics & Government
Rly minister rules out increase in passenger fare,Politics & Government
HC asks MCI president Ketan Desai to step down,Politics & Government
TN govt trains guns on Stalin,Politics & Government
Kidnappers' gang busted; three held,Crime & Law/Judiciary
Panchayat results make mockery of election rules,Education & Recruitment
Students lodge complaint against computer firm,Education & Recruitment
Mamata 'shell-shocked' by PM's word,Politics & Government
'Budget on basis of Left Front's poll manifesto',Business & Economy
Joshi visits military hospital,Health
Panchayat results make mockery of election rules,Education & Recruitment
What makes the world go round,International/World
A Dalit poet in Berlin,"Society, Religion & Culture"
Students lodge complaint against computer firm,Education & Recruitment
PM rules out Mamata's return to NDA fold,Politics & Government
Delhi Govt drive to clean Yamuna starts on June 1,Politics & Government
Fresh spell of thunder; dust storm in 24 hours,Weather & Disaster
Shake-up soon to make BJP 'more purposive',Politics & Government
Fisherman killed,Crime & Law/Judiciary
CBSE secy stresses need to replace exam system,Education & Recruitment
City lad becomes youngest director at Hilton HQ,Entertainment & Lifestyle
Chamling seeks help of industry captains,Business & Economy
BU panel constituted to make results hassle-free,Education & Recruitment
Indian Railway plans privatisation of health services,Health
Cyclone heading straight for Dwarka,Weather & Disaster
No housing quota for Jharkhand officials,Politics & Government
BJP gearing up for Assembly polls,Politics & Government
Gang runs amok inside cinema hall,Entertainment & Lifestyle
Bad tennis; temper oust top seed Uebel,Sports
Police launches massive hunt for extremists,Crime & Law/Judiciary
World meet on IVF from June 1,International/World
Minister meets police officers,Crime & Law/Judiciary
Govt to protect 'wetlands' in the state,Politics & Government
HC asks MCI president Ketan Desai to step down,Politics & Government
We were beaten up in the police station,Crime & Law/Judiciary
reak waters soon for Ullal: MLA,Politics & Government
Gang runs amok inside cinema hall,Entertainment & Lifestyle
Delhi Govt drive to clean Yamuna starts on June 1,Politics & Government
TN govt trains guns on Stalin,Politics & Government
City lad becomes youngest director at Hilton HQ,Entertainment & Lifestyle
BJP gearing up for Assembly polls,Politics & Government
Fisherman killed,Crime & Law/Judiciary
Hard selling Mumbai in Dubai,Other
Bad tennis; temper oust top seed Uebel,Sports
CT; MRI centre for KMC hospital,Health
NDA commandant reviews ceremonial parade,Politics & Government
A Dalit poet in Berlin,"Society, Religion & Culture"
What makes the world go round,International/World
CBSE secy stresses need to replace exam system,Education & Recruitment
CT; MRI centre for KMC hospital,Health
No automatic music for this Paapa,Entertainment & Lifestyle
For CBSE topper the phone hasn't stopped ringing,Education & Recruitment
Movie buffs settle for recycled fare,Entertainment & Lifestyle
No automatic music for this Paapa,Entertainment & Lifestyle
Nepal's gripping tale of sorrow,International/World
Indo-US Ties: Denim; Denim ka Bandhan?,International/World
Bitter Indian pill for US pharma majors,International/World
Aamir Khan: The taxman cometh!,Entertainment & Lifestyle
The free trade flip-flop,Business & Economy
Life is busy for chicken doctors,Health
Militants flee Kupwara mosque; 7 killed in J&K,Defence & Security
Temple in Wilson Garden razed,"Society, Religion & Culture"
Manipur police firing victims cremated,Crime & Law/Judiciary
Centre unveils bailout package for Madhavpura Bank,Business & Economy
Musharraf acquires fig-leaf of legitimacy,Politics & Government
Congress raps CM for 'false' assurances,Politics & Government
MLA's arrests dominates proceedings,Crime & Law/Judiciary
Sadr-e-Pakistan,International/World
Nationwide bank strike on July 4,Business & Economy
Naga students offer support to Manipuris,Education & Recruitment
ITA to launch export promotion drive,Business & Economy
Infosys chief showers funds on IIT; Kanpur,Education & Recruitment
New web offering from Satyam for Indian exporters,Business & Economy
Punjab Univ Teachers' Assn; VC talks break down,Education & Recruitment
CBI to chargesheet former BPSC chairman,Crime & Law/Judiciary
HC restrains govt from recovering whisky's price difference,Politics & Government
Police frustrated over Shikha's prosecution,Crime & Law/Judiciary
Tea talks during Musharraf's visit,Politics & Government
M&M to don sportier image; import Lotus Elise,Business & Economy
Congress bid to woo Dalits,"Society, Religion & Culture"
Manipur MLAs not to resign immediately,Politics & Government
BNP Paribas may acquire an Indian bank,Business & Economy
Cong seeks ouster of BJP-led state Govt,Politics & Government
Two killed in road mishaps,Crime & Law/Judiciary
Crude oil production skids this fiscal,Business & Economy
Indian TV channels shaped public opinion in Nepal,International/World
Hoax bomb call to airline lands Pune boy in trouble,Defence & Security
Backward Muslims ready to support BJP in UP,Politics & Government
Students learn a lesson; skip coaching classes,Education & Recruitment
Owner of travel agency; five workers arrested,Crime & Law/Judiciary
Gujarat govt to provide TV sets to MLAs,Politics & Government
People attack police; Transco teams,Crime & Law/Judiciary
Weak monsoon dampens farmers' spirit,Weather & Disaster
Sanctions against Pak to go on basis of merits: US,International/World
AP has not violated Bachawat award: Minister,Politics & Government
HHCL shareholders oppose merger,Business & Economy
New committee to modernise state police,Crime & Law/Judiciary
Defence submission for cross-examination rejected,Education & Recruitment
Minister rules out hike in petro prices,Politics & Government
Govt nod for 13 pvt parties to start air services,Politics & Government
Exam results claim lives of three girls,Education & Recruitment
BSP MP charges SEBI with 'unwillingness' to probe RPL,Crime & Law/Judiciary
Wait for admission cut-off lists begins,Education & Recruitment
FIPB clears 32 FDI proposals worth Rs 477 cr,Business & Economy
LG launches healthcare products,Health
Jaswant holds talks on bilateral trade; WTO,Business & Economy
Hurriyat sees smooth Indo-Pak talks,Politics & Government
Wife accused of masterminding man's murder,Crime & Law/Judiciary
'Insensitive reporting compounded Nepal's woes',International/World
Global infocom players to provide Net through WAP,International/World
Tracing the 'line' of corruption,Crime & Law/Judiciary
Rs 10 for lakh police pensioners,Crime & Law/Judiciary
Nepal Oppn blasts govt for tightening security law,International/World
Sinister Minister; Tattoo are favourites,Politics & Government
PCB workers on strike; demand Sena leader's arrest,Crime & Law/Judiciary
Musharraf visit: Club plans post card drive,Politics & Government
BJP suspects Samata hand in violence,Politics & Government
Invest in small savings schemes: Minister,Politics & Government
TDP; BJP hold tie-up talks ahead of local polls,Politics & Government
Member trespasses into president's chamber,Politics & Government
Varsity student hurt in hostel shooting,Education & Recruitment
Telengana issue may cost Congress dear,Politics & Government
Musharraf's wife invited to Lucknow,Politics & Government
More constructions; more malaria cases,Health
Koijam for united front to counter ceasefire,Defence & Security
Teachers plan dharna to demand arrears,Education & Recruitment
Bush keen on improved Indo-US ties,International/World
Bail to accused in IIIT 'fixing' case,Crime & Law/Judiciary
Software parks question Satyam's export revenues,Business & Economy
Progress from shaky building to leaky roof,Other
BJP busy watering grassroots,Politics & Government
8 global FIs join RPL's $500 m loan syndicate,International/World
Century Enka plans upgradation,Sports
Musharraf takes oath as president,Politics & Government
Lower duty spells doom for leather goods industry,Business & Economy
Bereaved naxalite has no visitors,Defence & Security
Yet another minister delays flight,Politics & Government
Jaswant holds talks on bilateral trade; WTO,Business & Economy
Commonwealth; UK flay Musharraf move,International/World
NCP to support DF govt on Enron issue: Pawar,Politics & Government
It's a weak monsoon for Bangalore so far,Weather & Disaster
Cop commits suicide in police station,Crime & Law/Judiciary
Gogoi apprehensive over ceasefire,Defence & Security
Govt mishandled Naga ceasefire issue: Samata,Defence & Security
Play active role; Medical college principals told,Health
Fear of fire hangs heavy over Crawford Market,Business & Economy
Indian tea industry has its cups full,Business & Economy
Yamaha appeals against fake bikes from China,International/World
Undertrials benefit from court-in-jail experiment,Crime & Law/Judiciary
Govt scheme to computerise courts,Politics & Government
Restoring fiscal credibility is CM's top priority,Politics & Government
Police verifying background of Tendulkar home intruders,Sports
High-profile team aids kidnappers,Crime & Law/Judiciary
A-I to present profitable budget for 2001-02,Business & Economy
Opening salvos in Sino-Japanese trade war,Business & Economy
Software parks question Satyam's export revenues,Business & Economy
Bomb attack: 3 more arrested,Defence & Security
PCMC property tax collection to go online,Business & Economy
Heavy infiltration of foreign militants in Poonch,Defence & Security
Agha's protection from arrest extended,Crime & Law/Judiciary
US lends ears to India on steel,International/World
Royal Gladiator wins Colts Trial Stakes,Crime & Law/Judiciary
Rupee ends mildly higher against dollar,Business & Economy
Tyagi alleges humiliation: HC to hear govt today,Politics & Government
Lanka parliament wins battle against judiciary,Politics & Government
Security to be tightened at US embassy,International/World
Snow Dew heads list in race for Derby sash,Sports
India's shadow grows on chess board,Sports
Govt restricts movement of mediapersons,Politics & Government
Chandrika Govt loses majority,Politics & Government
JK Assembly elections before October end: Sagar,Politics & Government
Advani to meet Manipur political parties,Politics & Government
Minister shielding culprits: SP leader,Politics & Government
President sends good wishes to Musharraf,Politics & Government
Bandh affects life for second day in NC Hills,Politics & Government
Ceasefire extension was for talks: Padmanabhaiah,Defence & Security
Vajpayee earns goodwill from courtesy call,Politics & Government
We have to deal with the govt of the day in Pak: India,Politics & Government
All-party meet convened on Musharraf visit,Politics & Government
145 die of malaria in Assam: Minister,Health
Delhi police thwarts JKIF plan to revive outfit,Crime & Law/Judiciary
One killed; arms consignment recovered in Jammu,Crime & Law/Judiciary
Advani to meet Manipur political parties,Politics & Government
One injured as bomb hurled at a mosque,Defence & Security
LeT suffers major setback; 4 killed in Kashmir,Crime & Law/Judiciary
SIMI demands ban on RSS and VHP,Politics & Government
Six-point strategy to speed up FDI flows,Business & Economy
I-T hauls up firms; banks; FIs for investing in tax-free bonds,Business & Economy
2 LeT commanders killed in Kashmir,Crime & Law/Judiciary
Minister flays closure of Dunlop unit,Politics & Government
Navy to the rescue of Chinese vessel,Defence & Security
Police rescue Sikh pilgrims at station,Crime & Law/Judiciary
Crime nexus hits Jagaddal peace,Crime & Law/Judiciary
Trinamul may rejoin NDA,Politics & Government
Bharat Shah hospitalised; court seeks report,Crime & Law/Judiciary
Naxalites kidnap surrendered extremists; kill three,Defence & Security
Court asked to fix date in July for Ayodhya cases,Crime & Law/Judiciary
New VC to enforce 'corporate policy' in Visva-Bharati,Business & Economy
Imports of 300 sensitive items down 11%,Business & Economy
RPL gets Cabinet nod to dilute Reliance shares,Business & Economy
STF arrests three Shiv Sainiks for rioting,Crime & Law/Judiciary
Insurgents surrender in Tripura,Defence & Security
Police gears up to curb cyber crime,Crime & Law/Judiciary
CRIME FILE,Crime & Law/Judiciary
Decentralised economy is the need of the hour,Business & Economy
Hurriyat will have to be involved later: Bhat,Politics & Government
Sonia to leave for Iceland; US today,International/World
Software net to catch smugglers,Crime & Law/Judiciary
Enron debacle would dampen flow of FDI into India,Business & Economy
Plot to blow up US embassy; one more held,International/World
Nissan; Mitsubishi cut global vehicle output in May,International/World
India for time-bound abolition of nuclear weapons,Defence & Security
India for time-bound abolition of nuclear weapons,Defence & Security
Sonia to address UN session,International/World
BJP reviews functioning of frontal organisations,Politics & Government
Bharat Shah pleads for treatment in pvt hospital,Health
Religious leaders' help sought to save girl child,"Society, Religion & Culture"
No distress export of diesel: Ram Naik,Business & Economy
World Bank announces $913.8 million aid to India,Business & Economy
Seer's silk route to China,International/World
Dhanraj Pillay to set up new hockey academy,Sports
8 ultras killed in Jammu and Kashmir,Crime & Law/Judiciary
Medal hopes in AAG shooting event dim: Jaspal Rana,Sports
High-profile team involved in kidnap of businessman,Crime & Law/Judiciary
Athletes look to better marks,Sports
Gopichand; Popat in Malaysian; Indonesian Open,Other
India; China expert group meet next week,International/World
India to buy radar for low-flying aircraft,Other
Gogoi demands review of Nagaland ceasefire extension,Defence & Security
Hurriyat seeks meeting with Vajpayee; Musharraf,Politics & Government
Three killed; 30 injured in ambush in Manipur,Crime & Law/Judiciary
BJP has a formula for Manipur,Politics & Government
Dara seeks interview with Orissa governor; CM,Politics & Government
Is it time to expect less from Sachin?,Sports
Bin Laden starts recruitment drive,Education & Recruitment
A 'setback' for Pakistan: NCP,International/World
Musharraf to hold office of President for 5 years,Politics & Government
CBI court to take up Ayodhya case on July 27,Crime & Law/Judiciary
Tatas; SIA; Videocon; cases referred to Cabinet,Politics & Government
World Bank announces $913.8 million aid to India,Business & Economy
R.K. Laxman to undergo surgery,Health
STF arrests three Shiv Sainiks for rioting,Crime & Law/Judiciary
Walled city waits for General 'Nanhe' Musharraf,Politics & Government
Delegation from Pakistan craves for peace,International/World
Train plunges into river in Kerala; more than 50 killed,Crime & Law/Judiciary
Harinder claims Amit Varma trophy,Sports
Lanka Oppn brings no confidence motion against govt,Politics & Government
Samajwadi Party wooing the urban elite,Politics & Government
On poll-eve; Bareilly gets gasohol project,Politics & Government
Four Lashkar militants killed in Kashmir,Defence & Security
Fresh notification on Ayodhya under study,"Society, Religion & Culture"
Three dead; 17 affected by mysterious disease,Health
The culture of non-payment,"Society, Religion & Culture"
Options before India; Pak are limited: Hurriyat,Politics & Government
Paes has good prospects at Wimbledon,Sports
China bans use of PPA drugs,International/World
Invitation a historic opportunity for Pak: Advani,Politics & Government
Aishwarya; Hrithik pair up for new Sippy film,Entertainment & Lifestyle
Rs 10 lakh grant for Kozhikode Medical College,Health
Options before India; Pak are limited: Hurriyat,Politics & Government
'Streaken' Zimbabwe surrender opener,Sports
China-Russia trade hits record level,Business & Economy
Musharraf invites parties to discuss India trip,Politics & Government
Begum Sehba Musharraf loves Kashmiri food,Politics & Government
Hurriyat flip-flop courtesy Geelani,Politics & Government
Centre to review Naga ceasefire,Defence & Security
SP hopes to form govt in UP; wary of Mayawati,Politics & Government
Clashes in Colombia kill 56; govt frees rebels,Politics & Government
Satellite's corrupt cops still on the run,Crime & Law/Judiciary
Musharraf has packed schedule during India visit,Politics & Government
One held in murder of Bangladeshi scribe,Crime & Law/Judiciary
Amitabh's face off with son Abhishek,Entertainment & Lifestyle
Missile boat sinks tanker's bow off Goa coast,Defence & Security
US loses key WTO case to EU,International/World
FDCI plans fashion week in August,Entertainment & Lifestyle
Manipur leaders to boycott meet; students held,Education & Recruitment
Dhanraj Pillay to set up new hockey academy,Sports
Govt reviewing security at sensitive Ayodhya sites,"Society, Religion & Culture"
Army appeals for peace in Manipur,Defence & Security
Liberhan rejects Katiyar's plea in Ayodhya case,"Society, Religion & Culture"
Traffic police plan more centres for collecting fines,Crime & Law/Judiciary
Citizens have right to relief from calamity,Weather & Disaster
A little push for women's tennis,Sports
Communal tension flares up as NLFT rebels kill 3,"Society, Religion & Culture"
Govt sits on medical; engg seat matrices,Health
Will hockey get the attention it deserves?,Sports
'Orthodox' religious leaders' presence at meet opposed,"Society, Religion & Culture"
Epishin; Dreev share lead after straight wins,Business & Economy
Lord Paul against vested interests in open trade,Business & Economy
Man with mission to get India Olympic medals,Sports
Dhanraj Pillay to set up new hockey academy,Sports
Flamboyant; focused Sachin made India win,Sports
Few hiccups envisioned in tennis; AITA on the job,Sports
Jiang thanks tenors for boosting Beijing's image,International/World
City government files glowing self appraisal,Politics & Government
IWCC unveils plans to develop women's cricket,Sports
Rs 8 cr cargo fraud detected at IGI airport,Crime & Law/Judiciary
BCCI officials tight lipped over CBI sleuths' visit,Crime & Law/Judiciary
Hockey; tennis and now cricket for Vece Paes,Sports
China to have largest mobile phone market soon,Business & Economy
Hurriyat to wait for response from Vajpayee; Musharraf,Politics & Government
Brigadier to move court over sacking,Crime & Law/Judiciary
Madras Race Club introduces monsoon races,Weather & Disaster
Global oil majors queue up for IBP pie,International/World
Jeev invited to US PGA Tour event,International/World
Amitabh Bachchan: Hero worship,Entertainment & Lifestyle
Unusual rains result of global warming,Education & Recruitment
Hampi eyes junior world chess title,Sports
Roll-model buses: DTC goes AC,Entertainment & Lifestyle
Police kills 10 MCC men in Jharkhand,Crime & Law/Judiciary
Knee replacement for former Indian hockey player,Sports
Talk to Pant; PMO signals to Hurriyat,Politics & Government
Sonia in New York to address UN session on AIDS,Health
Musharraf to pay homage to harmony in Ajmer,Politics & Government
Agitation against ceasefire to intensify in Manipur,Defence & Security
India-China group on LAC to meet on June 28,International/World
Mayawati demands special quota for MOBCs,Politics & Government
CBI sleuths' leave without visiting BCCI office,Crime & Law/Judiciary
Will hockey get the attention it deserves?,Sports
Laden orders blasts at US installations in India,International/World
Pvt clinics thrive in vicinity of Govt hospital,Health
HC summons file on Ayodhya case,"Society, Religion & Culture"
Airport: Govt to hold talks with Siemens consortium,Politics & Government
Police pulled up for incorrectly registering case,Crime & Law/Judiciary
For Dadri; Rajnath is godsend,Other
AIDS cannot be fought by making moral judgments,Health
Pyrdiwah village belongs to Meghalaya: Minister,Politics & Government
Cong confident of forming govt in UP: Tiwari,Politics & Government
Lawyer evading arrest granted anticipatory bail,Crime & Law/Judiciary
Congress not an asset but a burden: Mamata,Politics & Government
Devanahalli project: Govt keeps Siemens Ventures on toes,Politics & Government
Four possessing brown sugar arrested,Crime & Law/Judiciary
Court orders medical examination of jailed former minister,Crime & Law/Judiciary
Blast meant to scare away pilgrims: IG,"Society, Religion & Culture"
BSP to launch stir for fresh notification on Ayodhya trial,Crime & Law/Judiciary
Route transfer to Konkan Rail may have saved disaster,Weather & Disaster
Music; art; drama contests galore,Entertainment & Lifestyle
Uma Bharti dares Digvijay Singh to arrest her,Crime & Law/Judiciary
Jaya drops Cabinet minister; to induct new face,Politics & Government
ED seeks custody of articles seized from JKIF men,Crime & Law/Judiciary
Brain operation performed in China 5;000 years ago,International/World
Police kills 10 MCC men in Jharkhand,Crime & Law/Judiciary
Ram responsible for demolition of mosque: Katiyar,"Society, Religion & Culture"
Saints to take final call on temple construction,"Society, Religion & Culture"
Naga student leader for extension of ceasefire,Defence & Security
10 MCC men killed in police encounter,Defence & Security
Dara Singh associate arrested,Crime & Law/Judiciary
Police have no strategy to check misuse,Crime & Law/Judiciary
Police volunteer system a big hit,Crime & Law/Judiciary
Cabinet paves way for extension to Cabinet Secy,Politics & Government
Bring along PoWs; Sena tells Musharraf,Politics & Government
Manmohan blames govt's economic policies,Politics & Government
Mass exodus of trade majors continues,Business & Economy
Student dies as school building collapses,Education & Recruitment
Act 1 of Manipur drama ends with ceasefire review,Defence & Security
Police misuse Net ... yeh bill mangey more,Crime & Law/Judiciary
Laden orders blasts at US installations in India,International/World
Cong ready for debate with CM on development,Politics & Government
Musharraf to spend an hour at Taj Mahal,Politics & Government
NDA to discuss Naga ceasefire: Fernandes,Defence & Security
Chauhan files anticipatory bail application,Crime & Law/Judiciary
Manipur leaders seek President's intervention,Politics & Government
AU students gherao chief minister's secretary,Education & Recruitment
Private schools found overcharging students,Education & Recruitment
Congress struggles to find a candidate,Politics & Government
BJP bid to strengthen base,Politics & Government
Cabinet clears Competition Bill to phase out MRTPC,Politics & Government
Major among 25 killed in J&K,Crime & Law/Judiciary
3 sentenced to jail terms for abetting suicide,Crime & Law/Judiciary
No US access to military bases; asserts Govt,International/World
MK flays ex-minister's arrest,Crime & Law/Judiciary
He has a suggestion for PM; Musharraf,Politics & Government
City cinema halls not geared to fight fire,Entertainment & Lifestyle
CBI gets 3 months to complete probe in Verma case,Crime & Law/Judiciary
BJP out to cash in on BC bickerings,Politics & Government
Increase in liquor fee hits industry in Goa,Business & Economy
Trinamul; Congress MLAs want continuance of pact,Politics & Government
PM may have to put off major Cabinet reshuffle,Politics & Government
Recruitment drive for Army from July 5,Defence & Security
Mumbai cinema halls beef up security for 'Gadar',Entertainment & Lifestyle
JK militants claim Pant invited them for talks,Defence & Security
Anticipatory bail for Tyagi opposed,Crime & Law/Judiciary
Will hockey get the attention it deserves?,Sports
CM urged to stall HCL privatisation,Politics & Government
Agra summit will not yield any result: Thackeray,Education & Recruitment
Musharraf-Hurriyat meet not welcome; says India,Politics & Government
Super Bazaar issue referred to Cabinet,Politics & Government
Hyderabad University and Sun Microsystems sign pact,Education & Recruitment
Next round of Sino-India border talks tommorrow,Defence & Security
Verdict in high-profile murder trial on Friday,Crime & Law/Judiciary
Manipur movement may fall into militants' hands,Defence & Security
'Govt aid went to upper castes; NGOs' to Dalits; minorities',"Society, Religion & Culture"
Aamir Khan to bring extra footage to 'Lagaan',Entertainment & Lifestyle
Monsoon: No need to press the panic button,Weather & Disaster
Muslim intellectuals discuss Wakf board functioning,"Society, Religion & Culture"
ACB announces ODI series with India,Sports
Film-hungry fans lap up Gadar; Lagaan fare,Entertainment & Lifestyle
Big B is all praise for brave little Aamir,Entertainment & Lifestyle
Unfair exchange: Give bribe; get no job,Business & Economy
BJP national executive to meet in Amritsar,Politics & Government
Residents ask CM to stop child prostitution,Politics & Government
Torture methods needed to hasten probe; say cops,Crime & Law/Judiciary
Forest official guilty of smuggling re-appointed,Crime & Law/Judiciary
Venues will be spruced up; says minister,Politics & Government
Crop loss due to drought this year Rs 6;881 cr,Weather & Disaster
Committee to study power tariff hike,Business & Economy
LJP demands 23 pc quota for MBCs,Politics & Government
Sudhakaran's bail plea rejected,Crime & Law/Judiciary
I have no plans to perform in Pakistan: Lata,International/World
Fodder scam cases review today,Crime & Law/Judiciary
Bengal budget passed without much ado,Business & Economy
Samata Party to fight on 105 seats in UP,Politics & Government
Bengal govt to cut down on expenditure,Politics & Government
Women BJP corporators storm into mayor's office,Weather & Disaster
Marandi govt has fallen short of expectations,Politics & Government
Cong reacts sharply to criminals' arrest from stadium,Sports
It's official; Batata; BPL announce merger,Business & Economy
Congress renews its challenge to CM,Politics & Government
Gaya telecom dist defaulters owe Rs 6 cr to BSNL,Business & Economy
Slack BCC engineers; health inspectors pulled up,Health
Pakistan will not launch air attack on Mumbai,International/World
Mamata flays Bengal govt over Salt Lake issue,Politics & Government
BPL Mobile announces new tariff,Business & Economy
BSF; police lookout for 2 infiltrators in Kutch,Defence & Security
Panel to stop women's harassment,Crime & Law/Judiciary
Manipur students body warns political parties,Education & Recruitment
Murdered woman's body exhumed,Crime & Law/Judiciary
BJP to go it alone in Kurnool,Politics & Government
A-I share deal to boost sell-off price,Business & Economy
Committee for social justice a mere election stunt: Mulayam,Politics & Government
IIT branch in Goa on the anvil,Education & Recruitment
Fake US visa racket busted; four held,International/World
Goa varsity will enjoy autonomy: CM,Politics & Government
Pawar asks people to protest ban on onion export,Business & Economy
UP govt sets up committee for reservation issue,Politics & Government
BJP demands special House session on law and order,Politics & Government
Gujarat University student beats up professor,Education & Recruitment
Govt takes new look at evacuee property,Politics & Government
TDP-BJP talks hit snag in Guntur,Politics & Government
Jaya refuses to hear media complaint on reporter's arrest,Crime & Law/Judiciary
Four Kashmiri militants seek bail,Defence & Security
Mayawati seeks job quota for MBCs,Politics & Government
ISI agent stabbed inside Sabarmati jail,Crime & Law/Judiciary
India rises in list of most corrupt countries,Crime & Law/Judiciary
Ayodhya case: UP seeks Advocate General's opinion,"Society, Religion & Culture"
75 foreign films to be shown in international fest,International/World
Will hockey get the attention it deserves?,Sports
Karunanidhi; Stalin arrested,Crime & Law/Judiciary
Pak too invited for film fete,Entertainment & Lifestyle
State govt portraits go missing,Politics & Government
Court frees criminal; police team uneasy,Crime & Law/Judiciary
Focus on farm sector in 10th Plan: Vajpayee,Politics & Government
Why is the Govt soft towards Khalistan leaders?,Politics & Government
Curiously; moderate Muslim leaders want SIMI banned,"Society, Religion & Culture"
Pak soldier among 20 killed in J&K,Defence & Security
Probe ordered into Gulshan murder witness's death,Crime & Law/Judiciary
TN police issue clarification on arrest,Crime & Law/Judiciary
Sanjay Dutt denies charges in bomb blast case,Defence & Security
Army foils infiltration bid in Drass,Defence & Security
New cricket stadium to come up in Jaipur,Sports
Karunanidhi cases will be pursued: AIADMK,Politics & Government
Karsan Ghavri to coach Bengal Ranji team,Sports
Govt package to face difficulty in redeeming US-64 fully,International/World
Indo-Pak cricket match in Sept?,Sports
Media merger wave hits China ahead of WTO entry,Business & Economy
Hockey camp to remain in Jammu: IHF,Sports
DSE provides liquidity in US-64 for small investors,International/World
Lashkar assures Amarnath Yatra pilgrims,"Society, Religion & Culture"
Indians register victories at blind chess meet,Sports
Don't expect justice from a kangaroo court,Crime & Law/Judiciary
TN sets up one-man panel to probe police excesses,Crime & Law/Judiciary
Australia gets a treat of Hindustani music,Entertainment & Lifestyle
Film stars to lend colour to UP poll campaign,Entertainment & Lifestyle
Mahesh-Elena team in Wimbledon semi-finals,Sports
Madras monsoon races during Aug/Sept,Weather & Disaster
Manipur MLAs; MPs threaten to resign,Politics & Government
Stalin out on bail; to take legal action against police,Crime & Law/Judiciary
Delhi police issue guidelines on processions,Crime & Law/Judiciary
G-8 finance ministers hold summit in Rome,Business & Economy
India-Pak cricket match slated for September,Sports
Make ragging a cognisable offence; says Cong MLA,Politics & Government
Indian DGMO welcome to Pak: Musharraf,Politics & Government
Govt vehicles with Kannada number plates go scot-free,Politics & Government
People may not allow Manipur Govt to function,Politics & Government
Indian cricket grounded by mediocrity,Sports
China not dumping goods into India: CII,International/World
Indian DGMO welcome to Pak: Musharraf,Politics & Government
Centre bypassing parties in important decisions,Business & Economy
We made a mess of it; laments Ganguly,Sports
Probe all unanimous poll winners: CPI,Crime & Law/Judiciary
De-silting of canals on war-footing: Minister,Politics & Government
Row between CPM leaders; sports minister deepens,Politics & Government
Major disaster averted at Delhi airport,Weather & Disaster
India; Bangladesh agree on passenger train service,International/World
Hurriyat row won't affect summit: Pak,Politics & Government
YSR complains for police high-handedness,Crime & Law/Judiciary
CBI traces 4 bank accounts of former ED official,Crime & Law/Judiciary
Jaya concedes Guruvayur temple plea for wood,"Society, Religion & Culture"
BJP lashes at state govt for fund mismanagement,Politics & Government
Tendulkar; Zaheer top averages,Sports
Not much expected out of PWG; govt talks,Politics & Government
Rs 8.14 cr Central grant for AIDS control,Health
Manipur faces political uncertainty,Politics & Government
Telecom M&A: Small firms see space to survive,Business & Economy
Need to curb police highhandedness,Crime & Law/Judiciary
Six crude bombs found on MSU campus,Education & Recruitment
Top co-op bank officials implicated in scam,Crime & Law/Judiciary
Mudgal to sing for Musharraf,Politics & Government
DMK complains to President against probe,Crime & Law/Judiciary
Hurriyat row won't affect summit: Pak,Politics & Government
UP craftsmen keen on presenting gifts to Musharraf,Politics & Government
US-64: Paid more earned less,International/World
Medical centre opened at Margao for policemen,Health
Cabletron charts $50m India investment,Business & Economy
Centre to review Naga ceasefire extension,Defence & Security
Police reporting for Indian origin visitors opposed,Crime & Law/Judiciary
Reservation quota not to exceed 50%: Marandi,Politics & Government
PM's intervention sought to dissolve PGPC,Politics & Government
US-64 crisis not 'disastrous': AMFI chief,International/World
Japan hammer Thailand; win title,International/World
Theft bid: One gets bail,Crime & Law/Judiciary
Bradford burns in mainland Britain's worst riots,International/World
Jayalalitha terms Ramadoss opportunistic,Politics & Government
Jaya nod for sandalwood to Guruvayur temple,"Society, Religion & Culture"
PWG's tit for tat for TDP-BJP combine,Politics & Government
BJP leader's arrest a blow to party's poll prospects,Crime & Law/Judiciary
DGMO likely to visit Pakistan on Tuesday,International/World
Kerala giving top priority to IT: CM,Politics & Government
Flood situation in Orissa worsens,Weather & Disaster
Heavy rain in south Kerala disrupts normal life,Weather & Disaster
India; Pak can't isolate Hurriyat: Bhat,Politics & Government
Govt search for 'fighting fit' hospital in Agra,Health
Heavy rains lash Mumbai; affects normal life,Weather & Disaster
Japan; India through to final,International/World
Cabinet will decide on Enron on Wednesday,Politics & Government
Hearing of Manu's bail plea deferred,Crime & Law/Judiciary
Institute dupes students of crores,Education & Recruitment
3 Salem gangsters arrested for Dewani's killing,Crime & Law/Judiciary
Landslide: Lensman missing,Weather & Disaster
Army court orders major's dismissal,Defence & Security
PM's call fails to calm Manipur; angers Nagaland,Politics & Government
Heavy rains lash Mumbai; affects normal life,Weather & Disaster
BJP National Executive meeting from Aug 3,Politics & Government
3 Chhota Rajan aides killed in encounter,Defence & Security
PM; Musharraf can build upon Lahore MoU,Politics & Government
NCP will never join hands with Sena-BJP,Politics & Government
Sachin's injury: A big blow to India,Sports
Parties back Vajpayee's core concerns on Summit,Politics & Government
India offers visas to Pakistanis at the border,Defence & Security
Amitabh launches crusade against cancer,Health
Karunanidhi to boycott judicial probe,Crime & Law/Judiciary
Minister takes week-end custody of son,Crime & Law/Judiciary
Another scam surfaces in Vadodara telecom,Crime & Law/Judiciary
BJP MLA surrenders; refused bail,Crime & Law/Judiciary
Fee hike in govt aided colleges,Politics & Government
Unborn baby undergoes surgery,Health
Doctors to be paid more,Health
TN govt seeks more time from NHRC on assault report,Crime & Law/Judiciary
Centre working on procedure to arrest ministers,Crime & Law/Judiciary
Broadcasting: Cutting edge lies in alliance,Other
Strenghten Indo-Pak trade ties: CII,Business & Economy
Summer heat may lead to cardiovascular disease,Health
CM asks for reopening of Britsh Library,Politics & Government
Japan; India to meet in finals,International/World
We will explain CM how to provide free power: Cong,Politics & Government
TV; Net key drivers of entertainment industry,Business & Economy
Landlord urinated in my mouth; alleges Dalit,"Society, Religion & Culture"
Cong demands special session to discuss quota issue,Politics & Government
Infosys sees Rs 800 cr profit this fiscal; Q1 net soars 56%,Business & Economy
BPL to buy out France Telecom in Batata,Business & Economy
Samsung's infotech arm claims 50% share in HDD,Business & Economy
HC rejects plea againt Andheri flyover,Other
Haryana govt signs MoU with IBM,Politics & Government
MSEB proposes 30% tariff hike for domestic users,Business & Economy
US slowdown takes its toll on Infosys,International/World
No change in status of LoC: India,Defence & Security
Tendulkar's injury caused by his left boot spike,Sports
19 militants among 25 killed in J&K,Defence & Security
CM rejects Centre's suggestion on massacre probe,Crime & Law/Judiciary
Trial run for Kolkata-Dhaka train today,Crime & Law/Judiciary
Rajnath; Sikh leaders criticised for inaction,"Society, Religion & Culture"
India's health card reads 'poor',Health
Fluorosis menace fails to move govt,Politics & Government
School part of DLF City master plan,Education & Recruitment
TN govt seeks more time from NHRC,Politics & Government
CBI move for sanction to prosecute Laloo; Jagannath,Crime & Law/Judiciary
Keshubhai attends BJP CMs' meet in Delhi,Politics & Government
Tendulkar's absence a big blow: Wright,Sports
MSU students leaders protest against payment seat proposal,Education & Recruitment
'Mafia' fear grips Bollywood,Entertainment & Lifestyle
Telecom staff go on lightning strike,Business & Economy
Ketan Parekh seeks anticipatory bail,Crime & Law/Judiciary
Manipur MLA's house attacked by militants,Defence & Security
4 soldiers killed in Kargil blast,Defence & Security
Bharti Cellular reduces airtime tariff for 'Magic',Business & Economy
TN boys; girls into finals of U-14 tennis,Sports
AJYCP to go ahead with 12-hour Assam bandh,Politics & Government
Army chief reviews situation along Indo-Pak border,Defence & Security
Govt to issue ordinance on sex determination,Politics & Government
Unregistered pilgrims directed to other shrines,"Society, Religion & Culture"
China develops moth-free rice,International/World
Anand opens campaign against Morozevich,Other
SC upholds govt order on international seminars,Politics & Government
Rights issue may spoil China's Olympics bid,Sports
Distance no bar for two Naga chess players,Sports
Rupee ends barely changed against dollar,Business & Economy
Sophisticated riding complex for Delhi Police,Crime & Law/Judiciary
Top corporate houses to cross swords,Business & Economy
Militants targeting women; children; says J&K govt,Defence & Security
Amrish Puri gets police protection,Crime & Law/Judiciary
Hockey stars to run academy with 'waste',Sports
Sinha denies any resignation move,Politics & Government
Students defy curfew in Manipur,Education & Recruitment
Essar slashes airtime tariff on cash card,Business & Economy
Mayor working on plans to weed out total corruption,Crime & Law/Judiciary
Left slams TD; BJP for rigging polls,Politics & Government
Punjabi film-maker S S Phool dead,Entertainment & Lifestyle
Budget presented; HUDCO to pump in funds,Business & Economy
Delaying solution to Kashmir will be very dangerous: Musharraf,Politics & Government
Naga organisations resent review of ceasefire,Defence & Security
Violence makes a mark on NGU campus,Education & Recruitment
Private schools fleecing students; guardians,Education & Recruitment
Govt mulls rebids for 4th cellular slot in 4 circles,Politics & Government
Follow apex court guidelines on bandh: High Court,Crime & Law/Judiciary
IT industry records highest ever growth in 2000-01,Business & Economy
City constable convicted to 8 yrs in prison,Crime & Law/Judiciary
Govt orders probe into spurious drugs supply,Crime & Law/Judiciary
Essel sells 50 lakh Zee shares to US investor,Business & Economy
AU admission panel's guidelines to students,Education & Recruitment
Govt to set up lok adalats to speed up cases,Politics & Government
Controls on sugar industry to go soon: Shanta,Business & Economy
Govt's MBC escapades only an election stunt: Sathi,Politics & Government
Purulia armsdrop convict may be released soon,Crime & Law/Judiciary
23 killed in Jammu and Kashmir,Crime & Law/Judiciary
Medical transcription institutes are going empty,Health
Despite cheating; we will win; says Congress,Politics & Government
Mulayam lashes out at BJP,Politics & Government
Bollywood under Abu Salem's spell,Entertainment & Lifestyle
Advani may talk tough with Musharraf,Politics & Government
Govt's stand on Kashmir condemned,Politics & Government
Govt can't fix urban development charges: HC,Politics & Government
Blackwill confirmed as US ambassador to India,International/World
Inclusion of Sikh shrines in Indo-Pak talks sought,"Society, Religion & Culture"
We've done well: BJP,Politics & Government
Army says soldiers may have been involved in rape,Defence & Security
Revamp of state police is on the cards,Crime & Law/Judiciary
Police seize pirated books worth Rs 1 cr,Crime & Law/Judiciary
BJP apprehensive of 'failed summit',Politics & Government
VMC corporators up in arms against state govt,Politics & Government
National oral health programme from today,Health
Police in a fix over hospital's refusal to inquests,Crime & Law/Judiciary
Biman Bose set to become Left Front chairman,Politics & Government
Govt planning flyover at Bastora,Politics & Government
Indo-Pak ties conducive for S Asia peace: China,International/World
Daily hearing in Ayodhya case,"Society, Religion & Culture"
Prof Baxi speaks to law students on Constitution,Education & Recruitment
Minister invites students for talks,Education & Recruitment
MSU student leaders give 'total bandh'call,Education & Recruitment
Laden has raised 35;000-strong militant force,Defence & Security
HC quashes joint director's order,Entertainment & Lifestyle
Azhar's case hearing on July 19,Sports
3 arrested in Padra land scam; hunt on for kingpin,Crime & Law/Judiciary
Govt may amend Act to allow RBI to lower SLR,Business & Economy
Staff lock up Garhwa college,Education & Recruitment
Laden has raised 35;000-strong militant force,Defence & Security
Investors urge Centre to intervene in US-64 scheme,International/World
Govt orders probe into spurious drugs supply,Crime & Law/Judiciary
Heightened threat of terrorist attack,Defence & Security
Bomb blast accused Yakub Memon pleads innocent,Defence & Security
Amitabh Bachchan: In All My Bearded Glory,Entertainment & Lifestyle
Govt declares Vadodara 'cholera-threatened',Politics & Government
4 arrested for 'kidnapping' hotel manager,Crime & Law/Judiciary
Court notice to Punjab govt on Chauhan's bail plea,Crime & Law/Judiciary
Kerala flood situation improves,Weather & Disaster
Rs 2 cr sought for drought relief,Weather & Disaster
Rail police bust gang of thieves,Crime & Law/Judiciary
Wilful defaulters should be sent to jail: Sinha,Crime & Law/Judiciary
JPC; govt set to train guns on HFCL; Zee,Politics & Government
Teacher held for raping blind students,Education & Recruitment
PM; General want to rewrite history,Politics & Government
Proposed Bill will curb power of CBI; CVC: Vittal,Crime & Law/Judiciary
MPs; rly minister to review Kerala rail projects,Politics & Government
Banks told to send big defaulters to jail,Crime & Law/Judiciary
Hussainiwala border point should figure in talks,Defence & Security
Ding dong Aby Baby sings a song,Entertainment & Lifestyle
Eli Lilly to make India global bulk drug outsourcing hub,International/World
Karnataka-Kerala task force to curb border crime,Defence & Security
Centre urged to review medical colleges fees,Health
Rupee stages mild rally against $,Business & Economy
Action plan to check Maoist activities in UP,Defence & Security
Two-member team to probe VTD scam,Crime & Law/Judiciary
Sachin's foot in right form,Sports
Govt allocates Rs 50 lakh for floods,Weather & Disaster
Sinha confident of achieving indirect tax target,Business & Economy
Probe ordered into spurious drugs supply,Crime & Law/Judiciary
PM may raise issue of Sikh shrines with Musharraf,"Society, Religion & Culture"
Sexual harassment forces girl to commit suicide,Crime & Law/Judiciary
3 ultras; Army jawan among six killed in Kashmir,Defence & Security
Antony budget: No cheer for guzzlers; taxing times ahead for traders,Business & Economy
Improve quality to boost exports: Thai minister,Business & Economy
Union minister hopeful of better power scene in UP,Politics & Government
SC notice to Sukh Ram in telecom scam,Crime & Law/Judiciary
Sarath Kumar to try his luck in politics again,Politics & Government
CBI biased against Mishra; NCP tells governor,Crime & Law/Judiciary
CBI chargesheeets Chennai Corp Commissioner,Crime & Law/Judiciary
Mystery shrouds ABVP student leader's disappearance,Education & Recruitment
Previous govt fiddled; while Kerala burned,Politics & Government
Murdoch upbeat on Indian market,Business & Economy
No polluting industries to be allowed; says minister,Politics & Government
Musharraf's visit creates new haves and have-nots,Politics & Government
June records highest toll of militants,Defence & Security
Trade unions to go on strike on July 23-24,Business & Economy
Govt to submit fresh names for appointment of VCs,Politics & Government
Protests against ceasefire continue in Manipur,Defence & Security
School bus crisis escalates; so do fares,Education & Recruitment
Good news for city's heart patients,Health
Trade unions to go on strike on July 23-24,Business & Economy
Opposition demands probe into Wakf scam,Crime & Law/Judiciary
Bank launches 3 new schemes,Business & Economy
Do's and dont's for road users in monsoon,Weather & Disaster
State defends arrests in its reply to NHRC,Crime & Law/Judiciary
Hegde gives wake-up call to Krishna govt,Politics & Government
PM may raise issue of Sikh shrines with Musharraf,"Society, Religion & Culture"
2 CRPF jawans killed in ambush in Arunachal,Defence & Security
UN report draws flak from eco groups,International/World
Improve quality to boost exports: Thai minister,Business & Economy
Sugar industry stands to gain in WTO regime,Business & Economy
UTI to get bank loan for equity holding,Business & Economy
World meet on tropical biodiversity from Sunday,International/World
Amarsinh who? Congress what?,Politics & Government
Need to probe several agencies in adulteration case,Crime & Law/Judiciary
Mamata has no option but to crawl back to NDA,Politics & Government
Bail of accused in Gulshan case cancelled,Crime & Law/Judiciary
Kerala joins hands with Karnataka to check smuggling,Crime & Law/Judiciary
Monsoon session of Parliament from July 23,Weather & Disaster
Police fear parking muddle,Crime & Law/Judiciary
Hunt for Nasscom president in last leg,Politics & Government
Mangalore student for children's meet in Japan,Education & Recruitment
Council urges meeting with Musharraf to discuss PoW issue,Politics & Government
Trinamul accuses govt of favouring promoters,Politics & Government
Biman Bose elected new Left Front chairman,Politics & Government
2 teenagers killed in hit-and-run,Crime & Law/Judiciary
Indo-Myanmar border trade declining,Defence & Security
Revive panel that probed Yeleru scam: Cong,Crime & Law/Judiciary
Peace talks between BNLF-Mizoram govt fizzle out,Politics & Government
Plea to reduce excise duty on anti-AIDS drugs,Health
ISCE schools have no computer teachers,Education & Recruitment
China deploying ballistic missiles: Rumsfeld,International/World
Forex reserves swell by $141 mn to $43;596 mn,Other
Air chief Tipnis does not salute Musharraf,Politics & Government
Teachers discuss new trends in education,Education & Recruitment
Gastro; malaria on the rise in Surat,Health
'Unity' in Congress may upset TDP's applecart,Politics & Government
US looks for Pak flexibility on Kashmir,International/World
LU students plan 'Chatra Panchayat' on July 19,Education & Recruitment
Nepal heading for prolonged turmoil,International/World
TRS chief sees govt's hand in Madhava's killing,Politics & Government
Panun Kashmir apprehensive about Vajpayee-Musharraf talks,Politics & Government
Vaghela to review merger with Congress,Business & Economy
Reaching for a composition that goes beyond religion,"Society, Religion & Culture"
Maharani College celebrates 25 years,Education & Recruitment
Activists attack move to amend Slum Areas Act,Other
Rs 15 crore more drought relief released,Weather & Disaster
Tax evasion to tune of Rs 100 crore detected,Business & Economy
CM told to drop unpopular measures,Politics & Government
Financial sector reforms jeopardise economy,Business & Economy
Hurriyat gets only tea and sympathy,Politics & Government
Hindu woman wins payout for cow cartilage operation,"Society, Religion & Culture"
Chemists seek tax withdrawal,Business & Economy
Power engineers demand improved distribution system,Other
Govt decision on revised pay scales discriminatory,Politics & Government
Manipur students threaten to launch separatist movement,Education & Recruitment
4 killed in road mishaps,Crime & Law/Judiciary
CBI to probe into irregularities in Bihar agri dept,Crime & Law/Judiciary
Uddhav Sena not afraid of Srikrishna report,Politics & Government
UTI board fails to firm up exit route for US-64,International/World
Pak students visit Loreto; SEWA,Education & Recruitment
India; Pakistan do some plainspeaking,International/World
Bangladeshi intruder killed in BSF firing,Crime & Law/Judiciary
Commemorative coin for Beijing's Olympic bid success,Sports
China deploying ballistic missiles: Rumsfeld,International/World
Nose-job gives Hindu identity a facelift,"Society, Religion & Culture"
Indo-Pak flags flutter at Kalighat temple,"Society, Religion & Culture"
Settlements in no man's land hinders border fencing,Defence & Security
Telangana groups seeks CM's apology,Politics & Government
Musharraf to meet city-based relative in Agra,Politics & Government
10 injured in grenade blast in Kashmir,Defence & Security
Jammu bandh against Musharraf visit,Politics & Government
Anglo-Indians want more college seats,Education & Recruitment
Congress fights a losing battle in Sunday polls,Politics & Government
Gunning for peace they soldier on,Defence & Security
Sherbet for Musharraf,Politics & Government
Onam trade fair in Kochi next month,Business & Economy
Underworld targets Bollywood big guns,Entertainment & Lifestyle
Police give safety tips to hotel owners,Crime & Law/Judiciary
Musharraf's visit revives old bitter-sweet memories,Politics & Government
Enact legislation for temple construction: VHP,"Society, Religion & Culture"
Seven more MSU student leaders arrested,Crime & Law/Judiciary
OUT OF COURT,Crime & Law/Judiciary
Exam fee difference bothers students,Education & Recruitment
Making song and dance about item numbers,Entertainment & Lifestyle
10 ultras among 15 killed in Kashmir,Crime & Law/Judiciary
UTI board fails to firm up exit route for US-64,International/World
Deny arms to terrorists: India,Defence & Security
General alert on Indo-Pak border,Defence & Security
Ramadoss to await PM's invitation,Politics & Government
Day 1: India; Pak draw LoC on rhetoric,Defence & Security
Karan Nath: In a Boney Kapoor film,Entertainment & Lifestyle
Pak chief justice sworn in as acting president,Politics & Government
Transfer pricing rules to aid higher tax collections,Business & Economy
Teachers demand ban on entry of foreign varsities,Education & Recruitment
'Medical' trouble near police HQ,Crime & Law/Judiciary
Osmania students end mess stir,Education & Recruitment
Govt-naxal peace overture hailed,Defence & Security
UN; AICC accolades must spur Krishna ahead,International/World
Online school teaches Indo-Pak peace,Education & Recruitment
Sena ministers to boycott banquet; tea parties,Politics & Government
IAF choppers rescue 2 UK schoolgirls in Himachal,International/World
Police to buy unmanned plane to spy on naxalites,Defence & Security
Hassan dist seeks special drought grant,Weather & Disaster
Online medical service: Govt seeks ISRO help,Health
Proxy war threatening internal security: Minister,Politics & Government
All-party meet condemns Nadapuram violence,Politics & Government
Arroyo accused of influencing Estrada trial,Crime & Law/Judiciary
New form of intoxication baffles Nadiad police,Crime & Law/Judiciary
Sound of Music to prevent suicide in metro,Entertainment & Lifestyle
Spice in talks with cellphone majors for merger,Business & Economy
This is Pakistan's last chance,International/World
Bollywood hits lure underworld back,Entertainment & Lifestyle
Grandson of late Congress leader commits suicide,Politics & Government
Violence mar polls in Cuddapah; 3 MLAs hurt,Other
Police nabs Khalistan militant,Defence & Security
Oppn to corner govt over 'drought situation',Weather & Disaster
Dalit Muslims demand quota,"Society, Religion & Culture"
A World of Extremes,International/World
Summit's biggest gain might be cricket,Sports
IT Companies: Will Q3 be the turning point?,Business & Economy
'Lagaan' hits Top 10 in Britain,International/World
BJP demands early poll for municipal corporations,Politics & Government
Prema has no more political ambitions,Politics & Government
China open to strategic tie-up with India; Russia,International/World
Shock over arrest of Jaya's political adviser,Crime & Law/Judiciary
Damodar siltation caused floods in lower Bengal,Weather & Disaster
14 blasts in Jammu; 2 militants killed,Defence & Security
Destination Mount Abu for Congress corporators,Politics & Government
US report on 'trafficking' unsubstantiated: Pak,International/World
GDP projected to grow by 6.3%: CMIE,Business & Economy
Impersonator in railway exam arrested,Crime & Law/Judiciary
18-member MLA team for 5-nation study tour,Politics & Government
School chalo drive launched in Fatehpur,Education & Recruitment
RBI governor says economy is in good shape,Business & Economy
Manipur's flourishing tradition of martial arts,"Society, Religion & Culture"
Inflation rises to 5.16%,Business & Economy
Punjab has many pending issues with Pakistan,International/World
CM issues strict warning to KPP-KLO duo,Politics & Government
No other reason for Sachin's absence: Ganguly,Sports
Govt hospitals refuse emergency cases after 8 pm,Politics & Government
We want more than a renovated haveli,Other
Purification ritual goes foul; four Sainiks arrested,Crime & Law/Judiciary
65% polling in Andhra local bodies poll,Politics & Government
Arrest was meant to eliminate me: MK,Crime & Law/Judiciary
Active govt role needed to tackle fakes,Politics & Government
PM delivers strong message on terrorism,Politics & Government
Efforts will be made to recover the Kohinoor: CM,Politics & Government
US conducts successful missile shield test,Defence & Security
George Bush president and a father,Politics & Government
Textile policy envisages export target of $50 b,Business & Economy
Congress indulging in terror tactics; says TDP,Politics & Government
Online medical service: Govt seeks ISRO help,Health
Plea to provide land for church in KPHB colony,"Society, Religion & Culture"
Drinking water should be government's top priority,Politics & Government
The Taj casts a spell on Musharraf,Politics & Government
City police grappling with murder cases,Crime & Law/Judiciary
A grassroots professor in the ideas market,Business & Economy
CBI closes case outside jurisdiction,Crime & Law/Judiciary
Temple sees no harm in hosting clothes sale,"Society, Religion & Culture"
Police obtain crucial evidence in ISD scam,Crime & Law/Judiciary
BJP holds Lok Darbar in Ahmedabad,Politics & Government
Our economy package for N Karnataka was not implemented: Moily,Business & Economy
Massive agitation against ceasefire in Manipur,Defence & Security
A World of Extremes,International/World
Standard of higher education going down: Minister,Politics & Government
Govt won't tolerate violence in mining sector: Kamat,Politics & Government
Forum formed to oppose varsity amendment Act,Other
US conducts successful missile shield test,Defence & Security
CM for strategy to tackle malnutrition,Politics & Government
DPC's LNG carrier to be deployed in spot market,Business & Economy
Online school teaches Indo-Pak peace,Education & Recruitment
No easy replacement for Sachin; says Dravid,Sports
PM; Musharraf begin fourth round of talks,Politics & Government
Bicholim set to face monsoon threat,Weather & Disaster
'Oppn briefed about CM's absence at tea party',Politics & Government
Govt for amending I-T laws to tax e-commerce firms,Business & Economy
Terms of probe should be finalised in 8 days,Crime & Law/Judiciary
Operators to pay tax demanded on off-the-road buses,Business & Economy
DMA calls for medical strike today,Health
15 monkeys caught at Loreto College; Darjeeling,Education & Recruitment
PM urged to take up issue of gurdwaras in Pak,Politics & Government
TN celebrates Kamraj's 99th birth anniversary,Other
Workshop on patient-doctor ties held,Health
Let trade and commerce flow; Kashmir can wait,Business & Economy
Cong to raise UTI issue during Parliament session,Politics & Government
3 Trinamul MLAs detained by police,Crime & Law/Judiciary
New urban development policy soon,Politics & Government
Foetal attraction spawns a 'bringing up baby' industry,Business & Economy
MP-based companies record 13% growth: CMIE report,Business & Economy
CM vows to keep fighting state's cause,Politics & Government
Plan to attack Amarnath pilgrims foiled,"Society, Religion & Culture"
IT Companies: Will Q3 be the turning point?,Business & Economy
20 militants killed in Kashmir,Defence & Security
Man mistakes pesticide for medicine; dies,Health
Four killed in separate road mishaps,Crime & Law/Judiciary
Ansari's gunner killed in shoot-out,Crime & Law/Judiciary
DMK MP's plea to Election Commission,Politics & Government
Spice in talks with cellphone majors for merger,Business & Economy
TISCO seeks acquisition opportunities in select fields,Business & Economy
BJP demands quota in private jobs,Politics & Government
Musharraf's assurance on PoW issue,Politics & Government
Hezbollah denies involvement of Indian soldiers,Defence & Security
Market cool to Agra talks,Business & Economy
SGPC asks PM to take up Niazi issue at talks,Politics & Government
Take quarters or face action; govt docs told,Politics & Government
Azgaonkar's wit enlivens Assembly,Politics & Government
Cobbled paths; swaying palms; birdsong and bouquets,Other
Shiv 'bhakts' give police a sleepless night,Crime & Law/Judiciary
Tihar XI trounce Air Force boys,Defence & Security
Arrest was part of plot to eliminate me,Crime & Law/Judiciary
Tea gardens created up to June to get NOC,Other
Vajpayee to take Lahore road again,Politics & Government
Spurious liquor trade flourishing in Goa,Business & Economy
Militants launch suicidal attacks on Army camps,Defence & Security
Govt to look into cable operators' demands,Politics & Government
CM tells doctors to look beyond money,Health
PM; Musharraf begin fourth round of talks,Politics & Government
Patients at govt hospitals forced to buy medicines,Health
Ambassador bows out as police prefer sleek models,Crime & Law/Judiciary
Govt move on educating slum children has few takers,Politics & Government
Govt to get Rs 1;486 cr from 4th cellular slot,Politics & Government
Govt likely to offer a rollback in AU fee hike,Politics & Government
For UK Kashmiris; there is no freedom from fear,International/World
Govt; naxal peace overture hailed,Defence & Security
After Munger; cerebral malaria grips Lakhisarai,Health
Another batch of pilgrims leaves for Amarnath,"Society, Religion & Culture"
Naga bandh affects normal life,Politics & Government
Delhi experiences mild tremor,Weather & Disaster
Congress can bring back Kamaraj rule: Vazhapadi,Politics & Government
Sikh students felicitated,Education & Recruitment
Police obtain crucial evidence in ISD scam,Crime & Law/Judiciary
Three dacoits arrested at Kandivli; arms recovered,Crime & Law/Judiciary
Vajpayee is no pushover on Kashmir,Politics & Government
Scribe's murder: Verdict on July 30,Crime & Law/Judiciary
BJP; Cong blame Pak for breakdown,Politics & Government
Release of PM's remarks neutralise Musharraf,Politics & Government
Villagers prevent arrests of BKU leaders,Crime & Law/Judiciary
CM fails to turn up on Day 1,Politics & Government
SC warns govt of contempt action,Politics & Government
Govt attaches importance to bio-diversity,Business & Economy
Top Al-Bader militant killed in Kashmir,Defence & Security
US media focus on after-summit 'bitterness',International/World
Political Fashions,Politics & Government
CITU urges govt to extend IPP,Politics & Government
25 killed in landslides in Rudraprayag,Crime & Law/Judiciary
1 killed; 15 hurt as bus rams tree,Crime & Law/Judiciary
BJP dharna over Raichur drought,Weather & Disaster
Was Musharraf muzzled?,Politics & Government
Book presented to Musharraf was authored by AMU founder,Politics & Government
Anti-liquor committee alleges police connivance,Crime & Law/Judiciary
S African of Indian origin elected WCO president,Politics & Government
Rajasthan Football on the sidelines,Sports
AIDS hotline goes cold,Health
Shiv Sena likely to quit NDA,Politics & Government
Implementation of revised UGC payscales,Education & Recruitment
Assam observes bandh against Nagaland truce,Politics & Government
CPI blames CPM for govt's poor performance,Politics & Government
India; Israel sign $2 billion arms deal,International/World
Musharraf has benefited: VHP,Politics & Government
RLD buying time on poll pact with BJP,Politics & Government
LU students vent anger on maxi-cabs,Education & Recruitment
Drought: Hassan seeks special grant,Weather & Disaster
Police launches poster war against naxals,Defence & Security
Aks is something daring; says Amitabh Bachchan,Entertainment & Lifestyle
41 killed in Kashmir violence,Crime & Law/Judiciary
14 blasts in Jammu; 2 militants killed,Defence & Security
Vasai encounter case takes new twist,Defence & Security
KSU Bill: Teachers stage dharna,Education & Recruitment
Hundreds of cars financed by fraud loans,Crime & Law/Judiciary
BJP launches backward classes quota politics in UP,Politics & Government
One killed; five injured in road accident,Crime & Law/Judiciary
Dawood leaves Pak to avoid embarrassing Musharraf,Politics & Government
HRTC employees' strike politically motivated',Politics & Government
College admissions prove too complex a process,Education & Recruitment
AIDS programme in universities takes off,Health
UN offers no comments on Indo-Pak summit,International/World
Not fit enough to be zonal hospital,Health
Arrested anti-tuition agitators released,Crime & Law/Judiciary
Epilepsy surgery comes as a relief to 'drugged' patient,Health
After Munger; cerebral malaria grips Lakhisarai villages,Health
New form of intoxication baffles Nadiad police,Crime & Law/Judiciary
CPI extends support to govt staff stir,Politics & Government
Visa curbs sadden Australia-bound students,Education & Recruitment
Old Madras Road is State Bank Road now,Business & Economy
Bio-tech policy needs swadeshi touch: Report,Politics & Government
BJP demo for drought tag to Bellary,Weather & Disaster
Militants killed 9;600 civilians in J&K since 1989,Defence & Security
Indian doctors are coolies in British medical Raj,Health
29 athletes leave for Brunei meet,Sports
Musharraf back in Islamabad,Politics & Government
Dikshit undergoes emergency bypass surgery,Health
CPM tries to give clean chit to transport minister,Politics & Government
Anti-liquor committee alleges police connivance,Crime & Law/Judiciary
Only an elected Govt can negotiate:Pak parties,Politics & Government
279.370 cases pending before high court,Crime & Law/Judiciary
Doctor gets police cover after shooting incident,Crime & Law/Judiciary
Bank official gets 2 years RI for graft,Business & Economy
Rupee gains against $,Business & Economy
US-64: It's a losing game for investors,International/World
Santosh wins Thane Varsha marathon,Sports
2 killed; 10 injured as jeep overturns,Crime & Law/Judiciary
Medical students protest against food quality,Health
British Council enriched with new IT data bank,Business & Economy
Sci-fi movies festival in Kolkata from July 20,"Society, Religion & Culture"
PM to brief NDA leaders on summit,Politics & Government
Plan to attack Amarnath pilgrims foiled,"Society, Religion & Culture"
London bobby: How not to breach the thin blue line,International/World
Holland win dramatic ICC Trophy final,Sports
Pak hopeful of Hurriyat leaders' Islamabad visit,Politics & Government
Police nabs Khalistan militant,Defence & Security
HC upholds sale of site to film assn,Entertainment & Lifestyle
Illegal detention by railway police,Crime & Law/Judiciary
Govt awaiting report on reforming education system,Politics & Government
RAF jawans raid Jharkhand CS's house,Defence & Security
COD probe sought into graft,Crime & Law/Judiciary
Dacoit; aide acquitted of robbery; murder,Crime & Law/Judiciary
Block deals in limelight in listless market,Business & Economy
Beijing to invest a record $22 bn,International/World
Police arrest 15 BKU activists to prevent rally,Crime & Law/Judiciary
JD(S); Cong share panel chairman's post,Business & Economy
Govt for amending I-T laws to tax e-commerce firms,Business & Economy
Indian woman to serve jail term for kidnapping,Crime & Law/Judiciary
Cong asks CM to take stock of water scarcity,Politics & Government
Govt may reintroduce SAS,Politics & Government
Oppn puts govt on the defensive over drought,Weather & Disaster
Opposition vows to impeach Chandrika,Politics & Government
Notice was given for Musharraf press meet,Politics & Government
DU teachers complain of not being re-appointed,Education & Recruitment
SC notice to UP; CBI in Ayodhya case,Crime & Law/Judiciary
Super league reintroduced in Ranji Trophy,Sports
Keep talking; says US,International/World
LU bans ragging on campus,Education & Recruitment
Imarat Shariah asks Jharkhand govt to meet demands,Politics & Government
Bharat Shah admitted to pvt hospital,Health
PJR asks Naidu to quit to allow Yeleru probe,Crime & Law/Judiciary
Graf-Agassi marriage in January: Reports,"Society, Religion & Culture"
Bharat Shah admitted to pvt hospital,Health
Prabhakar's bail plea rejected,Crime & Law/Judiciary
Not fit enough to be zonal hospital,Health
Musharraf back in Islamabad,Politics & Government
Bangladeshi infiltrator killed in Assam,Defence & Security
For aaj ka MLA; it's hum do; humare aath!,Politics & Government
Pakistan media sees a spoiler in India,International/World
Dacoit; aide acquitted of robbery; murder,Crime & Law/Judiciary
Vajpayee fans pray for summit's success,Politics & Government
Oppn fails to defer budget discussion,Business & Economy
Patel appeals to explore market for herbal medicines,Business & Economy
No threat to Ganguly captaincy; says Borde,Sports
He's out to have a ball in the big; bat world!,International/World
BL closure: Industrial bodies seek PM's intervention,Politics & Government
Kidnapping drama baffles police,Crime & Law/Judiciary
Kingpin of petrol scam arrested,Crime & Law/Judiciary
I'm still with BJP: Udayanraje Bhosale,Politics & Government
Bengal for mandatory pre-marriage blood test,"Society, Religion & Culture"
Musharraf's statements impress Patnaites,Politics & Government
RBI guard shoots self,Business & Economy
Five more MSU student leaders arrested,Crime & Law/Judiciary
Junior doctors to shun work from July 23,Health
Shooting in Nepal,International/World
Hockey stars to run academy with 'waste',Sports
3 nabbed for 5-year-old robbery,Crime & Law/Judiciary
Hoax bomb call delays Cauveri Express,Defence & Security
BJP rues alliance with TDP,Politics & Government
Panel to probe arrests yet to begin work,Crime & Law/Judiciary
Plea against bail for fuel racketaccused rejected,Crime & Law/Judiciary
US for sustained Indo; Pak partnership,International/World
Income tax dept urges speedy filing of returns,Business & Economy
Jayachandra says what CM didn't,Politics & Government
Treasury benches mum at voice vote,Politics & Government
Cuncolim police staff suspended; relief for Dattu's family,Crime & Law/Judiciary
BJP fomenting communal strife: SP,"Society, Religion & Culture"
Harpreet death case: CBI records Sohal's statement,Crime & Law/Judiciary
Agitating AU students clinch victory on fee hike,Education & Recruitment
Mulayam blames Govt for summit failure,Politics & Government
Student leaders; political bosses told to behave,Education & Recruitment
Joshi blames Cong for Ayodhya tangle,"Society, Religion & Culture"
Govt tables tourism master plan in Assembly,Politics & Government
JD(U) calls for permanent policy on drought,Weather & Disaster
Gang of thieves busted; three arrested,Crime & Law/Judiciary
Govt approach was ad hoc: Cong,Politics & Government
Showcasing the best of Polish realistic cinema,Entertainment & Lifestyle
Leadership award for K M Mathew,Other
PSU bank chiefs meet UTI chief for US-64 assistance,Business & Economy
Enron probe's terms will be decided in a week,Crime & Law/Judiciary
Student detained; one injured in lathicharge,Education & Recruitment
Vasai encounter case takes new twist,Defence & Security
CBI asked to submit report in health deptt case,Crime & Law/Judiciary
UK looks up to Indian nurses,International/World
Tyco to make B'lore plant global sourcing base,International/World
Govt will boost mental health programme: Thakur,Health
Govt apathetic as NGOs labour for children's rights,Politics & Government
CM reacts to sorry state of post-mortem affairs,Politics & Government
Judicial probe into Puntambe firing ordered,Crime & Law/Judiciary
AIYF plans nationwide stir,Other
Govt reacts to contempt threat,Politics & Government
High Court serves notice on chief secretary,Crime & Law/Judiciary
Give grants to poor countries; US tells WB,International/World
LCP joint poll campaign from Aug 10,Politics & Government
Delhi Govt to seek extension of Sept 30 deadline,Politics & Government
Land Army constructs school in Goa,Defence & Security
Cong workers defy order; storm Mothijheel area,Weather & Disaster
Govt library faces congestion problem,Politics & Government
No increase in bonus of policy-holders: LIC,Politics & Government
HC stops Govt from finalising cellular bids,Politics & Government
Ganguly leads India to victory,Sports
BJP; Sangh relieved at summit failure,Politics & Government
US reviewing sanctions on India,International/World
SC's verdict clips police's wings,Crime & Law/Judiciary
Musharraf failed to grab attention of many students,Education & Recruitment
Complaint against school for map controversy,Education & Recruitment
Software services to contribute 7.5 pc to GDP,Business & Economy
Cruelty to animals rife in the name of religion,"Society, Religion & Culture"
Pleas challenging luxury tax on gutkha admitted,Business & Economy
Blackwill sworn in as US ambassador to India,International/World
Govt firm on imposing duty on leave; licence accommodation,Politics & Government
Govt. staff will strike work on July 25,Politics & Government
MLA demands water for his people,Politics & Government
Vajpayee & Sachin top the cool pool,Sports
States may fix margin for PDS shops: Govt,Politics & Government
Hopes dashed: US media,International/World
Bank break-in attempted,Business & Economy
Insurance claims to be settled in 7 days,Other
Jaya refutes plot to kill MK during arrest,Crime & Law/Judiciary
Vala to present state budget on July 26,Business & Economy
Crime probes pathetic; says prosecutor,Crime & Law/Judiciary
Car wars: Global models at Indian prices,International/World
Musharraf should sympathise with plight of POWs,Politics & Government
Mahdhani refused hospital treatment,Health
J&K told to specify number of pilgrims allowed,"Society, Religion & Culture"
Musharraf to hold press meet on Friday,Politics & Government
Moet-Hennessy to market cognac; champagne in India,Business & Economy
MU fails to use UGC funds for sports; says Senator,Education & Recruitment
Rs 68-cr Bellary project awaits govt nod,Politics & Government
Youth to be enlightened on AIDS,Health
UK still hopeful; hails talks,International/World
CM reviews power supply situation,Politics & Government
Congress takes early lead in Krishna district,Politics & Government
SGU V-C placates students demanding admissions to all,Education & Recruitment
India; Pakistan have moved an inch closer,International/World
Give more to art and culture: Minister,"Society, Religion & Culture"
Motorola bags $12 m Pacific Bangladesh contract,International/World
Congress erodes TD base in East Godavari,Politics & Government
BJP launches backward classes quota politics in UP,Politics & Government
MF industry grew by 46.49% in 1999-2000,Business & Economy
Govt not responsive to drought; says Dal,Weather & Disaster
Violence at city school; motive still not known,Education & Recruitment
NCP to contest civic poll on its own strength,Politics & Government
Musharraf's visit a gimmick; says Sharif,Politics & Government
Revenue loss has dented exchequer: CAG,Business & Economy
Teachers given best possible treatment: Minister,Education & Recruitment
LDF had sought several crores from WB; Assembly told,Politics & Government
Speaker discharged from bank fraud case,Crime & Law/Judiciary
Kidnapped officials to be recovered soon; says SP,Crime & Law/Judiciary
Govt finalises developer for Shamshabad airport,Politics & Government
Temple feeds elephants in ritual,"Society, Religion & Culture"
V P Singh hits out at BJP on fee hike,Politics & Government
Sena-BJP members stage walkout from Council,Politics & Government
Flyover scam: Bail orders reserved till July 23,Crime & Law/Judiciary
MSU expects good response to finance scheme,Business & Economy
Storytelling; a dying tradition?,"Society, Religion & Culture"
CM's assurance on fee hike,Politics & Government
GSVM College stir enters ninth day,Education & Recruitment
Sacked ICSSR chairman Sondhi to move court,Crime & Law/Judiciary
No pay if you go on strike; govt staff warned,Politics & Government
PM calls meet of N-E CMs on ceasefire,Defence & Security
Opener's slot continues to plague Indians,Sports
MSU sure of a good response to self finance scheme,Business & Economy
Kumble to return to competitive cricket,Sports
Anuradha Paudwal's new album launched,Entertainment & Lifestyle
Amitabh is awesome; Aamir friendly,Entertainment & Lifestyle
PC market slowdown temporary,Business & Economy
Alang yard under darker shadows of death,Other
Chhota Rajan aide killed in encounter,Defence & Security
Ganguly leads India to victory,Sports
Jharkhand minister; chief secy invite HC's wrath,Politics & Government
Security tightened after attack on mosque,"Society, Religion & Culture"
Pistol used in Gulshan murder case identified,Crime & Law/Judiciary
Centre accused of not providing drought relief,Weather & Disaster
Archer's web of lies puts him in jail,Crime & Law/Judiciary
Ketan denies foreign bank account ownerships,Business & Economy
Punjab govt bans controversial book on Guru Nanak,Politics & Government
Siemens Q3 net profit down 48.97 %,Business & Economy
Importance of savings highlighted,Business & Economy
Youth killed in eve-teasing row,Crime & Law/Judiciary
World Bank concerned about city's smoke,Business & Economy
Minister wants perks for quake-relief staff,Politics & Government
Kerala House passes vote on account,Politics & Government
US wants strategic ties with India,International/World
Rapist sentenced to 10 years behind bars,Crime & Law/Judiciary
RBI to take steps against soiled notes in new areas,Business & Economy
Minister launches tree planting programme,Politics & Government
Its India vs Malaysia in Azlan Shah cup opener,Sports
MJ engg students invent solar powered car,Education & Recruitment
Tendulkar's absence keeps Kiwis optimistic,Sports
Govt targets $50 bn textile exports by 2010,Business & Economy
Physically-challenged swindler arrested,Crime & Law/Judiciary
Vidarbha Cong. MLAs join hands with Sena; BJP,Politics & Government
Gangsters convicted for attack on trader,Crime & Law/Judiciary
'Entire country will oppose PM's Pak visit',Politics & Government
Outdoor; emergency wings of hospital inaugurated,Health
Students should take part in nation-building activities,Education & Recruitment
Policy to hasten captive power projects soon,Politics & Government
Here people bank on crows; for garbage clearance,Business & Economy
Middleman arrested by CBI in HSD scam,Crime & Law/Judiciary
Ansari's henchman succumbs in hospital,Health
Minister seeks help of religious heads,"Society, Religion & Culture"
Move to allot college land to Tourism Dept opposed,Education & Recruitment
Three convicted for killing scribe,Crime & Law/Judiciary
Govt will not alter stance on Kashmir,Politics & Government
Wounded PCO owner dead; one arrested,Crime & Law/Judiciary
Govt will try to revive Mahadayi,Politics & Government
Top officials charged with corruption,Crime & Law/Judiciary
Minister wants perks for quake-relief staff,Politics & Government
Maars; Mascon call off merger,Business & Economy
Police lookout for criminals in outskirts of Surat,Crime & Law/Judiciary
CM defends crackdown against illegal shrines,Politics & Government
Pay your property tax through SBH,Business & Economy
AG probe into huge withdrawal not yet complete,Crime & Law/Judiciary
Judge refuses bail to petrol bunk owners,Crime & Law/Judiciary
Fish vendors are back at municipal market,Business & Economy
China sees less chances of war with India,International/World
PMC administrator ko gussa kyon aata hai?,Other
Rupee stages smart rally against dollar,Business & Economy
Canadian students told about astrology,Education & Recruitment
Indian doctors are in the limelight again,Health
Teachers seek withdrawal of negative provisions,Education & Recruitment
Dalit Panthers stage dharna,"Society, Religion & Culture"
Murder probe exposes chinks in police department,Crime & Law/Judiciary
Sony to telecast Smita Thackeray's first TV serial,Entertainment & Lifestyle
Kiwis will be a handful for India,Sports
Bail opposed for accused in fuel racket,Crime & Law/Judiciary
Mangalore RTO tops in corruption,Crime & Law/Judiciary
Who will wag the campus fag?,Education & Recruitment
MLA's kin assault phone linemen; work paralysed,Crime & Law/Judiciary
Opener's slot continues to plague Indians,Sports
Haryana govt signs MoU with STPI,Politics & Government
Centre provides 'Z' security for Karunanidhi,Politics & Government
Extortion bid lands youth in police trap,Crime & Law/Judiciary
Benazir blames Musharraf for talks failure,Politics & Government
New party a setback for Ranjan,Politics & Government
Chhota Rajan gangster shot dead in encounter,Defence & Security
3rd umpire should be consulted more often,Sports
Jaya gives aid to 2 medical students,Health
Hardened criminal killed in encounter,Defence & Security
Record profit for state tourism,Business & Economy
Come join us: New engg colleges woo CET aspirants,International/World
Vassal blames SEBI for US-64 crisis,Business & Economy
Manhunt for doctor; wife in job racket,Health
Govt seeks legal advice on cellular logjam,Politics & Government
BJP might field new faces in polls,Politics & Government
3-month jail term for showing contempt to court,Crime & Law/Judiciary
Govt missive to premier institutions today,Politics & Government
TN Speaker discharged in bank fraud case,Crime & Law/Judiciary
College teachers to stage protest,Education & Recruitment
Ramjas students suspended for ragging,Education & Recruitment
Bihar govt unconcerned about kala-azar menace: Thakur,Politics & Government
Govt may raise cess on petrol; diesel,Business & Economy
Youth drowns at ritual,"Society, Religion & Culture"
Student shot; 2 hurt in Deshbandhu College clash,Education & Recruitment
State funding for parties' poll expenses likely,Politics & Government
CM wants rethink on power subsidy,Politics & Government
Police station on Tank Bund to stem crime tide,Crime & Law/Judiciary
3-month jail term for showing contempt to court,Crime & Law/Judiciary
Govt to make efforts for peaceful ties with Pak,Politics & Government
Musharraf-editors meet not telecast live: NDTV,Politics & Government
Oppn stops minister from tabling varsity report,Politics & Government
CM gives a clean chit to UP police,Crime & Law/Judiciary
RBI favours greater freedom to co-op banks,Business & Economy
Vizag police staff to be paid wages at workplace,Crime & Law/Judiciary
Extortion bid lands youth in police trap,Crime & Law/Judiciary
Musharraf unveils Pak's MBT,Politics & Government
RBI foresees higher agri growth this fiscal,Business & Economy
Govt to move SC over 4th cellular slot: Paswan,Politics & Government
Malayalam film for Rome festival,Entertainment & Lifestyle
Hospitality industry decries step-motherly treatment,Business & Economy
Traders to hold bandh against Rent Act proposals,Politics & Government
Muslim forum chief blasts Lucknow SSP,"Society, Religion & Culture"
Higher education only for classes: Minister,Politics & Government
Junior doctors threaten indefinite strike,Health
Hrithik's grandmother roped in to compose music,Entertainment & Lifestyle
Move to allot college land to Tourism Deptt opposed,Education & Recruitment
Bail opposed for accused in fuel racket,Crime & Law/Judiciary
SIMI activists behind trouble over Gadar: Minister,Politics & Government
Policy on sand mining urged,Politics & Government
Sena activists 'purify' Musharraf's haveli in Delhi,Politics & Government
Bengal Assembly in for stormy session,Politics & Government
Gujarat cabinet okays bill on two-child norm,Politics & Government
United Committee of Manipur meets Advani,Politics & Government
Computer Science entrance results out,Education & Recruitment
Police looking for more criminals in Stadium case,Sports
Manipuris ask Choaba Singh to resign,Politics & Government
MJ engg students invent solar powered car,Education & Recruitment
Associated college teachers stage dharna,Education & Recruitment
BJP gunning for Jaswant for PR failure,Politics & Government
Child artist denied permission to meet Musharraf,Politics & Government
Minister positive about renewable energy sector,Politics & Government
New excise policy to facilitate sale of liquor,Politics & Government
Jail has hacker Dr Neukar in tears,Crime & Law/Judiciary
D V Prasad shares lead in Dortmund Open,Business & Economy
Ayurveda students face Marathi handicap,Education & Recruitment
DSQ Software denied access to capital market,Business & Economy
Manu's bail hearing deferred in model murder case,Crime & Law/Judiciary
Government to introduce 'Lokprahari',Politics & Government
More Army columns join in Orissa flood relief,Weather & Disaster
2 more depose before court in Uphaar case,Crime & Law/Judiciary
Police clueless over missing ABVP leader,Crime & Law/Judiciary
Fernandes meets PM as Ajit Singh likely to join NDA,Politics & Government
V P raps govt for not preparing for summit,Politics & Government
20 ultras among 26 killed in J&K,Crime & Law/Judiciary
NGOs protest AIDS workers' arrests,Crime & Law/Judiciary
Mamata not invited to rejoin NDA: Sikdar,Politics & Government
I would salute Musharraf if in uniform: Manekshaw,Politics & Government
Students should take part in nation-building activities,Education & Recruitment
Overthrow BJP govts; Mulayam tells partymen,Politics & Government
Naxal threat looms large on defections,Defence & Security
Kiwis will be a handful for India,Sports
Top UTI officials charged with fraud,Crime & Law/Judiciary
CM says no to 2nd tea auction centre of N Bengal,Politics & Government
Controversial Bengal minister to pen a book,Politics & Government
SIMI activists behind trouble over Gadar Minister,Politics & Government
Govt missive to premier institutions today,Politics & Government
Govt announces 15-point plan to counter drought,Weather & Disaster
KVS teachers ruffled by transfers,Education & Recruitment
Apex court admits plea against Jaya,Crime & Law/Judiciary
US armed forces chief returns home,International/World
'High-level probe into sammelan's affairs needed',Crime & Law/Judiciary
Haryana leaders allege harassment,Crime & Law/Judiciary
Manu's bail plea to be heard on July 27,Crime & Law/Judiciary
Elusive fire safety norms at govt buildings,Politics & Government
Deal firmly with Pak; Jammu groups tell govt,Politics & Government
PCMC property tax collection to go online,Business & Economy
Kurnool poll results surprise factionist-turned politicians,Education & Recruitment
Tendulkar's absence keeps Kiwis optimistic,Sports
At last; a Kerala MP in NDA fold?,Politics & Government
Doctors worried over Bharat Shah's poor health,Health
Mango season over; export policy announced,Business & Economy
RBI to launch move against soiled notes,Business & Economy
CAG pulls up Bengal govt for poor performance,Politics & Government
Undertrials benefit from court-in-jail experiment,Crime & Law/Judiciary
Katharine the Great,Other
Farmers reeling under WTO impact need tax break: Minister,Business & Economy
Medical shop owner killed; jewellery missing,Crime & Law/Judiciary
Stop scoring points and attend to drought victims,Weather & Disaster
BJP extends support to Panja,Politics & Government
BJP demands probe into Bihar police firing,Crime & Law/Judiciary
Mayawati gets into election mode,Politics & Government
Condoms help little in disease prevention,Health
Decks cleared for Panja to join Union cabinet,Politics & Government
Muslim organisations flay Rane,"Society, Religion & Culture"
4 killed; 42 injured in road mishap,Crime & Law/Judiciary
Junior doctors call off stir,Health
PMCH patients suffer as CT scan packs up,Health
Tax collections plunge 13% in Q1,Business & Economy
Telecom services being upgraded,Business & Economy
Prasar Bharati stopped from showing graphics during cricket,Sports
Yadav expresses reservation on quota issue in UP,Politics & Government
Govt 'silence' on Pak media blitz flayed,Politics & Government
US warns of Indonesian turmoil,International/World
New excise policy to facilitate sale of foreign liquor,International/World
Terrorists in town; khaki in the red,Defence & Security
Tania's third in world juniors,International/World
Govt will try for all-party consensus on power reforms,Politics & Government
Dance; music contest in Sept,Entertainment & Lifestyle
Help offers pour in for drought victims,Weather & Disaster
SC verdict on Laloo's arrest on July 23,Crime & Law/Judiciary
Carnatic musical festival begins,"Society, Religion & Culture"
Bomb hoax: Train held up,Defence & Security
Youth carrying bomb hurt in blast,Defence & Security
Decks cleared for Panja to join Cabinet,Politics & Government
Micro-centre opened at Amargadh T B hospital,Health
Golf selection shenanigans,Sports
Think global; Muzaffar Ali exhorts film-makers,Entertainment & Lifestyle
Police seek training in economic offences handling,Crime & Law/Judiciary
Medical varsity soon in Kerala,Health
AICC political training deptt organises camp,Politics & Government
Programme for engineering teachers,Education & Recruitment
Traffic police goes high-tech,Crime & Law/Judiciary
One killed; 130 students injured in Manipur,Crime & Law/Judiciary
Police found guilty in firing case,Crime & Law/Judiciary
How does heat from the sun reach us through space?,International/World
Plastic surgery with a difference,Health
Conwoman squatter arrested,Crime & Law/Judiciary
Govt trashes last year's population policy draft,Politics & Government
Kutch engineers allege harassment by police,Crime & Law/Judiciary
13 killed as militants target Amarnath yatra,Defence & Security
No power tariff hike for farm sector now,Business & Economy
Husband; in-laws sentenced to RI,Crime & Law/Judiciary
Meet called to incorporate changes in policy,Politics & Government
Pilgrim centres to be developed,"Society, Religion & Culture"
Firm to manufacture ICGEB malaria vaccine,Health
BJP manages to save the day at VMC,Politics & Government
He is fighting cancer but has surrendered before PMC,Health
Urdu papers go soft on tough Musharraf,Politics & Government
Stray cattle to be kept at govt farms,Politics & Government
MONEY WISEbrLessons from US 64 debacle,International/World
DGP's verdict: SP is good; IG not bad,Crime & Law/Judiciary
Secularism threatened under NDA govt: Sonia,Politics & Government
Man murdered; valuables looted,Crime & Law/Judiciary
Dubya; cheap and nasty American import into EU,Business & Economy
Bodies of Army jawans arrive,Defence & Security
Jaya's elephant donation was in order: Govt,Politics & Government
Keerthi Reddy: Traffickin' Muse!,Other
CBM initiated to improve police functioning,Crime & Law/Judiciary
Kalyan Singh stages rally; courts arrest,Crime & Law/Judiciary
Govt papers found in dump,Politics & Government
Govt schools to introduce evaluation system,Politics & Government
Parallel to Hurriyat floated,Politics & Government
Kalyan stages rally in Delhi; courts arrest,Crime & Law/Judiciary
Desi masters of the game win Hollywood fame,Entertainment & Lifestyle
State funding for parties' poll expenses likely,Politics & Government
Yet another case framed against Salman,Entertainment & Lifestyle
Manipur stir intensifies; paramilitary forces keep vigil,Defence & Security
Former UTI chief Subramanyam arrested,Crime & Law/Judiciary
Most-wanted elements put police; govt in a fix,Crime & Law/Judiciary
Azad blasts AIADMK leader for Sonia slur,Politics & Government
CBSE on a lookout for alternate grading system,Education & Recruitment
BJP says lung space being encroached,Politics & Government
MPs to stand united in Parliament,Politics & Government
VSNL venture to provide services in Nepal,International/World
Education secretary to probe stampede,Crime & Law/Judiciary
Jaya's elephant donation was in order: Govt,Politics & Government
Main Accused linked with Kashmiri terrorist outfits,Defence & Security
Modi urges removal of 'tainted' police officers,Crime & Law/Judiciary
Fishermen decry govt 'indifference',Politics & Government
City BJP severs ties with Samata,Politics & Government
Minister gets clean chit from CPM,Politics & Government
No need to panic; says Ganguly,Sports
CBI arrests Subramanyam,Crime & Law/Judiciary
Bankura hospital linked up with tele-cardiology,Health
More states recommended for inclusion in CIC,Other
Faculty of commerce teacher-student ratio 1:220,Education & Recruitment
No hint from Mamata on joining NDA,Politics & Government
People's Front braces to slam Govt,Politics & Government
Lodge FIR against former AIIMS director; professor,Crime & Law/Judiciary
Aamir Khan: Gaining an international audience!,Entertainment & Lifestyle
Lanka Govt blames UNP for instigating violence,Politics & Government
Police used third degree methods on hackers,Crime & Law/Judiciary
Change in exam system advocated,Education & Recruitment
Militants strike again in J&K; 15 killed,Defence & Security
CBSE on a lookout for alternate grading system,Education & Recruitment
Introduce contract system in govt,Politics & Government
World's most prolific woman film producer,Entertainment & Lifestyle
Sonia offers condolences,Politics & Government
Kerala to shift to market-driven policy,Business & Economy
First aerospace doctor on high alert,Health
Its PM's prerogative to induct anyone: Chautala,Politics & Government
Police get 3 months to investigate deathdue to gate collapse,Crime & Law/Judiciary
TDP apes Congress; goes for 'sealed covers',Politics & Government
NSUI trade charges on shootout,Business & Economy
CITU extends support to govt staff stir,Politics & Government
All-party team to meet PM on drought,Weather & Disaster
UK scientists dispute Indian claim on Pokhran,International/World
BU I degree results today,Education & Recruitment
AIDS-stricken AP fights back the virus,Health
Thief arrested,Crime & Law/Judiciary
Police unearths arms factory,Crime & Law/Judiciary
40% of ACB cases end in acquittal,Crime & Law/Judiciary
New surgical procedures help vitiligo patients,Health
PM blames Pakistan for talks' fiasco,International/World
Govt plans to tackle root of drought problem,Weather & Disaster
Johris; a jarring note for BJP,Politics & Government
Ayurveda graduates oppose college land alienation,Education & Recruitment
Pak troops intensify firing along LoC,Defence & Security
Outside help sought in FP programmes in UP,Other
Akshay Kumar: Signed for an Anil Sharma film!,Entertainment & Lifestyle
Student killed,Crime & Law/Judiciary
UK scientists dispute Indian claim on Pokhran,International/World
US slump may last longer than expected,International/World
Shantam selected for Cairo festival,"Society, Religion & Culture"
SEC tells collectors to trace abducted poll winners,Politics & Government
Students step in to stem traffic chaos,Education & Recruitment
J&K minister's house attacked,Politics & Government
Arya Samaj meet against caste discrimination,"Society, Religion & Culture"
After floods; epidemic threat looms over Orissa,Weather & Disaster
Bihar govt to set up bomb disposal squads in 15 districts,Defence & Security
Brando Equity,Other
Govt to safeguard ex-armymen's interests: CM,Politics & Government
UK firm to walk Karnataka through VAT system,International/World
'Rajnath natak mantri; Paswan BJP's agent',Politics & Government
1 killed; 16 injured in Agartala blast,Crime & Law/Judiciary
MBT shelves IPO; plans Pvt placement,Business & Economy
US wants strategic ties with India: Rocca,International/World
Digvijay reviews finance department's functioning,Business & Economy
'Our man in WTO' arrested,Crime & Law/Judiciary
Junior doctors plan stir from today,Health
Boost demand to revive economy,Business & Economy
PJR demands revival of probe into Yeleru land scam,Crime & Law/Judiciary
Bangladeshi infiltrator shot dead by BSF,Defence & Security
VHP delegation hands statement to riot commission,Politics & Government
Bank honours merit students,Education & Recruitment
Stray incidents mar mandal chiefs' elections,Politics & Government
Jail has hacker Dr Neukar in tears,Crime & Law/Judiciary
Global law mooted to check cyber crime,Crime & Law/Judiciary
Accused in priest attack case linked with terrorist outfits,Defence & Security
Musharraf hurdle to peace with India: PML,Politics & Government
Concert to Remember,Entertainment & Lifestyle
Destroy ultra training camps in Pak: VHP,Politics & Government
Hurriyat links attack on Amarnath yatris with Kashmir issue,Politics & Government
Police told to register FIR against former AIIMS chief,Crime & Law/Judiciary
Kannabiran writes to CM on teachers' 'harassment',Crime & Law/Judiciary
Dead Amarnath pilgrims arrive in city,"Society, Religion & Culture"
Cong workers killed in Amarnath cremated,Crime & Law/Judiciary
Teachers accuse DEO of not preparing seniority list,Education & Recruitment
SEBI will raise issue of brokers funding with RBI; says Mehta,Business & Economy
Bollywood warms up to India Inc.,Entertainment & Lifestyle
Chinese doctor sets world record in weight loss,Health
Kirit SomayiabrShould Sinha resign over UTI failure,Politics & Government
Soli J SorabjeebrUS Supreme Court East Timor,Crime & Law/Judiciary
Adulterated oil seized; three arrested,Crime & Law/Judiciary
India to introduce HBV vaccine: WHO,Health
Bihar govt to set up bomb disposal squads,Defence & Security
VHP reiterates its stand on Ram Mandir,Politics & Government
Two killed; 21 injured in Kashmir blasts,Crime & Law/Judiciary
Sharif not to set base in London,International/World
Govt awaits HC ruling,Politics & Government
Ram temple construction to begin in March,"Society, Religion & Culture"
Patients affected as junior doctors strike work,Health
No clash of ideas over film fest venue,Entertainment & Lifestyle
SEC rejects Congress request,Politics & Government
Minister's son cleared of smuggling charges,Crime & Law/Judiciary
Rupee opens slightly weak against $,Business & Economy
Akshay Kumar signs for an Anil Sharma film!,Entertainment & Lifestyle
Paswan may go for tie-ups outside NDA,Politics & Government
Orissa govt sends medical teams to combat enteric disease,Health
Sudhakaran gets bail for funeral,Crime & Law/Judiciary
2 Pak soldiers killed in border firing,Defence & Security
Power grid corporation to invest Rs 1;100 crores in telecom,Business & Economy
Doda killings have exposed Musharraf: BJP,Politics & Government
Hearing in water tax case posted to July 23,Business & Economy
CM tight-lipped on burning civic issues,Politics & Government
iCMG releases world's first CORBA Server,International/World
City pilot project to shape police e-network in state,Crime & Law/Judiciary
Uma Bharti scoffs at marriage rumours,"Society, Religion & Culture"
Belgaum aims for Chandigarh-model revamp,Entertainment & Lifestyle
MES refuses to bury border hatchet,Defence & Security
Sangh Parivar goes soft on NDA Govt,Politics & Government
Shah Rukh Khan: Quote unquote!,Other
Three of a family killed in mishap,Crime & Law/Judiciary
CBI says no action in submarine case till probe is completed,Crime & Law/Judiciary
Kidnap case: 'Punk' Kumar remanded,Crime & Law/Judiciary
Panja still waiting in the wings for Cabinet berth,Politics & Government
Dragon; Tiger of China eye India,International/World
Pranab MukherjeebrShould Sinha resign over UTI failure,Politics & Government
Let us invite Mohajirs for talks,International/World
Krishnam Raju moves to defence ministry,Defence & Security
Flyover case: Advance bail to Stalin aide,Crime & Law/Judiciary
MP's supporters thrash Gaya DCC president,Politics & Government
SC upholds bail to Ahmedabad builders,Crime & Law/Judiciary
Health care scheme in MP,Health
Amarnath pilgrims stranded due to heavy rain,Weather & Disaster
Junior colleges 'cash' in on hapless students,Education & Recruitment
New born undergoes rare surgery,Health
Govt ignorant of ground realities: JD(S),Politics & Government
Jalandhar police launches website,Crime & Law/Judiciary
22 injured in blast at Indo-Bangla border,Defence & Security
UTI suspends officials under CBI investigation,Crime & Law/Judiciary
Blame sticks on JD(U); BJP too,Politics & Government
India scores on size; loses on red tape for FDI,Business & Economy
TechSpan to offer customised billing products for domestic market,Business & Economy
US grant to Indian agriculture scientist,International/World
UN begins probe into videotape affair,Crime & Law/Judiciary
Parliament's real business yet to begin,Politics & Government
Hurriyat sings Musharraf's tune,Politics & Government
Some NGOs helping pro-Pak elements; say security forces,Defence & Security
Bhujbal cross-examined in defamation case,Education & Recruitment
School children throw rules to wind,Education & Recruitment
Film stars in Parliament; no more a rare sight,Entertainment & Lifestyle
After exam failure; its career choices that worry students,Education & Recruitment
3 CRPF men killed in NSCN attack in Assam,Crime & Law/Judiciary
Police disperse agitating students,Crime & Law/Judiciary
Women constitute 60 per cent of AIDS cases in India,Health
Help available for poor patients of arthritis,Health
SC stays Laloo's arrest in fodder case,Crime & Law/Judiciary
Tension continues between BKU; police,Crime & Law/Judiciary
Retirements may drain UP coffers,Other
Indian households ditch stock market for small savings,Business & Economy
Wrong timing: Hike in fee for medical; dental courses,Health
SEBI suspends ace stock broker Nikhil Shah,Business & Economy
2 killed as bus hits auto,Crime & Law/Judiciary
BJP unit chief offers to resign,Politics & Government
Maharashtra Assembly regularises irregular construction,Politics & Government
Amitabh Bachchan: Carry on safely!,Entertainment & Lifestyle
Help available for poor patients of arthritis: Thakur,Health
PAC slams defence ministry for shielding the corrupt,Defence & Security
Rocca calls on Sonia,Politics & Government
Number of poor in city to rise as govt widens scope,Politics & Government
757 militants killed this year in Kashmir,Defence & Security
Surat company develops heart stent,Business & Economy
Software net to catch smugglers,Crime & Law/Judiciary
Barry; Foster to coach Sri Lanka,International/World
Decision soon on power tariff hike,Business & Economy
No more cricket for Cronje: SA Board,Sports
3-member panel to probe UTI's investment decision,Crime & Law/Judiciary
Cricket will go on in Sri Lanka,Sports
MIDDLEbrThe Musharraf Effect,Politics & Government
Govt may mull more compensation to VSNL,Politics & Government
Vittal outlines ways to combat corruption,Crime & Law/Judiciary
Union minister heads firm that swindled Goans,Politics & Government
DMK MP wants Bharat Ratna for Sivaji,Politics & Government
Three of a family killed in mishap,Crime & Law/Judiciary
Life convicts appear for PG exams,Crime & Law/Judiciary
Lodge FIR against former AIIMS director; professor,Crime & Law/Judiciary
PM's response to summit debate on Thursday,Politics & Government
Kolar govt staff to stage dharna today,Politics & Government
11 killed in trekker-bus collision,Crime & Law/Judiciary
Bihar govt to set up bomb disposal squads in 15 districts,Defence & Security
Agra summit not a failure: BJP,Politics & Government
Surat company develops heart stent,Business & Economy
Govt to continue to abide by cabinet decision of 1955,Politics & Government
PM gives Sinha clean chit,Politics & Government
Govt to file caveat in SC tomorrow on 4th cellular slot issue,Politics & Government
Junior doctors threaten to intensify stir,Health
Police rescue Sikh pilgrims at station,Crime & Law/Judiciary
PM for consensus to resolve Naga issue,Politics & Government
Meet decides to revive student movement in Goa,Education & Recruitment
Govt urges NSCN(I-M) to be flexible on ceasefire,Defence & Security
ABVP; NSUI trade charges on shootout,Business & Economy
Police deny CRPF's involvement in Sheshnag massacre,Crime & Law/Judiciary
Pensioners pose a nightmare to officials,Other
Shiv Sena-BJP Oppn stage walkout over SIMI issue,Politics & Government
3 BSP leaders expelled from party,Politics & Government
BJP team to visit Delhi for aid,Politics & Government
New Sanskrit Mahavidyalay building plans finalised,Other
Financial constraints compelled govt to take harsh steps,Politics & Government
Indian Navy may promote 'Pearl Harbour',Defence & Security
SC reserves order in case against Jaya's minister,Politics & Government
Retired KSRTC staffers to lay siege to minister's house,Politics & Government
Don't be apologetic about summit: PM to partymen,Politics & Government
Vajpayee rules out compromise on terrorism,Politics & Government
CBI files report on Airbus deal in HC,Crime & Law/Judiciary
Ban on new licences for manufacturing drugs soon: Minister,Politics & Government
These women can operate bank accounts now,Business & Economy
Underpass trial run soon,Crime & Law/Judiciary
VHP reiterates its stand on Ram Mandir,Politics & Government
Militants kill four kidnapped J&K villagers,Defence & Security
Trade unions protest against govt policies,Business & Economy
Jassal new Indian ambassador to Israel,International/World
Dengue-prone areas identified,Health
Exim policy woes: House seeks Central help,Politics & Government
Govt to conduct inquiry into hoisting of Pak flags,Politics & Government
Court directive for foolproof drug testing,Crime & Law/Judiciary
Heavy exchange of fire along LoC,Defence & Security
Minister's absence irks House,Politics & Government
7 policemen killed in car-rail engine collision,Crime & Law/Judiciary
Students seek postponement of engg exams,Education & Recruitment
Govt plans to handle jr doctors' stir,Health
Info-tech a crucial weapon for armed forces,Defence & Security
It won't be all fun when Lankans meet Kiwis,Sports
Oppn flays govt over 'failure' of summit,Politics & Government
MU teachers demand withdrawal of Varsity Bill,Education & Recruitment
Theft at Gandhidham,Crime & Law/Judiciary
Russia finds Nilgiri tea bitter,International/World
5 women in flesh trade arrested,Crime & Law/Judiciary
State; Central govt employees to go on strike,Politics & Government
Three ultras among four killed in J&K,Crime & Law/Judiciary
Flood shelter scheme yet to begin,Weather & Disaster
Pesticides may have killed fish,Crime & Law/Judiciary
Making companies disabled-friendly,Business & Economy
Ganguly to bat lower down,Sports
Govt releases Rs 20 crore for drought,Weather & Disaster
2 held for theft in Gokul Industrial Estate,Crime & Law/Judiciary
Lok Ayukta pulls up Victoria Hospital,Health
Govt move on mobile telephony challenged,Politics & Government
Power cut imposed on Kerala,Business & Economy
Orissa flood situation grim; 86 dead,Weather & Disaster
Talks deadlocked; junior doctors to intensify stir,Health
TADA court extends bail of Yusuf Memon,Crime & Law/Judiciary
SC upholds Mulayam's election from Sambal,Politics & Government
City pilot project to shape police e-network,Crime & Law/Judiciary
Govt directed to table report of inquiry into naxal death,Defence & Security
Policemen's hand in robbery suspected,Crime & Law/Judiciary
Grants to 40 students in Panaji,Education & Recruitment
JD(S) threatens govt on changing Yagachi canal plan,Politics & Government
No change in liquor policy planned,Politics & Government
70 pc govt staff join stir,Politics & Government
India beat Egypt in World Cup qualifier,Sports
Power cut in some city areas on Sunday,Business & Economy
IBM; Aptech announce global training alliance,International/World
Indian tea exports hit by Iran ban,Business & Economy
Bihar engineering exam scam case cracked,Crime & Law/Judiciary
IT firms eye Europe for offshore services,International/World
Bhaskar to become next police chief,Crime & Law/Judiciary
Telco losses up,Business & Economy
Govt staff stir partial in Mysore,Politics & Government
Destined to death; Arnit is deprived of jail facilities,Crime & Law/Judiciary
Tendulkar feeling better; bone scan on Aug 10,Sports
Justice Ahmadi cautions Muslims against turning into vote-bank,Business & Economy
Tarapore mum on UTI;seeks stronger regulatory capability,Other
Indian Army rebuts Israeli charges,Defence & Security
Advani rejects J&K autonomy resolution,Politics & Government
RTC will not be privatised: CM,Politics & Government
VAT panels to probe revenue loss due to VAT and VAT on services,Crime & Law/Judiciary
IndianOil seeks tax break to keep Panipat alive,Business & Economy
VRS: Goa govt gets help from EDC,Politics & Government
Attempt to loot bank foiled in Surat dist,Business & Economy
SBI; ICICI Bank to outsmart others in 3 years,Business & Economy
TOI's toy train report mentioned in House,Other
US grant to Indian agriculture scientist,International/World
BCC sees red over film units' damage to parks,Entertainment & Lifestyle
Israel awaits President K R Narayanan's visit,International/World
State govt employees stage dharna,Politics & Government
Hiten Dalal's arrest deferred,Crime & Law/Judiciary
India; Russia agree on cost to set up Kudankulam plant,International/World
Rajnath writes to PM on EWS housing schemes,Politics & Government
Verdict on Ketan Parekh's bail plea tomorrow,Crime & Law/Judiciary
Jail officials found her tough,Crime & Law/Judiciary
Govt to act tough against corrupt officers,Crime & Law/Judiciary
India has 5 years advantage over China in IT,International/World
Man carrying revolver arrested,Crime & Law/Judiciary
Police patrol to be intensified along rly tracks,Crime & Law/Judiciary
Mankolangal chosen for Locarno festival,"Society, Religion & Culture"
Govt concerned at rising inter-country adoptions,Politics & Government
Sri Lanka pull off sensational victory,International/World
School students advocate cause of Hindi,Education & Recruitment
Rajnath denies SP's charges on Phoolan's murder,Crime & Law/Judiciary
Raichur cricket stadium project in limbo,Sports
Floods ease; but public anger mounts in Orissa,Weather & Disaster
CNG not the only clean fuel: Govt,Politics & Government
'Insight into one's culture needed',"Society, Religion & Culture"
25 hurt as BJP; Congress activists clash,Politics & Government
US revises military strategy,International/World
Amitabh Bachchan: Don't say 'Bollywood'; say 'Hollywood'!,Entertainment & Lifestyle
Congress stalls LS proceedings,Politics & Government
CITU protests against govt's 'anti-labour' policies,Politics & Government
Ex-minister Zawarkar booked for fraud,Crime & Law/Judiciary
Trinamul stages walkout in assembly,Politics & Government
Production of Agni missile begins: Govt,Defence & Security
Ministers; babus fight it out in court,Crime & Law/Judiciary
Shimoga shuts down in protest against mining,Other
China takes note of Indo-Israeli 'Phalcon' deal,International/World
PMK readmitted to NDA,Politics & Government
Probe panels suffer govt apathy,Crime & Law/Judiciary
Pro-active policy to be pursued in J&K: Swami,Politics & Government
Announcement on Enron PPA probe tomorrow,Crime & Law/Judiciary
UTI in talks with private banks for US-64 package,International/World
PCC president blames TRS for party debacle,Politics & Government
National blood policy on anvil,Politics & Government
Govt revives autonomy plan for select colleges,Politics & Government
SP calls CM's ouster; UP bandh today,Politics & Government
Dying lakes: Disaster waiting to happen,Weather & Disaster
Raichur cricket stadium project in limbo,Sports
SPO killed; two injured in Doda,Crime & Law/Judiciary
Global Tele arm plans techcompetency centres,International/World
MBC quota will not encourage casteism,Politics & Government
Sathya Sai hospital touches another milestone,Health
Errors in question paper; yet results announced,Education & Recruitment
No let-up in doctors' strike,Health
Traders warn govt against policy,Politics & Government
BJP slur on Revanna irks JD(S) members,Politics & Government
Panchayat poll reforms from Oct,Politics & Government
UP Govt's gift of grab to land votes,Politics & Government
US donates $25;000 to PM's relief fund,International/World
Moradabad killings shadow Parliament proceedings,Politics & Government
Hizb leader Masood killed in encounter,Defence & Security
Junior doctors still on warpath,Health
Sena-BJP to press for no-trust move against speaker,Politics & Government
Foreign militant killed; 3 held in J&K,Defence & Security
US NMD for friends; not just allies,International/World
Head constable dies in grenade explosion,Defence & Security
Camp employment exchange opened at Araria,Business & Economy
Heart surgery device successfully tested,Health
India; Russia agree on cost of Kudankulam nuke plant,International/World
NSG takes over Karunanidhi security,Politics & Government
India fashion week to feature 44 designers,Entertainment & Lifestyle
Uproar in House over minister's remark on Speaker,Politics & Government
India; Britain explore areas of co-operation in IT,International/World
Karnatak varsity MA results announced,Education & Recruitment
Attempt to loot bank foiled in Surat dist,Business & Economy
CBI team in Monaco to probe telecast rights award,Crime & Law/Judiciary
SP activists court arrest; bandh a damp squib,Crime & Law/Judiciary
No test of banned cancer drug,Health
I dropped Phoolan home in my car: Samajwadi MP,Politics & Government
Tendulkar's knocks not among top 100,Sports
Bollywood: Place a bet!,Entertainment & Lifestyle
UK Hindu youths' quest to find roots,"Society, Religion & Culture"
One killed; 27 injured in UP bandh,Crime & Law/Judiciary
US-64 should be separated from other schemes,International/World
UP to recruit 20;000 primary teachers,Education & Recruitment
Court rejects Ketan Parekh's bail plea,Crime & Law/Judiciary
Ajit's induction in Union cabinet hailed,Politics & Government
China hospital sets record for weight loss,Health
One killed in Varanasi as UP bandh turns violent,Crime & Law/Judiciary
Congress workers stage dharna; disrupt traffic,Politics & Government
Shares finish lower on sustained selling,Business & Economy
Dengue buzzes into Dharwad; citizens warned,Health
A decade in Gwalior Jail changed Phoolan,Crime & Law/Judiciary
US to develop next generation nuclear technologies,International/World
Govt files caveat in SC on 4th celluar slot,Politics & Government
Convene all-party meet to discuss drought; says CPM,Weather & Disaster
Bandh in UP to protest Phoolan's killing,Politics & Government
Centre; Delhi govt asked to clarify stand on Sainik Farms,Politics & Government
India to participate in fencing championship,Sports
Bomb blast accused gets bail,Defence & Security
Congress flays move to tax illegal colonies,Business & Economy
Govt stepping on gas to boost CNG supply,Politics & Government
Opposition leaders feel insecure: Kalyan,Politics & Government
HC serves contempt notices to labour minister,Politics & Government
UN to send observer mission for Fiji election,International/World
Central govt employees on strike in Gujarat,Politics & Government
Workshop to use media for health promotion,Health
BJP leader sure of party's success,Politics & Government
Bandh uncalled for; says Rajnath,Politics & Government
Bihar staff facing problems in Nepal,International/World
Opposition leaders feeling insecure: Kalyan,Politics & Government
Former BSP MLA seeks entry to SP,Politics & Government
Strike hits work at govt offices,Politics & Government
Karnataka Bank in talks with insurance cos for distribution,Business & Economy
Hospital lacked equipment for resuscitation,Health
DF govt yet to take decision on Enron probe,Crime & Law/Judiciary
11 insurgents surrender in Tripura,Defence & Security
Parliament adjourned for a day,Politics & Government
Vedic city established in Iowa; US,International/World
Govt seeks SEBI's opinion on HZL delisting,Business & Economy
Confused vibes from Congress,Politics & Government
ABVP call for KU bandh a success,Politics & Government
Tension continues between BKU; police,Crime & Law/Judiciary
Govt should reduce stake in IDBI: Panel,Politics & Government
Murder at Shaherkotda,Crime & Law/Judiciary
Junior doctors protest against fee hike,Health
Doctors leave gauze in patient's body,Health
Pankaj prime suspect in Phoolan murder,Crime & Law/Judiciary
PM's reply to debate on Agra summit on Aug 1,Politics & Government
Pavarotti chooses first Asian student,Education & Recruitment
SP activists burn effigies of Advani; Rajnath,Politics & Government
Police officer arrested for extortion bid,Crime & Law/Judiciary
Phoolan's killing is a political conspiracy: SP,Politics & Government
CM discharged from hospital,Health
Umta residents seek custody of Jain temple,Crime & Law/Judiciary
Gujarat budget session begins on July 25,Business & Economy
US not to involve itself in Indo-Pak talks,International/World
Security forces put on high alert in Srinagar,Defence & Security
We want peace; but are ready for war: PM,Politics & Government
Barabanki encounter: SP; ASM transferred,Defence & Security
CBI searches of UTI officials draws a blank,Crime & Law/Judiciary
Chaos in assembly over 'desecration' of shrine,Politics & Government
N Bengal; Indo-Bangla border cause for concern,Defence & Security
Bomb blast accused gets bail,Defence & Security
Mukhtar criticises Govt over his security,Politics & Government
UN to monitor sanctions against Taliban,International/World
Karunanidhi yet to decide on pact with PMK,Politics & Government
HC concerned over functioning of govt depts,Politics & Government
Modern School ready with Football Academy,Sports
PM objects to Musharraf's remarks,Politics & Government
Triple murder,Crime & Law/Judiciary
Party workers go on rampage in Varanasi,Politics & Government
Life term to retired DSP for murder,Crime & Law/Judiciary
HC issues notices over Kher wood smuggling,Crime & Law/Judiciary
Govt staff stage dharna,Politics & Government
Reservation not the only solution for Dalits: Buddhadev,"Society, Religion & Culture"
Supaul bandh partial,Politics & Government
Woman qualifies as merchant navy officer,Defence & Security
Govt dole for quake repair finds few takers!,Politics & Government
Eyewitness accounts of Phoolan Devi's murder,Crime & Law/Judiciary
Militants attack army camp in Kashmir,Defence & Security
Gangster gets death sentence,Crime & Law/Judiciary
Govt wasn't in the know for over an hour,Politics & Government
CBI interrogates Arvind Johari of Cyberspace,Crime & Law/Judiciary
Former BSE president Damani is dead,Politics & Government
Sondhi challenges his removal in high court,Crime & Law/Judiciary
Health services continue to falter,Health
Take a Big Leap with IT courses designed by IIT Kharagpur,Education & Recruitment
CVC asks Jindal for details of duty scam,Crime & Law/Judiciary
Kidnapped Bihar officers released,Crime & Law/Judiciary
Cabinet minister involved in arms license racket,Politics & Government
Sharma continues to 'elude' police,Crime & Law/Judiciary
PMK's return to NDA worries DMK front,Politics & Government
Youth Congress worker attacked,Politics & Government
Property market unable to recover from shocks,Business & Economy
Announcement on Enron PPA probe tomorrow,Crime & Law/Judiciary
Epidemic; says Haffkine,Health
Probe begins into 'second income' of govt staff,Crime & Law/Judiciary
Varsity teachers boycott studies,Education & Recruitment
Actress accused of kidnapping 2 boys,Crime & Law/Judiciary
Two Chhota Rajan aides held in murder case,Crime & Law/Judiciary
Free options may choke paid e-mail model,Entertainment & Lifestyle
Cyanide killed Stalin's aide and family,Crime & Law/Judiciary
Seven Gaya doctors suspended,Health
Malik's return could spell trouble for Hurriyat,Politics & Government
Infiltration bids foiled; 11 killed in Kashmir,Defence & Security
Sudhakaran back in jail,Crime & Law/Judiciary
ICRISAT device to monitor soil loss,Business & Economy
HC notice to CBI on Bhatnagar's plea,Crime & Law/Judiciary
Youth Congress worker attacked; jeep torched,Politics & Government
Karnataka; Andhra Pradesh confer on vehicle tax,Business & Economy
HC expresses concern over growing corruption,Crime & Law/Judiciary
Mirzapur; a hotbed of politics and power,Politics & Government
BDR personnel involved in border skirmishes awarded,Defence & Security
17 given life term for murder,Crime & Law/Judiciary
Arunachal students body joins anti-truce stir,Education & Recruitment
SP accused of politicising Phoolan's murder,Crime & Law/Judiciary
Students stageprotest against astrology courses in varsities,Education & Recruitment
Admission on payment seat to restart on July 27,Education & Recruitment
Phoolan had strong views on jail reforms,Crime & Law/Judiciary
Janshakti party to launch jail bharo agitation,Crime & Law/Judiciary
Chautala-BJP relations may be strained,Politics & Government
Script remains same; India lose again,Other
Police reviews security cover of other VIPs,Crime & Law/Judiciary
SSB men to be deployed along Indo-Nepal border,Defence & Security
Anand students threaten hunger strike,Education & Recruitment
Rupee weakens slightly against the dollar,Business & Economy
Amitabh Bachchan: Confident? Positive? Sure?,Entertainment & Lifestyle
BJP national executive begins tomorrow,Politics & Government
Orissa relief workers struggle to reach the flood-hit,Weather & Disaster
Gujarat's budget shows Rs.363 cr deficit,Business & Economy
Coming back into the series difficult: Ganguly,Sports
Trinamul stages walkout in Assembly,Politics & Government
Murder leaves behind a host of questions,Crime & Law/Judiciary
Supreme Court refuses bail for Pappu Yadav,Crime & Law/Judiciary
Petition against Rao Man Singh dismissed,Other
794 pilgrims leave for Amarnath,"Society, Religion & Culture"
Alarming spread of malaria in Dumka block,Health
Bajrang men arrested for disrupting HDMC meet,Crime & Law/Judiciary
Naga bandh paralyses life for 3rd day,Politics & Government
Phoolan murder condemned,Crime & Law/Judiciary
Phoolan's murder raises queries about VIP security,Crime & Law/Judiciary
Sena-BJP to press for no-trust move against speaker,Politics & Government
Attempt to loot bank foiled in Surat dist,Business & Economy
Apollo Tyres net profit drops by 30 per cent,Business & Economy
Jaya's deceit forced return to NDA: PMK,Politics & Government
Agra Flawed from Start Pakistan is the Real Core Issue,International/World
TC downplay dissension among party MLAs,Politics & Government
One killed in Varanasi as UP bandh turns violent,Crime & Law/Judiciary
PMC to requisition officer for land acquisition,Business & Economy
Prior sanction for officials' trial not required: SC,Crime & Law/Judiciary
Workshop to use media for health promotion,Health
Govt looks for consensus on Naga truce,Politics & Government
Murder stuns Parliament,Crime & Law/Judiciary
Musharraf didn't harp on Kashmir: Pak,Politics & Government
SEC gears up for local bodies election,Politics & Government
Director Dinesh Babu slapped with 3-month ban,Entertainment & Lifestyle
No end to Ganguly's woes,Sports
103 Kishanganj schools have only one teacher each,Education & Recruitment
Court can try person not named in FIR,Crime & Law/Judiciary
Young woman waiting to be rescued from jail,Crime & Law/Judiciary
998 degrees awarded at the Madras IIT,Education & Recruitment
UP to recruit 20;000 primary teachers,Education & Recruitment
Rabri for all-out effort to fight drought,Weather & Disaster
Missing vultures: A major health hazard,Health
Health minister caught up in transfers,Health
The numberplate's days are numbered!,Other
Quota Reservations,Politics & Government
Reddamma consensus candidate for Chittoor ZP chief's post,Education & Recruitment
3 killed as jeep overturns,Crime & Law/Judiciary
Relief continues slowly in flood-hit Orissa,Weather & Disaster
SEBI begins proceedings against broker Rahul Bajaj,Business & Economy
CM to visit Bellary; Bijapur today,Politics & Government
Business between India; UK exceeds target,International/World
Hearing on Manu's bail plea deferred in Jessica case,Crime & Law/Judiciary
JD (U) for transparent transfer policy,Politics & Government
MP govt's award for wildlife and forest conservation,Politics & Government
Show goes on...in rat-infested cinema halls,Entertainment & Lifestyle
All-party panel makes cosmetic changes to information bill,Politics & Government
PMK's return to NDA worries DMK front,Politics & Government
Govt eats its words on Naga ceasefire,Defence & Security
High level police team to investigate abduction case,Crime & Law/Judiciary
CPM to invest only in bank deposits,Business & Economy
BJP cautious on return of deserters,Politics & Government
Hrithik releases grandmother's album,Entertainment & Lifestyle
Plan to revive KFIDC: Minister,Politics & Government
Medical students justify doctors' strike,Health
SC notice to govt on polygamy among Muslims,Politics & Government
Speaker directs govt to provide security cover to Sena MLA,Politics & Government
Rajya Sabha approves President's rule in Manipur,Politics & Government
Lok Ayukta finds lapses at Anekal hospital,Health
Centre should withdraw ceasefire extension,Defence & Security
Cyanide killed Stalin's aide and family,Crime & Law/Judiciary
Abduction drama ends; culprit surrenders,Other
Law department says 'no' to pollution tax on petrol sales,Business & Economy
Probe begins into 'second income' of govt staff,Crime & Law/Judiciary
New US envoy Blackwill arrives in Delhi,International/World
BJP warns Jaya,Politics & Government
Tourism project gets govt nod,Politics & Government
Naga bandh paralyses life for 4th day,Politics & Government
3 ex-students steal computer from school,Education & Recruitment
Govt gives nod to investor protection fund,Politics & Government
SP accused of politicising Phoolan's murder,Crime & Law/Judiciary
One killed in Varanasi as UP bandh turns violent,Crime & Law/Judiciary
Abortive bid to blow up Srinagar police HQ,Crime & Law/Judiciary
No talks till terrorism stops; RSS tells govt,Politics & Government
N Korea's Kim dismisses US fears over missiles,International/World
Sunderbans should be declared national property: Minister,Politics & Government
Hindujas oppose placing of more documents in Bofors case,Other
CBI raids retired IAF officials' houses,Crime & Law/Judiciary
Phoolan was fed up with Samajwadi Party,Politics & Government
Congress open to alliance with secular parties,Politics & Government
Govt suffers a set back on water cess issue,Politics & Government
Human skulls; bones trader arrested,Crime & Law/Judiciary
Phoolan murder: Advani to make statement in LS,Crime & Law/Judiciary
Tigers may have taken guise of Air Force men,Defence & Security
BJP behind Phoolan's murder: UP SP chief,Crime & Law/Judiciary
Only an alliteration: US on the K-word dispute,International/World
Govt's lack of vision killed NSF; allege employees,Crime & Law/Judiciary
Drought: Central team to visit state next week,Weather & Disaster
Economy in Logjam Fallacies of Liberalisation Dogma,Business & Economy
73 bodies discovered from China mine blast,International/World
I killed Phoolan to avenge Behmai,Crime & Law/Judiciary
BTTA to host Eastern Zonal National TT Championship,Sports
Church members object to commercial complex,"Society, Religion & Culture"
Lok Sabha adjourned till 2 pm,Politics & Government
Kannada film industry 'Bahala Chennagide',Business & Economy
Three held for Ghaziabad court killings,Crime & Law/Judiciary
Doctors strike on; govt yet to respond,Health
Fishermen demand probe into Phoolan's killing,Crime & Law/Judiciary
Kumble will be cynosure of all eyes in KSCA tourney,Sports
2-day IT workshop begins in Panaji,Education & Recruitment
Govt to seek regularisation of Sainik Farms,Politics & Government
Spurt in sale of Devi's biography,Entertainment & Lifestyle
Plea to take part in varsity seminar,Education & Recruitment
THE SPEAKING TREEbrTo be Free Let Go of the Future,Defence & Security
State heritage comission to start work soon,"Society, Religion & Culture"
Govt assures tribals of solving their demands,Politics & Government
Vajpayee; Jaswant get formal invitation from Pakistan,International/World
Govt says it can make rules to validate Sondhi's sacking,Politics & Government
Govt faces flak over UTI fiasco,Politics & Government
Journalist's killing condemned,Crime & Law/Judiciary
VSNL Q1 net down 4.54%,Business & Economy
Further hearings in Ayodhya cases on Aug 27,Crime & Law/Judiciary
Rs 1.80 crore to be spent on forensic labs,Crime & Law/Judiciary
'Reddish' rains in Kerala again,Weather & Disaster
Setting up of milk booth over drain resented by HC,Weather & Disaster
ICICI net up 13%,Business & Economy
Chokila Iyer to head JWG delegation to Beijing,International/World
Cong demands postponement of ZP poll in RR dist,Politics & Government
India high spender on health: Thakur,Health
VHP announces date for Ram Mandir construction,"Society, Religion & Culture"
'Why can't I go to the UK again?',International/World
Karunanidhi yet to decide on pact with PMK,Politics & Government
Shekhar Kapoor's hit does roaring business again,Business & Economy
RPL exports 1.4 mt of petro products in Q1,Business & Economy
Month-end pressure weakens rupee,Business & Economy
JD(S) slams Krishna govt on drought,Politics & Government
5 extortionists; 3 hawala racketeers arrested,Crime & Law/Judiciary
Evolve better marketing strategy for handicraft,Business & Economy
No inquiry on defective coaches from Germany,Crime & Law/Judiciary
Muslim Congress workers cross over to NCP,Politics & Government
Boney Kapoor does baby-sitting,Entertainment & Lifestyle
Tenancy act meets with protest,Sports
Kharge hammers 'sleeping' police again,Crime & Law/Judiciary
Phoolan murder accused surrenders,Crime & Law/Judiciary
CMC swoop leads to skull exporter's arrest,Crime & Law/Judiciary
Advani to make statement in LS on Tuesday,Politics & Government
Breakthrough eludes police in Phoolan killing,Crime & Law/Judiciary
Kailash-Mansrovar pilgrimage diverted,"Society, Religion & Culture"
Nuclear power capacity grew to 2720 MW in 2000-01,Defence & Security
Indo-Pak summit likely to figure in Powell-Tang talks,International/World
Govt defends Sondhi's sacking from ICSSR,Politics & Government
Ekta Kapoor: Woman power,"Society, Religion & Culture"
Paswan flays those taking political mileage from murder,Politics & Government
SC seeks response of EC; Centre on background of candidates,Crime & Law/Judiciary
DDCA clubs make tall promises on election eve,Politics & Government
Junior doctors adamant; CM silent,Health
Sudhakaran back in jail,Crime & Law/Judiciary
House panel raps rail ministry for faulty accounts,Politics & Government
Kashmir should not be terrorist haven: Bush,Defence & Security
Laxman's cartoons to spread cleanliness message,Entertainment & Lifestyle
BHEL bags Rs 18 cr supply order from APGENCO,Business & Economy
It's dull; but head-hunters find work in finance; insurance,Business & Economy
Courses approved by Council: V-C,Education & Recruitment
Exhibit to showcase rare Ray memorabilia,Entertainment & Lifestyle
Infiltration bid foiled; Valley observes bandh,Defence & Security
UTI to be split?,Business & Economy
Putin; Jiang talk Bush-Putin summit over hotline,International/World
McCartney and girlfriend Heather Mills to marry,Entertainment & Lifestyle
For Sensex; worst is yet to come,Business & Economy
Dilemma: To charge somebody with corruption or not,Crime & Law/Judiciary
UP Govt was awaiting Phoolan's nod for commando,Politics & Government
Phoolan's decade in Gwalior Jail changed her,Crime & Law/Judiciary
Implement Kannada or else; DC warns officials,Politics & Government
Dawood's bouncer to bookies,Defence & Security
SP to observe shok divas on Aug 1,Politics & Government
Musharraf must heed Lahore; Simla pacts,International/World
Minister inspects drought-hit villages,Politics & Government
No political link found so far: Delhi Police,Crime & Law/Judiciary
Panel blames patients for damage to their eyes,Health
Who bombed Pearl Harbor's shipshape party plans?,Defence & Security
Cong side-stepping Phoolan murder issue,Crime & Law/Judiciary
Pak almost got terrorist label,Defence & Security
Retain DEPB export incentive scheme: Exporters,Business & Economy
Govt promises moon for transport sector,Politics & Government
Ghavri to take charge of Bengal team from August,Sports
Gujral for structured Indo-Pak dialogue,International/World
Seepage in the subway,Weather & Disaster
Underinvoicing hits MMTC edible oil imports,Business & Economy
Time limit for appeals not hard and fast rule: SC,Crime & Law/Judiciary
HC stays order on Plus 2 schools,Education & Recruitment
Actress accused of kidnapping 2 boys,Crime & Law/Judiciary
Chinese bikes no threat to India: Yamaha,International/World
State moots Palace-on-Wheels,Politics & Government
Plan to revive film development corporation,Business & Economy
Sinha in the eye of BJP storm,Politics & Government
Fardeen Khan exempted from drug seizure case,Crime & Law/Judiciary
It was just 'break monsoon' on Thursday,Weather & Disaster
IT capital fascinates Stanford University,Education & Recruitment
For SP Phoolan a big issue in UP,Politics & Government
Unity efforts deadlocked; affirms JD(S),Business & Economy
Commando loses war of nerves; tries to end life,Defence & Security
Gopichand upset in semi-finals,Sports
Take a Big Leap with IT courses designed by IIT Kharagpur,Education & Recruitment
Kargil forgotten; jet trainer grounded,Weather & Disaster
Woman injured in Pak firing in Jammu,International/World
Manipur; Assam hail Centre's decision,Politics & Government
Rajasthan to film Sanskrit version of Mudraraksha,Entertainment & Lifestyle
Parents protest move to charge fees in aided schools,Education & Recruitment
Govt to probe distillery issue: CM,Politics & Government
I killed Phoolan to avenge Behmai,Crime & Law/Judiciary
Monsoon failure: KPTC at IPPs' mercy,Weather & Disaster
Malaprabha project to be complete by next year,Defence & Security
Lovers watch out: Pvt guards to beef up Lalbagh security,Entertainment & Lifestyle
Prisoner beaten to death Varanasi jail,Crime & Law/Judiciary
Nadiad jail inmates allowed to observe Shravan fast,Crime & Law/Judiciary
Karunanidhi yet to decide on pact with PMK,Politics & Government
Centre recalls 'erring' TN police officers,Crime & Law/Judiciary
Violin maestro's unique feat in new album,Entertainment & Lifestyle
Central Excise stun telephonemen,Politics & Government
Minister inspects drought-hit villages,Politics & Government
China's arms supply to Pakistan irks US,International/World
26 die of malaria in Bengal,Health
Recount ordered in mayoral polls,Politics & Government
CMC swoop leads to skull exporter's arrest,Crime & Law/Judiciary
No test of banned cancer drug,Health
IN BLACK AND WHITEbrShould Kashmir be handled the Punjab way,Defence & Security
Delhi police launch manhunt for Rana's accomplices,Crime & Law/Judiciary
BMC ex-chiefs threaten to move court against strike,Crime & Law/Judiciary
IN BLACK AND WHITEbrShould Kashmir be handled the Punjab way,Defence & Security
Ryotu Sangham demands more funds for drought relief,Weather & Disaster
3 SPOs held in Kashmir,Defence & Security
Audit ordered to determine quantum of power loss,Business & Economy
Subramanyam; 3 others remanded to police custody,Crime & Law/Judiciary
Bajrang men arrested for disrupting HDMC meet,Crime & Law/Judiciary
India beat Canada to qualify for World Cup,Sports
Phoolan Devi's killer remanded to custody,Crime & Law/Judiciary
US power major AES to quit CESCO,International/World
Accused in commercial espionage case remanded,Crime & Law/Judiciary
Trinamul not a part of Oppn; Govt,Politics & Government
BJP wants UTI to be put under a microscope,Politics & Government
KPTC granting projects sans tenders: BJP,Politics & Government
Charas seized from train passenger,Weather & Disaster
Vellai Ravi held under Goonda Act,Crime & Law/Judiciary
3 ex-students steal computer from school,Education & Recruitment
Cyanide killed Stalin's aide and family,Crime & Law/Judiciary
Junior doctors adamant; CM silent,Health
BJP backs PM on summit,Politics & Government
Congress helped TDP; says TRS,Politics & Government
Conductor recruitment made simple; straight,Education & Recruitment
11 killed in road mishap in Karnataka,Crime & Law/Judiciary
If players can be punished why not umpires?,Sports
Life returns to normal in Manipur,Entertainment & Lifestyle
Probe begins into 'second income' of govt staff,Politics & Government
Probe ordered into post-surgery blindings,Health
Ex-Congress leader found dead,Politics & Government
Cross-border terrorism to figure in bilateral talks,Defence & Security
Powell raises NPT issue with China,International/World
Relief package for SSIs in quake hit areas,Weather & Disaster
2 SOG men held for extortion in Srinagar,Crime & Law/Judiciary
Russia; Central Asian nations unite against terrorism,Defence & Security
Cancer centre chief ready to face probe,Health
Finally; Vajpayee hits out at Musharraf,Politics & Government
Wisden defends top 100 Test innings list,Sports
Minister accuses weekly of slander,Politics & Government
Nepal's generation X speaks out,International/World
I wanted to become an MP; says Pankaj,Politics & Government
Raids on oil mills continue,Crime & Law/Judiciary
Four states not to buy power at current rates,Politics & Government
Presidency College: In tune with the times,Education & Recruitment
Panel to inquire into RTPS units' failure,Politics & Government
Phoolan murder condemned,Crime & Law/Judiciary
Assaulted Communidade official transferred,Politics & Government
Ring Road: A link to the outside world,International/World
Plea to take part in varsity seminar,Education & Recruitment
LNM group acquires Romania's Sidex,Business & Economy
HAL rain goals on KSP,Weather & Disaster
School bus stolen,Education & Recruitment
India; Pak had agreed on Kashmir status quo,Defence & Security
Drought: Central team to visit state next week,Weather & Disaster
AP govt prepares action plan to tackle drought,Politics & Government
Arunachal CM welcomes decision on ceasefire,International/World
Experts call for formation of health divisions,Health
Godrej Q1 net profit at Rs 11.18cr,Business & Economy
Sudhakaran back in jail,Crime & Law/Judiciary
Kannada film industry puts behind Rajkumar kidnap trauma,Crime & Law/Judiciary
Actress accused of kidnapping 2 boys,Crime & Law/Judiciary
Biggest arms market caters to Mujahideen,Business & Economy
11 killed in road mishap,Crime & Law/Judiciary
Another Dandupalya style murder near Bangalore,Crime & Law/Judiciary
On eve of visit; PM gets Orissa SOS,International/World
Now; pharma firms eye Bangalore,Business & Economy
Chandra open to diluting stake in Zee below 50%,Business & Economy
Keep your poll promises; CLP tells Naidu,Politics & Government
Six militants; jawan killed in Kashmir,Defence & Security
US court slaps $250m lawsuit against PLO,Crime & Law/Judiciary
Awami League against deployment of Army during polls,Defence & Security
Hinduism is firmly rooted in the present,Business & Economy
AIFF extends date for players' registration,Sports
Top counter-insurgent killed in Srinagar,Crime & Law/Judiciary
Kargil war heroes remembered,Defence & Security
No change in the custom duty on aluminium ingots,"Society, Religion & Culture"
Karnataka Bank in talks with insurance cos for distribution,Business & Economy
China upbeat on Sino-Indian relations ahead of talks,International/World
Sanjay Dutt summoned in bomb blast case,Defence & Security
HC tells Centre to improve policing,Politics & Government
Sun rises to take on Microsoft in the new environment,"Society, Religion & Culture"
IPA moots open production of critical patented drugs,Business & Economy
Christians' plea against bill on conversions,Crime & Law/Judiciary
Venue of match against Sri Lanka 'A' shifted,International/World
No mobiles in J&K in near future: Paswan,Politics & Government
Amarnath yatra suspended following heavy rains,Weather & Disaster
Homeo medicines to check encephalitis,Health
AIFF extends date for players' registration,Sports
Violence likely to mar UP polls,Politics & Government
Total recall of 108 days of kidnap drama,Crime & Law/Judiciary
Water stock inadequate in state,Business & Economy
Heavy rain may continue in Goa,Weather & Disaster
Blast near Madurai police station,Crime & Law/Judiciary
State; AP confer on vehicle tax,Business & Economy
State gearing for Olympics for the differently-abled,Sports
Vasco train timing revised,Weather & Disaster
3-point programme to modernise BJP,Politics & Government
Top ultra killed in Jammu,Crime & Law/Judiciary
Centre plans ban on plastic carrybags,Politics & Government
Banks; FIs owe Rs 900 cr in taxes,Business & Economy
Personal security saps manpower,Defence & Security
Truckers blame police for not nabbing robbers,Crime & Law/Judiciary
DMK demands central action against police officials,Politics & Government
Entry into NDA should not mean Cabinet berth: Jana,Politics & Government
More monsoon rains predicted,Weather & Disaster
Abducted RSS men killed in Tripura,Crime & Law/Judiciary
Hike in medical; dental fees condemned,Health
PM fails to commit relief package for Orissa,Politics & Government
IT training centres eye overseas market,Business & Economy
Mulayam throws gauntlet at BJP,Politics & Government
BJP opposes Charminar pedestrianisation,Politics & Government
Onam special trains on Aug 27; 29,Weather & Disaster
Frozen Semen Bank office locked,Business & Economy
OUTA seeks regularisation of part-time lecturers' services,Business & Economy
Publication on science congress,Politics & Government
Pankaj being interrogated in Phoolan murder case,Crime & Law/Judiciary
Of Bill Gates' billions and Milligan's millions,Politics & Government
Crime and Punishment,Crime & Law/Judiciary
HC to hear PIL on US-64 scheme on Aug 1,International/World
Four militants killed; two injured in Kashmir,Defence & Security
Mani wants legal profession restructured,Crime & Law/Judiciary
CPI condemns Centre for seeking 3 IPS officers,Politics & Government
More investment decision making powers for BSNL mooted,Business & Economy
Pak cold to CBMs for fear of exposure,International/World
JKLF slams Pak Kashmir policy,Defence & Security
Top scientist quits DRDO; joins private firm,Business & Economy
Potest against dumping of garbage,Sports
Drought caused Rs 6;881 cr loss to agriculture,Weather & Disaster
Phoolan's murder part of larger conspiracy: SP,Crime & Law/Judiciary
IT workshop concludes,Education & Recruitment
Experts to visit Dona Paula to check malaria,Health
'I won't allow politics over Phoolan',Politics & Government
MCH diverting Central funds; says BJP,Politics & Government
Vasco train timing revised,Weather & Disaster
BoB offers Rs 300 cr to UTI,Business & Economy
China-Tawian IT nexus to affect Indian,International/World
Central team visits Udambanoor,Sports
High profile murders rock Pakistan,International/World
SACRED SPACEbrKrishna God of Love,Entertainment & Lifestyle
Adobe India may provide software to state govts,Politics & Government
DMK demands action against police officials,Politics & Government
Krishna to submit drought report to Centre,Politics & Government
Ties with Trinamul off: Congress,Politics & Government
Police raid gambling den,Crime & Law/Judiciary
CSE worried after cancellation of 14 mn DSQ shares,Business & Economy
Keep Talking to Pakistan,International/World
Larger conspiracy behind Phoolan murder: SP,Crime & Law/Judiciary
7 arrested in murder case,Crime & Law/Judiciary
Jaitley for restrained reporting on undertrials,Politics & Government
4 cm rain in Dakshina Kannada,Weather & Disaster
Software takes backseat to music,Entertainment & Lifestyle
Laser therapy for diabetes treatment,Health
Gulbarga braces up to tackle drought,Weather & Disaster
BJP tells govt what to do,Politics & Government
Compulsory driving test for heavy vehicle drivers,Weather & Disaster
Air race to mark Wright brothers' maiden flight,Sports
Cong to bail out duped depositors,Crime & Law/Judiciary
Bandh affects normal life in Manipur,Entertainment & Lifestyle
Teaspoon of turmeric a day keeps cancer at bay,Health
US slump a boon for Indian IT firms,Business & Economy
Trinamul not a part of Oppn; Govt,Politics & Government
Tea exports may fall this year,Business & Economy
Market value basis for land compensation: SC,Business & Economy
UTI grapples with potential Rs 1;700 cr pay-out,Business & Economy
H K Patil inspects drought relief works,Weather & Disaster
Raj kidnap: Will this man tell us the truth?,Crime & Law/Judiciary
Land compensation only on market value: SC,Business & Economy
Red rains; vanishing wells plague Kerala,Weather & Disaster
A life less ordinary beyond the boundary,Entertainment & Lifestyle
Proper evidence gathering vital to ensure conviction,Crime & Law/Judiciary
Legal aid service gets momentum in Gujarat,Crime & Law/Judiciary
Top business magazine to cut down staff,Business & Economy
Software industry-institute interface initiated,Business & Economy
3 killed; 6 injured in Assam,Crime & Law/Judiciary
Dacoits rape 2 tribal women,"Society, Religion & Culture"
Police question Phoolan's husband,Crime & Law/Judiciary
Man gets 5-year jail term for killing wife,Crime & Law/Judiciary
China to enter WTO; more challenges for India,International/World
Youth power in Indian football,Sports
AIG to pick up 12% stake in Nagarjuna refinery,Business & Economy
TN lawyers to boycott courts on Aug 6,Crime & Law/Judiciary
Production of anti-snake venom can't be suspended: Minister,Politics & Government
Powell concludes Beijing visit on positive note,International/World
Trivial pursuits: Visits past; present and future,International/World
Sensex faces a roller-coaster,Business & Economy
Taanya Ravi barge into final,Sports
BSF guns down 5 Pakistani intruders,Defence & Security
Blast near police station,Crime & Law/Judiciary
CCTVs in RR district police stations,Crime & Law/Judiciary
Trawling ban can help boost fish stock: Study,Business & Economy
KEM Hospital celebrates past; charts future,Health
9 killed in Sri Lanka as fighting escalates,Crime & Law/Judiciary
Govt decided on 2-child norm Bill,Politics & Government
1 more arrested in Falta incident,Crime & Law/Judiciary
7 arrested for defence document deals,Crime & Law/Judiciary
Central team coming today to assess drought,Weather & Disaster
Forget jinx and visit us; Srinivas Prasad urges CM,International/World
Lifestyle,Entertainment & Lifestyle
Four-member team to leave for Edmonton,Sports
J&K CM; governor summoned to Delhi,Politics & Government
Next Godbole panel meeting may be cancelled,Politics & Government
Sanjay Dutt summoned in bomb blast case,Defence & Security
Convergence Bill to be tabled this session,Politics & Government
Lok Sabha adjourned amid furore,Politics & Government
Expert panel to study status of small scale firms,Business & Economy
Crime against truckers on the rise in Bihar,Crime & Law/Judiciary
Row over proposed site for varsity campus,Education & Recruitment
Revamp; corporatisation of UTI demanded,Business & Economy
After US-64; UTI in trouble with MIP scheme,Business & Economy
Bad traffic; worse drivers,Weather & Disaster
A land without any justice,Crime & Law/Judiciary
Former mafia don held in abduction case,Crime & Law/Judiciary
UNICEF module to help police check child trafficking,Crime & Law/Judiciary
TAKE IT EASY POLICY: Agents VIP; premiums LIC,Politics & Government
Minister admits suicide by tribal couple after torture,Politics & Government
Extortionist threatening Manisha Koirala held,Crime & Law/Judiciary
Blind girl seeks justice from UPSC,Crime & Law/Judiciary
BNP Paribas to buy a Taiwanese investment trust: Report,Business & Economy
Samata Party chief sticks to his ultimatum,Politics & Government
Parliament okays President's rule in Manipur,Politics & Government
Channel war to hot up in August,Defence & Security
Cars; bikes exports up; scooters; MUVs down in Q1,Business & Economy
CBI official back from Monaco,Crime & Law/Judiciary
Magistrate can record accused's statement without arrest: SC,Crime & Law/Judiciary
Indo-Pak cricket ties not feasible at present: Govt,Politics & Government
Flood situation worsens in Bihar,Weather & Disaster
Drought: Did CM promise them the moon?,Weather & Disaster
Carrier forms panel for recast,Politics & Government
Fake subscribers dupe BSNL; no FIR yet,Crime & Law/Judiciary
Rupee weakens slightly against $,Business & Economy
Bajaj Capital 3rd most admired financial firm,Business & Economy
India's next satellite could be for spying: Report,Politics & Government
Sri Lanka hope to seal final berth,International/World
In life as in death; Didi remained a spectacle,Entertainment & Lifestyle
Vice-President to visit city,Politics & Government
CBI begins probe into Cyberspace share transaction,Crime & Law/Judiciary
Pankaj continues to be in hospital,Health
Govt mulls code of conduct for sportsmen,Politics & Government
2 Hizbul ultras killed; 9 hurt in Kashmir,Crime & Law/Judiciary
Singhanias up stake in Raymond to over 30%,Business & Economy
Keep your city clean: A plea,Crime & Law/Judiciary
Jaya flays Centre's move on IPS officials,Politics & Government
Maharashtra film body rapped,Entertainment & Lifestyle
Probe into issue of NOCs to private schools likely,Education & Recruitment
Australia is a hit with Bollywood producers,Entertainment & Lifestyle
Once an actor; always a model,Entertainment & Lifestyle
Body language speaks louder than speech,"Society, Religion & Culture"
Athletic team for World Championships shortlisted,Sports
Govt working out package for Coal India,Politics & Government
BPCC urges Centre to protect Indians in Nepal,International/World
PM assures India's full support to Nepal,Politics & Government
Raymond forays into women's wear,"Society, Religion & Culture"
National badminton meet to be held in Lucknow,Sports
Congress' support to RJD not experimental: Digvijay,Politics & Government
Yaadein premiers in London,International/World
Punjab Congress constitutes NRI Sabha,Politics & Government
Govt promises early polls in Manipur,Politics & Government
Kalyan moves HC against withdrawal of Z-plus security,Defence & Security
Oppn forces govt to make changes in Land Reforms Bill,Politics & Government
Tissue culture lab could prove fatal,"Society, Religion & Culture"
MPCC chief under fire over shootout,Crime & Law/Judiciary
How do spiders make a web?,Entertainment & Lifestyle
A crown on his head; Kashmir in his heart,Defence & Security
Security tightened in Manipur ahead of bandh,Defence & Security
Bill for ban on tobacco ad being examined,Politics & Government
Govt assailed over trader's abduction,Politics & Government
All four militants holed up in shrine killed,Crime & Law/Judiciary
Heated debate over omission of minister's name,Politics & Government
Triplets born,Defence & Security
CBI report on match-fixing tabled in Lok Sabha,Politics & Government
Maneka's emissary holds talks with Jagadanand; officials,Politics & Government
DGAD initiates investigation against Chinese drug,Crime & Law/Judiciary
Argentina wins qualifier; India beat Japan,International/World
Mukesh to lead India in Azlan Shah hockey tourney,Sports
'Probe shows SP's involvement in Phoolan case',Crime & Law/Judiciary
Bofors case transferred to another CBI court,Crime & Law/Judiciary
Politicians rife over issue of petrol pump licences,Politics & Government
'Conspiracy hatched at state Cong chief's house',Politics & Government
Rajkot hospital gets lithotriptor,Health
Delhi transit point for smuggled wildlife goods,Business & Economy
CM's directive on road blockades,Politics & Government
SACRED SPACEbrCaring Sharing,"Society, Religion & Culture"
Rupee ends marginally better,Business & Economy
Injunctions fail to prevent film piracy,Entertainment & Lifestyle
Vajpayee's offer to quit unacceptable: Farooq,Politics & Government
SC flays Delhi govt; MCD on slum development,Politics & Government
Goa Cong MLA gets bail,Crime & Law/Judiciary
PoK core issue between India and Pak: Fernandes,International/World
No crisis before NDA govt: Naidu,Politics & Government
Govt to get Rs 1;633 cr from 4th cellular slot,Politics & Government
Delhi govt to announce new land auction scheme,Politics & Government
DEO invites statements from public,Politics & Government
Phoolan's security was not downgraded: Advani,Politics & Government
Balco kicks off VRS; unions appeal for rejection,Crime & Law/Judiciary
Employees urge restraint on power reforms Bill,Politics & Government
Trains will continue on diverted routes,Weather & Disaster
Alert watchmen foil child's kidnapping bid,Crime & Law/Judiciary
ZP meet dwells over drought,Weather & Disaster
Woman; aides held with fake passport,"Society, Religion & Culture"
No move to raise import duty on cigarettes: Sinha,Business & Economy
Imports by MMTC under cloud; CBI probe recommended,Business & Economy
Hotelier's murder case accused arrested,Crime & Law/Judiciary
3-month notice to SP traffic,Politics & Government
Gujarat assembly adjourned over defamatory remark by minister,Politics & Government
Deve Gowda first to visit drought-hit villages,Weather & Disaster
BJP worker attacked in Kannur,Politics & Government
'SP politicising Phoolan's murder',Crime & Law/Judiciary
Fernandes assails Manipur assembly dissolution,Politics & Government
Centre issues excise duty benefit notification for Kutch,Politics & Government
3 killed; 9 feared dead in flash floods,Crime & Law/Judiciary
Marriage registration will be compulsory: CM,Entertainment & Lifestyle
Tax payers reminded of new provision,Business & Economy
Centre approves Rs 344 cr solar project for Leh,Politics & Government
Main accused in adoption racket remanded,Crime & Law/Judiciary
MK wants police officials suspended,Politics & Government
CM hopes to get Centre to hand over buffer grain stock,Politics & Government
PM's offer to quit makes short impact on scrips,Politics & Government
PSU policy comes in for flak,Politics & Government
Nasscom summit to revisit & reassess e-com,International/World
Bangkok pact twisted by Centre: NSCN,Politics & Government
Cong seeks House session to discuss drought,Weather & Disaster
IBM on subtle marketing campaign in universitites,Business & Economy
Ghaghra floods create havoc,Weather & Disaster
Youth held for extortion bid on Manisha,Crime & Law/Judiciary
Chohan's case adjourned till Aug 10,Crime & Law/Judiciary
Yesudas to be honoured,Entertainment & Lifestyle
Kashmir; an issue of diplomatic face-off: Hurriyat,Defence & Security
India to keep raising terrorism issue,Defence & Security
DGP trains gun on mafia dons,Politics & Government
Irrigation dept warning has political overtones,Politics & Government
Other states copy Karnataka; join e-lottery race,Sports
Shastri's two-day visit to city,International/World
Atavistic NationalismbrAstrology Alchemy and Manuvad,"Society, Religion & Culture"
Kerala seeks Rs 552 crore as flood assistance,Weather & Disaster
UP students fare poorly in Hindi,Education & Recruitment
SC upholds conviction of former AIADMK minister,Politics & Government
Doctors continue agitation,Health
Phoolan murder accused remanded,Crime & Law/Judiciary
Bandh affects normal life in Manipur,Entertainment & Lifestyle
BJP betraying people by letting off FM on UTI,Politics & Government
Titan Ind records Rs 14.6 cr net loss,Business & Economy
Chautala films can imbibe patriotism: Chautala,Entertainment & Lifestyle
2 fake CBI officials held,Politics & Government
Govt planning regulator for coal sector,Politics & Government
New multiplex is sound business,Business & Economy
Police burst tear gas shells in Ahmedabad,Crime & Law/Judiciary
TC; Congress spat colours Bengal House proceedings,Politics & Government
Table phone transcripts of UTI deals: Sena,Business & Economy
Limit for lower courts raised,Crime & Law/Judiciary
PMO denies role in UTI muddle,Business & Economy
China; India border talks begin,Defence & Security
All-party meeting today,Politics & Government
Explosives seized near Indo-Pak border,Defence & Security
Cong raises storm over UP killings,Weather & Disaster
Sher Singh Rana discharged from hospital,Health
Titan Ind records Rs 14.6 cr net loss,Business & Economy
Officials up in arms over downsizing of govt depts,Politics & Government
3 Al Umma men get lifer,Entertainment & Lifestyle
Passions high after Israel's temple raid,"Society, Religion & Culture"
Should VMC take over city bus services,Business & Economy
Soya protein lowers heart disease risk,Health
Alert police foil naxal plan,Crime & Law/Judiciary
Govt firm to build 28 rly overbridges,Politics & Government
VAT will simplify tax structure,Business & Economy
Bank staff should meet challenges,Business & Economy
In Agonda; rain makes life a nightmare,Weather & Disaster
Nod for old films on local channel,Entertainment & Lifestyle
Chandrika firm on new constitution,Business & Economy
Space bugs point to life beyond earth,Entertainment & Lifestyle
2 students found dead outside house,Education & Recruitment
Aamir Khan: Lagaan makes it into UK Top Ten!,International/World
Witch-hunt against Sinha; says official,Politics & Government
Officials enthused over everyday 'Face to Face',Politics & Government
Global eSecure plans security competency centre,Politics & Government
Jaya; Karuna decline to comment on PM's offer to resign,Politics & Government
Central team arrives to assess drought,Weather & Disaster
MSEB engineer gets 1-year jail for taking bribe,Crime & Law/Judiciary
Sanjay Dutt not to examine witnesses for defence,Defence & Security
Youth held for extortion bid on Manisha,Crime & Law/Judiciary
New US envoy meets visa-seekers,International/World
Hearing of petition on Uttaranchal constitution,Crime & Law/Judiciary
Extraterrestrial evidence suggests life in outer space,Entertainment & Lifestyle
Pak generals to decide flexibility on Kashmir,Defence & Security
70 co-op banks hit by Madhavpura scam,Business & Economy
Maharashtra okays divestment bill,Politics & Government
Doctors treat 'unhinged' Rana with ammonia,Health
Varma; Pandit new chief secretary; DGP of UP,Politics & Government
CJ promises to consider MLA for function,Politics & Government
Rescue steel unit; BIFR tells Goa govt,Politics & Government
Aid for quake victims,Weather & Disaster
Contempt case against magistrate,Crime & Law/Judiciary
Once an actor; always a model,Entertainment & Lifestyle
Doctors on strike form human chain,Health
DGAD investigation against Chinese drug,Crime & Law/Judiciary
Major terrorist network smashed,Defence & Security
Bridge pier collapse caused train mishap,Crime & Law/Judiciary
Harlem gets a new globetrotter - Bill Clinton,Politics & Government
Sena targeting BJP for not 'supporting' it in Maharashtra,Politics & Government
3 killed; 9 missing in Himachal flash floods,Crime & Law/Judiciary
Delhi cops to be sensitised towards rape,Crime & Law/Judiciary
LNN House rejects Govt's directives,Politics & Government
Goa paid Rs 9 lakh penalty for not using police funds,Crime & Law/Judiciary
SR Hospital junior doctors stick to demands,Health
UTI: More than what meets the eye,Business & Economy
Computerised signalling system for Western Railways,Business & Economy
HC asks state govt to hold MCH polls,Politics & Government
BAT Q2 profit rises 7.9% on Europe; Asia,Business & Economy
Navy dissociates itself from Pearl Harbor,Defence & Security
Eight killed in Assam violence,Crime & Law/Judiciary
Indo-China border talks begin,Defence & Security
Tsunami Koizumi,Weather & Disaster
Yaadein makes waves in UK,International/World
Farooq briefs PM on Kashmir situation,Defence & Security
Police deployed after riots in Ahmedabad,Crime & Law/Judiciary
Another Bengal minister involved in controversy,Politics & Government
Opp flays contract for college teachers,Education & Recruitment
Delhi govt; MCD flayed for inaction on slums,Politics & Government
BJP betraying people by letting off FM on UTI: Cong,Politics & Government
Three alternatives for cricket's HQ,Sports
Indian girl in under 19 England cricket team,Sports
CBI slams British Media report on Bofors,Crime & Law/Judiciary
Ajay Devgan: Director trouble?,Entertainment & Lifestyle
A medical code of ethics,Health
Seminar on child trafficking concludes,Education & Recruitment
Afforestation programme launched in Nilgiris,"Society, Religion & Culture"
K.J. Udeshi is RBI executive director,Entertainment & Lifestyle
Business seminars on fashion industry from Aug 6,Business & Economy
Reliance not keen on Enron's stake in DPC,Business & Economy
Govt assures action on erring clubs,Politics & Government
Further proceedings stayed in Ayurveda scam case,Crime & Law/Judiciary
Consent path for new police chief,Crime & Law/Judiciary
Retrenched Telco workers beaten up by police,Crime & Law/Judiciary
Lok adalat to take up women's cases,Crime & Law/Judiciary
Uproar in Assembly over inadequate relief,Politics & Government
4 held for North Block blasts; remanded,Crime & Law/Judiciary
Police unable to trace kidnapped Khadim's chief,Crime & Law/Judiciary
Bofors case transferred to another CBI court,Crime & Law/Judiciary
A new lease of life for Bandit Queen,Entertainment & Lifestyle
Case against Hindujas weak: Report,Politics & Government
Four convicted of daylight murder,Crime & Law/Judiciary
UTI did not heed to JPC's warning: Sinha,Business & Economy
US Exim set to move SC on Dabhol row,International/World
Eye-care must for diabetics,Health
Bollywood: More trouble!,Entertainment & Lifestyle
Eight Hamas operatives killed in Israeli attack,Crime & Law/Judiciary
Digvijay Singh takes over as MOS for commerce and industry,Business & Economy
Bangkok pact 'twisted' by Centre; charges NSCN,Politics & Government
Nagaland police chief seeks more forces,Crime & Law/Judiciary
PWG ultras attack passenger train; kill guard,Weather & Disaster
Happy Birthday; Harry!,Entertainment & Lifestyle
Court orders stay on appointment of dean,Crime & Law/Judiciary
SC upholds jail term for TN ex-minister,Politics & Government
Breach of privilege notice moved against Nanded-based daily,Weather & Disaster
A free Press should also be accurate; says CM,Politics & Government
JNU setting up mini-campus for new courses,Education & Recruitment
She expected twins; got triplets,Defence & Security
Kutch's palaces no longer a draw for Bollywood,Entertainment & Lifestyle
Surat RDX transaction: police file separate case,Crime & Law/Judiciary
Manu's bail hearing on Friday,Crime & Law/Judiciary
Govt-run bhikshukgrihas have no inmates,Politics & Government
Sudhakaran seeks interim bail,Crime & Law/Judiciary
World Heritage site status for Bodh Gaya temple,"Society, Religion & Culture"
Gujarat lacks a marketing strategy for tourism,Business & Economy
PM told not to accept Islamabad's invitation,Politics & Government
Bill on penal punishment for unauthorised hutments,Politics & Government
Govt faces criticism over bail-outs,Crime & Law/Judiciary
Central team begins tour; report in two weeks,Politics & Government
Govt plans one-time loan settlement scheme,Politics & Government
Dalmiya lobby sweeps CAB polls,Politics & Government
Latur earthquake attributed to overdrawl of groundwater,Weather & Disaster
New twist to Phoolan case,Crime & Law/Judiciary
Digvijay given additional charge of railway ministry,Politics & Government
Empty promises not welcome; say doctors,Health
World heritage status for Bodh Gaya Temple,"Society, Religion & Culture"
Use foodgrains for watershed development,Politics & Government
Ragging: Institute lodges complaint with police,Crime & Law/Judiciary
BSF wasn't allowed to catch brigand: Ex-chief,Defence & Security
10 cancer patients treted at ayurveda foundation still alive,Health
British Library members go on hunger strike,International/World
No let up in LNN din,Defence & Security
Centre sets up panel to probe spurious drug racket,Politics & Government
Govt okays Rs 1;000 cr bail-out for IFCI,Crime & Law/Judiciary
Rajasthan govt rejects subquotas,Politics & Government
Bhima river barrages to be ready by August 2003,Weather & Disaster
Production of approver in Gulshan case turned down,Business & Economy
Pune Cantonment sets up heritage advisory committee,"Society, Religion & Culture"
Accolades rain on Water Man,Weather & Disaster
Abdullah hits out at RSS; VHP; hints at early polls,Politics & Government
Common intention would make one liable to crime: SC,Crime & Law/Judiciary
Can Fin posts 28% rise in profit,Business & Economy
Rs 30-lakh grants for NGOs,"Society, Religion & Culture"
Chennai police chief apologises to court,Crime & Law/Judiciary
BJP youth wing burns Nirupam's effigy,Politics & Government
PM says his offer to resign 'closed chapter',Politics & Government
Annan hopes US would pay its due to the UN,International/World
Shifting shop has left vendors out of business,Business & Economy
Con woman; two others caught in sex racket,"Society, Religion & Culture"
Threat of militant activities figures in assembly,Defence & Security
Godbole panel recommendations applicable to Reliance Power,Politics & Government
Cong has never compromised on corruption: Digvijay,Crime & Law/Judiciary
When the CM lost his cool,Politics & Government
Businessman found dead,Business & Economy
BJP-Shiv Sena seek mayor's ouster,Politics & Government
Gujarat puts quake damage at Rs 15;308 cr,Weather & Disaster
Poll panel seeks govt directive on reservation issue,Politics & Government
Decision on shifting Surat courts soon: Minister,Politics & Government
Seminars on fashion industry to be held from Aug 6,Entertainment & Lifestyle
Naga bandh in Manipur affects normal life,Entertainment & Lifestyle
LIC picks up 9% stake in OBC from market,Business & Economy
SIMI denies charges of links with militants,Defence & Security
Badminton: Can Verma don referee's role?,Sports
Vajpayee's move a 'cheap approach': Cong,Politics & Government
Govt; Oppn agree on enhanced interaction,Politics & Government
Sun TV denies sedition charge,Entertainment & Lifestyle
When Hawks Coo; Sell a Peace Deal to Pakistan's Army,Defence & Security
PMK stands by Vajpayee,Politics & Government
17 killed in jeep-bus collision in Rajasthan,Crime & Law/Judiciary
Indo-Russian friendship disappearing: Report,Politics & Government
Industrial policy to boost technology: Govt,Politics & Government
HC notices to Centre; Bihar govt on CARE issue,Politics & Government
SACRED SPACEbrMarvel of Creation,"Society, Religion & Culture"
Annan hopes US would pay its due to the UN,International/World
Oppn slams govt over Phoolan's murder,Crime & Law/Judiciary
A Good Samaritan for prison inmates,Crime & Law/Judiciary
Indo-China border talks conclude,Defence & Security
MK hospitalised for blood clot,Health
BJP youth wing burns Nirupam's effigy in Mumbai,Politics & Government
Comparative study of Bihar; MP launched,Education & Recruitment
15 pre-production MBTs delivered to Pak army,Defence & Security
Rivers in Bihar cross danger mark; one lakh affected,Weather & Disaster
TADA evidence on 1993 bomb blasts claimed,Defence & Security
Kamla breaches embankment; inundates Madhubani villages,Weather & Disaster
Man gets 6 months RI for murder bid,Crime & Law/Judiciary
BEML to produce all-terrain truck for Army,Defence & Security
Electronics exports jump 72.5% 2000-01,Business & Economy
HC sets aside Marketfed election,Politics & Government
WiLL finally comes to Lucknow,Sports
India; France discuss US missile doctrine,Defence & Security
Indo-Pak sugar trade dispute erupts again,International/World
Railways fail to recover dues,Business & Economy
Court admits Mascarenhas' petition against suspension,Crime & Law/Judiciary
Oust BJP government' from Aug 9: Jaiswal,Politics & Government
Bill for special court to try power thefts passed,Crime & Law/Judiciary
Bengal Chemicals plans forays in Lanka; Bangladesh,International/World
Committee asks govt to withdraw TOT,Politics & Government
Rupee rock steady against $,Business & Economy
SIMI denies charges of links with militants,Defence & Security
Boys herded to PoK for training rescued,Weather & Disaster
Indo-Pak talks to continue at SAARC; UN: Abdullah,International/World
AI engineers to observe protest day today,Sports
Ganguly will stay captain on default,Sports
Laloo; Digvijay differ in views on state,Politics & Government
Jaspal lone anti-Samata voice in BJP,Politics & Government
SP walkout in LS over Advani's remarks,Politics & Government
Karunanidhi hospitalised,Politics & Government
Students call 24-hour bandh in Naga areas,Education & Recruitment
Sino-US trade ties look up after Powell's visit,International/World
CM to talk to agitating doctors,Health
SBI's fraud cases amount to Rs 269.15 cr,Crime & Law/Judiciary
Deficit rain delays sowing of crops,Weather & Disaster
Token protest by KSRTC staff today,Sports
PMC to hike octroi on 90 items,Politics & Government
Umed floats trust for Phoolan's estate,Politics & Government
UTI readies war chest for US-64 redemptions,Business & Economy
CM takes conciliation path with media,Politics & Government
Pak support to militants worries US,International/World
Infiltration bid foiled; 12 killed in J&K,Defence & Security
Political activist gunned down,Politics & Government
Vajpayee denies PMO role in UTI scam,Politics & Government
Sino-US trade ties look up after Powell's visit,International/World
Poulami; Baboor out of national ranking championship,Sports
Roerich case can be referred to civil court,Crime & Law/Judiciary
IEEE workshop on Aug 10 in City,Education & Recruitment
Exports dip 5%; trade deficit widens by 34%,Business & Economy
KSRTC staff to launch hunger strike tomorrow,Politics & Government
Govt will help retain 'Bharat Mata' cinema hall,Politics & Government
Identity crisis over prime suspect Rana,Crime & Law/Judiciary
NCP leaders demand empowerment of panchayats,Politics & Government
TVS Suzuki net skids 46 per cent,Education & Recruitment
Govt playing favourites with temples,Politics & Government
Govt can't stop funds: Mayor,Politics & Government
Bollywood dazzle cloaks Kutch ruins,Entertainment & Lifestyle
Motorola to double investment in India,Business & Economy
Karnataka mulls resolution against Centre,Politics & Government
ICRA to unveil corp governance ratings for India,Business & Economy
Rivers cross danger mark; one lakh affected,Weather & Disaster
Security tightened along Indo-Nepal border,Defence & Security
Phaltan lamps; rickshaws find markets in US; UK,Business & Economy
Irate students loot Rs 4 lakh worth demand drafts,Education & Recruitment
Mumbai theatres urge regulation of licences to exhibit films,Entertainment & Lifestyle
Thackeray disowns MP's allegations against PMO,Politics & Government
Congress-RJD flay Centre for neglecting states,Politics & Government
No Pak proposal on 'no war pact': Omar Abdullah,International/World
Jharkhand DGP plans police computerisation,Crime & Law/Judiciary
India eyes lucrative satellite launch market,Business & Economy
'UTI participated in RPL's GDR offer',Business & Economy
Talk the talk. It's official!,Politics & Government
Quake survivor gets a taste of English hospitality,Weather & Disaster
Police see more surrenders in Phoolan case,Crime & Law/Judiciary
New SOA at training cammand,Weather & Disaster
Nomination of state youth Congress president delayed,Politics & Government
Sales tax on mustard oil; tyres; tubes to go up,Business & Economy
College libraries will be linked to UGC Net service,Education & Recruitment
Govt seeks experts' advice on farmers' suicide,Politics & Government
Maruti sales up 12% in July,Business & Economy
Vajpayee has sent signal of helplessness,Politics & Government
2 more Deendar Anjuman activists held for blast,Politics & Government
Police intervene as workers manhandle MAMC chief,Crime & Law/Judiciary
Haryana State Coop Bank to give loans upto Rs 2575 cr,Business & Economy
Dimple Kapadia: Serial killers!,Entertainment & Lifestyle
Naga Hoho; church to work jointly for peace,"Society, Religion & Culture"
Minister's bodyguards accused in murder case,Crime & Law/Judiciary
Single rate VAT may boost economy,Business & Economy
Centre sets up panel to probe spurious drug racket,Politics & Government
Laloo opposes recall of TN officials,Politics & Government
ICICI Lombard get nod from IRDA,Business & Economy
BoB to tie up with AMC for life insurance,Business & Economy
AK-47; bullets found in suitcase on TN express,Defence & Security
Ordinary investors loose their money,Business & Economy
ZP member's plea against govt move admitted,Crime & Law/Judiciary
UTI scam has a Jodhpur loop,Business & Economy
CBI asks SEBI to take action against ED,Crime & Law/Judiciary
Polluting lake: V-C takes stock,Business & Economy
Sangma Centre's nominee for Naga talks,Politics & Government
Amended Naga ceasefire comes into effect,Defence & Security
Dip in exports due to international slowdown,Business & Economy
CBI judge puts curbs on coverage of UTI case,Crime & Law/Judiciary
Centre sends team to probe tests in RCC,Sports
Entrepreneurs should welcome healthy competition,Health
Johari remanded to custody till Aug. 7 in UTI scam,Crime & Law/Judiciary
Detained Kashmiri students to be sent to Delhi,Education & Recruitment
CESS calls for rain water samples,Weather & Disaster
SC hearings now open to public,Crime & Law/Judiciary
AP asks Rs 849 cr drought relief package,Weather & Disaster
No cop ready for UP's top job,Education & Recruitment
Cancer patient moves human rights panel,Health
Bill moved to investigate corruption charges,Crime & Law/Judiciary
China to disclose genetic map this month,International/World
Political Midases,Politics & Government
Govt to probe KMF irregularities,Politics & Government
BJP continues to ignore Trinamul,Politics & Government
Govt begins privatisation of Mysore Lamps,Politics & Government
Zen; WagonR drive up MUL sales,Business & Economy
Oppn corners Govt in Phoolan case,Politics & Government
NBA activists undertake relay fasting,Politics & Government
CPI-ML stir to demand probe into killing of naxalites,Crime & Law/Judiciary
Firm garners Rs 20 cr in German fair,Business & Economy
Textile ministry sanctions money for Haryana mkt board,Politics & Government
Rs 849 crore central assistance to tackle drought,Politics & Government
THE SPEAKING TREEbrDattatreya On Embracing Life,Entertainment & Lifestyle
More competition would mean better service,Business & Economy
Better devolution between Centre; states from tax pool,Politics & Government
Nuclear Power Corp has big plans for Rajasthan,Business & Economy
Rupee strengthens further against $,Business & Economy
Punjab keeps on hold Centre's directive on sales tax,Business & Economy
Endosulfan study: Cashew council offers to lend scientist,Education & Recruitment
Witness identifies approver in Gulshan case,Crime & Law/Judiciary
Kolkata' birthday challenged,Entertainment & Lifestyle
Centre sanctions Rs 13 crore for setting up IRB,Politics & Government
Slight intensity quake rocks Koyna; no damage caused,Weather & Disaster
NSCN asks Centre to 'disown' Advani statement,Politics & Government
Govt sends team to Kerala on drug controversy,Politics & Government
Bannerghatta welcomes another pride of lions,"Society, Religion & Culture"
London exporter aided Pak nuke weapons drive,International/World
UTI reserves turn negative,Business & Economy
Arunachal to decentralise tea cultivation,Politics & Government
Regulatory mechanisms for Pvt hospitals hanging fire,Health
Bangalore targets $15 bn software exports,Business & Economy
Petrol dealerships create bad blood among politicians,Politics & Government
FAO for legal instrument on plant genetics,Crime & Law/Judiciary
Oppn accuse Chautala govt of political vendetta,Politics & Government
Patkar; Roy dare SC to jail them for contempt,Crime & Law/Judiciary
Azmi courts arrest with party workers on Mosque issue,Crime & Law/Judiciary
Book says NTR died without medical help,Health
Sahara; Swedish varsity plan eco-excellence centre,Education & Recruitment
Videocon may sell stake in Ravva venture,Business & Economy
Haryana MLA acquitted in murder case,Crime & Law/Judiciary
Fairer sex set to 'rule' LU campus,Education & Recruitment
State; teachers clash over contract,Education & Recruitment
No regrets for outburst against Advani: Amar Singh,Politics & Government
Presidential panel to probe Lankan airport attack,Politics & Government
Susheela Raman's fusion music confuses many,Entertainment & Lifestyle
TN refuses to release 4 police officers,Crime & Law/Judiciary
Convicted officials can't hold office: SC,Politics & Government
Nine more PSUs empanelled for divestment,Politics & Government
Water meters a WB dictated policy; alleges CPM,Politics & Government
Singapore dream: Krishna says it's up to people,Politics & Government
Hearing on Azhar petition adjourned to Aug 29,Crime & Law/Judiciary
One killed; two ultras arrested in J&K,Crime & Law/Judiciary
German bank to credit power; telecom projects,Business & Economy
General Motors to up investment in India,Business & Economy
Tax planning for government exployees,Politics & Government
Gadar challenged in high court,Crime & Law/Judiciary
Kargil memorial college in Safdarjung Hospital,Education & Recruitment
No breakthrough in Khadim vice-chairman's kidnapping,Crime & Law/Judiciary
Trinamul justifies decision to back PM,Politics & Government
Another trader falls prey to abduction business,Business & Economy
Girl raped again; killed for revenge,Crime & Law/Judiciary
Environment experts called to protect Taj,"Society, Religion & Culture"
Rashtriya Rifles to have 30 new battalions,"Society, Religion & Culture"
China breeds improved hybrid rice strain,International/World
Two held for murder of SUCI leader,Crime & Law/Judiciary
Top scientist quits DRDO; to join pvt firm,Business & Economy
Herbal tourism: A new fad with health ministry,Health
UNESCO enquires about Mahabodhi Temple,"Society, Religion & Culture"
Govt playing vote bank politics: VHP chief,Politics & Government
Centre gives nod to Mumbai mega-water project,Politics & Government
Digvijay gets railways,Business & Economy
AK-47 culture has come from UP: Laloo,"Society, Religion & Culture"
Villages below 6% rain to be declared drought-hit,Weather & Disaster
Senior member of Chhota Rajan gang arrested,Crime & Law/Judiciary
More persons may be involved in Phoolan case,Crime & Law/Judiciary
Historian to take NCERT to court,Crime & Law/Judiciary
NTR's widow to move court against allegations,Crime & Law/Judiciary
Robin Deb grilled over alleged links with crime boss,Crime & Law/Judiciary
Flood situation in Bihar worsens,Weather & Disaster
Govt contemplates laying underground cables in JK,Politics & Government
'Indian version of Sukhoi world's best',International/World
Advani's remarks ruffle Oppn feathers,Politics & Government
Indo-China trade to get a boost,Business & Economy
N-E rebel groups to boycott I-day celebrations,Entertainment & Lifestyle
Stand by Vajpayee; Trinamul urges NDA,Politics & Government
UP Cong to launch 'oust BJP movement' on Aug 9,Politics & Government
Punjab ADGP convicted for murder,Crime & Law/Judiciary
Technology; infrastructure main thrust of industrial policy,Politics & Government
Sino-India border talks conclude,Defence & Security
One killed as police fire on irate mob,Crime & Law/Judiciary
Andhra tops the funds race,Sports
Eight impersonators in police custody,Crime & Law/Judiciary
Trinamul justifies support to Vajpayee,Politics & Government
Police drama to counter drugs,Crime & Law/Judiciary
Smugglers get rail 'pass',Crime & Law/Judiciary
Chunna's arrest: More harm than good,Crime & Law/Judiciary
PoK group asks UN to book Musharraf as war criminal,Crime & Law/Judiciary
SP wants white paper on Rs 1;000 cr to IFCI,Politics & Government
Corruption is a state of mind,Crime & Law/Judiciary
Goutam Deb guilty of causing Rs 50-cr loss,Business & Economy
Sudhakaran gets interim bail,Crime & Law/Judiciary
Theatres urge regulation of licences to show films,Entertainment & Lifestyle
PM holds meeting on Naga ceasefire issue,Defence & Security
Lukewarm response to UTI repurchase,Business & Economy
Refrain from raking up RCC row: Antony,Weather & Disaster
Punjab militant sentenced to life imprisonment,Defence & Security
Science Olympiad qualification test in Nov,Sports
VRS for central govt employees soon: Shourie,Politics & Government
Ayodhya case hearing on Sept 4,Crime & Law/Judiciary
Prasar Bharti; IGNOU sign MoU on radio education,Education & Recruitment
MSU plans constituent commerce colleges,Education & Recruitment
Moser Baer secures European export credit,Business & Economy
Chinese Premier to visit India this year,International/World
CPM announces campaign against Antony govt,Politics & Government
Indian beer wins international acclaim,International/World
It's body language that does the real talking,"Society, Religion & Culture"
Moradabad killings point to involvement of criminal tribes,Crime & Law/Judiciary
Govt says no to Sinha's resignation,Politics & Government
Criminal tribes involved in Moradabad killings,Crime & Law/Judiciary
Five new suspects in Phoolan case,Crime & Law/Judiciary
Officers unmoved by transfer policy,Politics & Government
Flood situation improves in Sikkim,Weather & Disaster
CSE may suspend trading of DSQ Software,Business & Economy
Star increases stake in indya.com,Business & Economy
Patients seek damages from RCC,Health
Floods force 200 families to shift in Jalpaiguri,Weather & Disaster
Musharraf likely to announce poll strategy on August 14,Politics & Government
Gopalakrishna joins Congress,Politics & Government
Resignation won't resolve UTI issue: Sinha,Business & Economy
Kerala ministers to fly economy class,Business & Economy
Adolescent health centre at Safdarjung Hospital,Health
EQUIPMENT FAILURE DISRUPTS RAILWAY SERVICES,Business & Economy
Flood situation in Bihar worsens,Weather & Disaster
I will join politics: Umed,Politics & Government
APCC recommends firm action against saboteurs,Business & Economy
Advani takes a movie break,Politics & Government
Next maha panchayat on Sept 13: CM,Politics & Government
Sagging tax collections reflect poor state of economy,Business & Economy
Can't clean drains when people don't help: BCC,Weather & Disaster
I-T revamp gives ministry hope for better revenue,Politics & Government
Sangma to represent govt in talks with NSCN,Politics & Government
India-China JWG meeting ends,International/World
Punjab militant sentenced to life imprisonment,Defence & Security
Bengal circle to introduce cell services this year,Business & Economy
Kerala ministers; officials to travel in economy class,Politics & Government
Maestro lets children steal the show,Defence & Security
Musharrafs ConstraintsbrIndia has Greater Room for Manoeuvre,Weather & Disaster
State investors want Sinha's scalp,Business & Economy
Boy slaps girl student on LU campus,Education & Recruitment
Multiplex business: Too many; too soon,Business & Economy
Yaadein: US top notch,International/World
It's celebration time for sisters and brothers,Entertainment & Lifestyle
HC stays trial against Kerala minister,Politics & Government
Hasina to leave official residence Ganobhaban,Politics & Government
US bankers follow shariah to strike gold,Politics & Government
CII delegates meet US officials on steel,Politics & Government
Pak allowing UN monitors is un-Islamic: Lashkar,International/World
Subhash Ghai: On Love and Memories!,Entertainment & Lifestyle
Bukhari raps Govt over minority rights,Politics & Government
US condemns Israeli policy of 'targeted liquidation',Politics & Government
Accused was in jail when Phoolan was killed,Crime & Law/Judiciary
First Neera issue; then varsity Bill: Oppn,Politics & Government
Briefing for students at BCL,Education & Recruitment
Remark on Sonia visit expenses infuriates Cong,International/World
Existing JPC to probe UTI scam,Business & Economy
OCA medical chief inspects doping facilities,Health
Great Investment wins Governor's Cup,Business & Economy
UTI crisis: As Usual; public pays the price,Business & Economy
8 ultras; 2 women among 14 killed in J&K,Crime & Law/Judiciary
Anti-dumping duties on theophylline; caffeine import,Business & Economy
SAR merged with city police,Crime & Law/Judiciary
Enraged by apathy; man assaults telecom engineer,Business & Economy
CAG pulls up Orissa Govt on post-cyclone relief,Politics & Government
Major rivers rising in UP,Weather & Disaster
No German parts in Agni missile: Govt,Politics & Government
Cong; SP; traders join hands on power issue,Politics & Government
BSP rules out truck with BJP; SP,Politics & Government
Search for AIDS cure in coconut oil,Health
Disunity in BJP election panel,Politics & Government
Chhota Shakeel aide killed in encounter,Crime & Law/Judiciary
Housing part of action plan for police dept,Crime & Law/Judiciary
UTI chief promises a cleanup job,Business & Economy
Wockhardt Hospital launches Happy Heart Club,Health
Knowledge society must for India,"Society, Religion & Culture"
Cancelling DPC Phase-I & revival of Phase-II a mistake,Business & Economy
Sahmat convention on education,Education & Recruitment
Radiation caused NTR's wife's cancer: Doctor,Health
Assembly seat sought for Lady Luiz,Politics & Government
Raids bare arms stockpile; sinister SIMI designs,Crime & Law/Judiciary
Bank of India to open branches in China; Vietnam,International/World
UTI receives applications for repurchases of 2.22 crore units,Business & Economy
Kolkata's birthday disputed,Entertainment & Lifestyle
Indo-Bangla train service; a doubtful starter,Business & Economy
State to consult Centre on KIOCL mining,Politics & Government
BJP members of PMC school board resign,Politics & Government
India has potential to garner $100 bn FDI in 5 yrs,Business & Economy
London blast blows apart N. Ireland peace hopes,International/World
HC strikes down GO on family pension,Politics & Government
Chief justice flays rights activists,Crime & Law/Judiciary
Punjab addl DGP gets lifer for murder,Crime & Law/Judiciary
Pakistan military general dismissed,International/World
Boy killed in Army firing on rally,Defence & Security
Shimoga dist gets grant to tackle drought,Weather & Disaster
No retrenchment in railways; says Minister,Politics & Government
NHRC for total eradication of discrimination,"Society, Religion & Culture"
A school for dropouts,Education & Recruitment
NRI made payments to kin of fodder scam accused,Crime & Law/Judiciary
Theatre not the only producer of good actors,Entertainment & Lifestyle
King Con; Prince Charming; Charles Sobhraj,International/World
Police clueless about youth's death,Crime & Law/Judiciary
How fashionable can you get?,Entertainment & Lifestyle
Govt promoting neem pesticides,Politics & Government
PWG attacks train in Bihar; two injured,Weather & Disaster
Azadi se Swarajya: National workshop from Monday,Education & Recruitment
8 fasting govt staffers faint,Politics & Government
Russia may resume military ties with N Korea,Defence & Security
Accused was in jail when Phoolan was killed,Crime & Law/Judiciary
There's no life in outer space: scientist,Entertainment & Lifestyle
Corporators brush up behaviour on poll eve,Politics & Government
NTRA team visits textile mills,Sports
PM must come clean on UTI scam: RJD,Business & Economy
Power scene irks state industrialists,Politics & Government
Poor rains leave Pune villages dry,Weather & Disaster
Militants target UP for communal strife,Defence & Security
Indian team leaves for Azlan Shah,Sports
Farmers unhappy with new land acquisition rates,Business & Economy
USA.net becomes paid only to be hacked,International/World
India lauds Bush-Putin summit,International/World
Police yet to locate Ashwini brave talks,Crime & Law/Judiciary
Plea to restrain Jaya from working as CM,Crime & Law/Judiciary
Shah Rukh visits Bylakuppe,International/World
This 'thread of love' is pricey,Entertainment & Lifestyle
Half-finished community hall raises heat and dust,"Society, Religion & Culture"
Mayor's brother arrested for assault,Crime & Law/Judiciary
Pak future bleak if democracy is not restored: Bhutto,International/World
Two women among three killed in Jammu,Crime & Law/Judiciary
Two Hizb militants killed in J&K blast,Crime & Law/Judiciary
Citizens' plea for silence falls on deaf ears,Crime & Law/Judiciary
Bill on two-child norm to comply ICPD,Politics & Government
New drug gives hope to Arthritis patients,Health
Man with Rs 10.7 lakh fake currency arrested,Crime & Law/Judiciary
BJP against help to kins of slain militants,Politics & Government
City law colleges put out wait-lists,Education & Recruitment
CBI defends splitting trial in Bofors case,Crime & Law/Judiciary
Leading film stars; designers to join anti-shatoosh campaign,Entertainment & Lifestyle
Centre of Excellence blank ASC,Politics & Government
Enterasys ranked first in LAN switching market,Business & Economy
BJP member lashes out at NDA govt,Politics & Government
Closure of PSUs only last resort: Govt,Politics & Government
China lifts restrictions on pvt enterprises,International/World
No retrenchment in Rlys for downsizing: Minister,Politics & Government
'Devi Shakti' Banu fears for her life,Entertainment & Lifestyle
India proposed end to N-tests in 1955,Sports
Software exports on target,Business & Economy
Hazarika acquitted; CBI to move HC,Crime & Law/Judiciary
Subramanyam remanded to judicial custody,Crime & Law/Judiciary
Govt. allays fear of inflation,Politics & Government
Parents; schools fail to curb violence in class,Education & Recruitment
LS adopts water disputes amendment bill,Politics & Government
Govt. should use pool of talented IT professionals,Politics & Government
Diseases may break out in Mau Aima,Health
3 militants surrender to BSF in Manipur,Defence & Security
Life imprisonment to ADGP Bhullar and three others,Politics & Government
Jaspal leaves BJP on tenterhooks,Politics & Government
Sahara to tie up with foreign airline,International/World
IB reports dark deeds at varsity,Education & Recruitment
MCI gives nod for 100 seats at Goa Medical College,Health
Relief operations for flood affected demanded,Weather & Disaster
Politics keeps lecturers occupied,Politics & Government
Depositors pin hopes on PM for reviving CCB,Politics & Government
Bail plea of Red Fort shootout accused rejected,Crime & Law/Judiciary
JPC sits on stock market scam,Business & Economy
Sion hospital to be treated for old age,Health
Three more held in Phoolan case,Crime & Law/Judiciary
BHEL bags Rs 10 cr order from ONGC,Business & Economy
No action by Punjab govt so far,Politics & Government
UTI may dig into reserve fund,Business & Economy
Notorious thief in police net,Crime & Law/Judiciary
Panel to check sex tests,Politics & Government
HC seeks report from govt on basic amenities in villages,Politics & Government
Bangalore is marketing hub for global IT firms,Business & Economy
UP govt transfers 13 senior IPS officers,Politics & Government
Gypsies; tramps and thieves in pro-rights Europe,International/World
Sehwag; the man for the job,Education & Recruitment
CM names experts to look into farmer suicides,Politics & Government
Dhawan warns against anti-party activities,Politics & Government
Monsoon session of Maha legislature prorogued,Politics & Government
Ban on liquor sale holds no water in tribal area,"Society, Religion & Culture"
Air Force expresses reservations over CDS,Defence & Security
State to convince Karnataka on Krishna water need,Politics & Government
Cases against Cong MLA,Politics & Government
Hurriyat for peaceful resolve to Kashmir problem,Defence & Security
Counselling curbs suicides of AIDS patients,Health
Mum's the word on corruption,Crime & Law/Judiciary
Secretive govt officials can be fined,Politics & Government
Govt concerned at lack of permanent doping facility,Politics & Government
Burman received medical attention from captors,Health
Centre to reply to Jaya on cops' transfer,Politics & Government
Six arrested for betting,Crime & Law/Judiciary
'Damn the floods; let's settle scores',Weather & Disaster
Army starts relief work in flood-hit areas,Defence & Security
CM for Delhi on Aug 7,Politics & Government
Striking Agra medicos gherao minister,Politics & Government
Bihar; Jharkhand should move together for strong economy,Business & Economy
NTR's doctor confirms Kakarla's version,Business & Economy
Mantralaya or Government?,Politics & Government
Blame it on love: SMS is the buzzword now,Entertainment & Lifestyle
Fisherwomen caught between MMC and new market,Business & Economy
BJP says Krishna has failed to tackle drought,Politics & Government
DF Govt to probe plot to topple it,Politics & Government
Iran; Libya Sanctions Act to continue,International/World
'Devi Shakti' Banu fears for her life,Entertainment & Lifestyle
Almost all bomb threat calls are hoax,Defence & Security
Violence in schools is rising,Education & Recruitment
Advani to visit Lucknow on Aug 18,Politics & Government
MPs just love Bombay High,Entertainment & Lifestyle
Govt brings coffee under APMC Act,Politics & Government
OxyContin: America's newest drug menace,International/World
Centre's assurance on Bru/Reangs problem,Politics & Government
Sensex recovers by 2.27% over last week,Business & Economy
Sehwag's target for finals: 100 off 36 balls,Sports
No politics behind transfers: Venkaiah,Politics & Government
Temporary accredited lab for dope testing,Sports
Global managers get lessons in culture,"Society, Religion & Culture"
CM orders relief in flood-hit Champaran areas,Weather & Disaster
Mysterious disease claims 19 lives,Health
Health service remain affected,Health
Cricket pushes Lankan politics backstage,Politics & Government
LPG production to go up in Kochi,Business & Economy
Dattu death: Police in troubled waters,Crime & Law/Judiciary
4 from Kochi killed in mishap,Crime & Law/Judiciary
RJD MLA voices concern over kidnappings,Politics & Government
Centre to review Kashmir situation,Defence & Security
China punishes officials for mine accident,Politics & Government
CVC to bring out book on tackling corruption,Crime & Law/Judiciary
Sinha rules out resignation over UTI muddle,Business & Economy
Demolitions: Builders' assn disputes govt claim,Politics & Government
Police display names of arrested in city,Crime & Law/Judiciary
Domestic found murdered in Jangpura,Crime & Law/Judiciary
State team off to Khardung-La on bike,Sports
Demonstrations against Azmi's arrest,Crime & Law/Judiciary
Drought: Tumkur is worst hit,Weather & Disaster
Civilian injured in Pak firing along border,Defence & Security
Widespread rains in drought-hit Andhra Pradesh,Weather & Disaster
UTI firm on strategic sale in dud firms,Business & Economy
Proxy war between captain and selectors,Sports
Chhota Rajan aide remanded to custody,Crime & Law/Judiciary
Junior doctors strike continues,Health
Why is the Sangh quiet on UTI scam?,Business & Economy
HC questions delay in sanction against fodder scam accused,Crime & Law/Judiciary
'Damn the floods; let's settle scores',Weather & Disaster
NDA panel for Jharkhand soon: Marandi,Politics & Government
Iraq has rebuilt air defences destroyed in raids,International/World
Police seize sandalwood; arrest four,Crime & Law/Judiciary
MLA draws fire for stalling graft debate,Politics & Government
Three held on the charge of betting during cricket match,Sports
Council okays Bill on smoking ban,Politics & Government
Army recruitment rally from Aug 9,Defence & Security
CPI lashes out at govt over Burman's abduction,Politics & Government
DUSU poll schedule declared,Politics & Government
Customs men fire in air in self defence,Defence & Security
Accused remanded to judicial custody,Crime & Law/Judiciary
Vajpayee rules over a divided house,Politics & Government
25 Pak trained youths arrested,Crime & Law/Judiciary
Bad roads; back aches and acupressure for the CM,Health
Bodies of 15 kidnapped Kashmir villagers found,Defence & Security
Varsity refuses to extend last date for admissions,Education & Recruitment
Depositors request PM to revive CCB,Politics & Government
10 killed in Coimbatore road accident,Crime & Law/Judiciary
Epidemic-free monsoon season so far,Weather & Disaster
Mulayam sceptical of govt promise to MBCs,Politics & Government
Gangster killed in Mumbai encounter,Crime & Law/Judiciary
Swallow a pill-sized camera for a view of intestine,Sports
ULIP keeping UTI flag high,Business & Economy
3 accused in Phoolan case remanded,Crime & Law/Judiciary
CM instructs not to delay rural projects,Politics & Government
WB has lauded fiscal discipline efforts,Business & Economy
UTI may suspend US-64 sales indefinitely,Business & Economy
Stealing the thunder from the more fancied players,Sports
Medical store owner's assailants held,Health
Snub to BJP member draws flak,Politics & Government
Parvati asks for CBI probe into charges,Crime & Law/Judiciary
Action against indicted doctors for criminal nexus,Health
Police official to be suspended for tribal's suicide,Crime & Law/Judiciary
CM urges Anna Hazare not to undertake 'maunavrata',Politics & Government
OxyContin: America's newest drug menace,International/World
Resurgent India ready for final assault,Sports
Police academy relives crimes to train officers,Crime & Law/Judiciary
Sushma-Kondaiah tea party raises storm,Weather & Disaster
Manuwadi Party trains its guns on BJP; Congress,Politics & Government
Sushma lays foundation stone for DD-2 centre,Politics & Government
Kannada writer honoured in city,"Society, Religion & Culture"
Winging to America,International/World
Former Wiproites make it big in the techie world,International/World
Vigilance committees to be set up to monitor health schemes,Health
Sun And Rain in good form,Weather & Disaster
HC seeks village amenities' report,Politics & Government
Cong expels MLA Siddaraju,Politics & Government
New hockey rules to be put to test,Sports
Vajpayee not to call Musharraf on birthday,Politics & Government
Shortage of warders affects jail admn,Crime & Law/Judiciary
British high commissioner lauds rapid strides by AP,International/World
Students protest fee hike; force closure of varsity,Education & Recruitment
Cyberspace was a wrong investment decision: Sinha,Business & Economy
A rare match: India vs Pakistan,International/World
MPCC's minority department launched : Farooqui,"Society, Religion & Culture"
Acceptances at the Portofino Cup,Sports
10 killed in bus accient,Crime & Law/Judiciary
China concerned about 3-nation security talks,International/World
Potential to tap $100 bn FDI in 5 yrs,Business & Economy
Monsoon brings solace to parched lands,Weather & Disaster
Doctors to stop OPD service,Health
Musharraf's presidency to be challenged in SC,International/World
GPCB voices against pollution in Aji river,Weather & Disaster
HDFC Standard Life to break even after 5 years,Entertainment & Lifestyle
CPM demand anganwadi workers' right to contest polls,Politics & Government
8 CRPF men among 10 killed in Assam blast,Crime & Law/Judiciary
Delay in autonomy for affiliated colleges irksome,Education & Recruitment
Heavy rain revive hopes of farmers,Weather & Disaster
ITC chairman against BAT increasing stake in VST,Business & Economy
Veteran Marathi singer Jyotsna Bhole passes away,Entertainment & Lifestyle
Health ministry for revising MBBS curriculum,Health
Meteorite confirms traces of water; Mars origin,Business & Economy
Former defence secretary S K Bhatnagar dead,Defence & Security
CAG; House panel rap graft in local bodies,Politics & Government
National policy must to combat ISI: Gill,Politics & Government
Book on Karunanidhi's 'midnight arrest' released,Crime & Law/Judiciary
DDLJ completes 300th week in theatre,Entertainment & Lifestyle
Fashion Week set to walk the ramp; so does trouble,Entertainment & Lifestyle
NHRC asks Bihar govt to pay compensation,Politics & Government
SBI forex profit on the downswing,Business & Economy
Marilyn final fashion shoot,Entertainment & Lifestyle
Zee plans to release a film every month,Entertainment & Lifestyle
Mishra charges CBI with conspiracy,Crime & Law/Judiciary
Eight militants killed in Assam,Crime & Law/Judiciary
State potential in food technology needs to be tapped,Politics & Government
Pak cracks whip on terrorists,International/World
Govt allots prime land for infotech ventures,Politics & Government
Morning walkers protest against fee,Sports
Quality testing centre for Shimoga,Politics & Government
Maharashtra govt takes steps to curb SIMI activities,Politics & Government
Bandh affects normal life in Manipur,Entertainment & Lifestyle
Ban IAS officers recruitment in Sikkim cadre,Education & Recruitment
Hooghly River as real estate!,Politics & Government
Study Now; Pay Later,Education & Recruitment
Karunanidhi discharged from hospital,Politics & Government
All eyes set on Gulshan Kumar trial,Health
Legislation to limit risky medical tests,Health
8th accused in Phoolan case remanded,Crime & Law/Judiciary
CM now out to restore 'national honour',Politics & Government
'Bofors case won't be affected by Bhatnagar's death',Crime & Law/Judiciary
Mayor's brother alleges Sena threat,Politics & Government
A day of political bickerings at Baba Bakala,Politics & Government
UGC bans distance education 'deals',Education & Recruitment
SACRED SPACEbrUnited Trust,"Society, Religion & Culture"
Acquired Ayodhya land to get a face lift,Business & Economy
Stray bullet hits man,Defence & Security
First-hand pain,Health
Resentment among govt staff over flat allotment,Politics & Government
THE SPEAKING TREEbrWe are Such a Joyless Society,"Society, Religion & Culture"
Centre to reply on TN police transfers: Naidu,Crime & Law/Judiciary
PM offered to quit as he was 'hurt': George,Politics & Government
US continues to support Pak despite sanctions,International/World
Gangster involved in temple theft held,Crime & Law/Judiciary
SACRED SPACEbrOf Human Bondage,"Society, Religion & Culture"
HC adjourns plea challenging medical CET results,Crime & Law/Judiciary
Voltas exonerated from unfair trade charges,Business & Economy
High-level visits to firm up Sino-Indian ties,Business & Economy
Shiv Sena demands President's rule in J&K,Politics & Government
HPCL to complete Bhatinda Refinery by Dec 2005,Defence & Security
Veteran Marathi singer Jyotsna Bhole passes away,Entertainment & Lifestyle
Plough Investment into Rural Economy,Business & Economy
School penalises Sikh boy for haircut,Education & Recruitment
No PIL has gone against us: CM,Politics & Government
Tight security for Sai Baba after LTTE threat,Defence & Security
Ramanujam made DGP (Intelligence),Politics & Government
Advani lashes out at Musharraf,Politics & Government
Govt charged with discrimination in flood relief,Politics & Government
Hurriyat invites Dalai Lama to Kashmir,Defence & Security
Magisterial inquiry ordered into Kishtwar massacre,Crime & Law/Judiciary
Flood situation improves in Assam,Weather & Disaster
All eyes set on Gulshan Kumar trial,Health
Servant's death: Hearing put off to Aug 8,Crime & Law/Judiciary
Probe on in medicine cartons found from pond,Health
Temple officials urged to seek consent for using mikes,Politics & Government
BSF fires at Bangladeshi intruders; 1 hurt,Defence & Security
Centre to reply on TN police transfers,Crime & Law/Judiciary
UK jails and abuses asylum-seekers,International/World
Match-makers busy pairing zoo inmates,Health
BVA relents following assuarnce from govt,Politics & Government
Mayor's brother alleges Sena threat,Politics & Government
BSCB women's team expelled from TT meet,Sports
Bihar flood situation grim,Weather & Disaster
WHO guidelines for helping hearing impaired,Crime & Law/Judiciary
Bloated ministry burdens common Goan,Politics & Government
Woman robbed at Rly. station,"Society, Religion & Culture"
Medical journals call for accuracy in reporting,Health
Mumbai varsity to issue notices to colleges,Education & Recruitment
Centre takes strong note of fake medicine supply,Health
Bollywood wakes up to piracy threat,Entertainment & Lifestyle
Naxals kill suspected police informer,Crime & Law/Judiciary
Doda victims cremated amid protests,Crime & Law/Judiciary
Govt to rent out two grain godowns,Politics & Government
At last; Dharam Singh visits Raichur,International/World
Pak; APHC launches mischievous propaganda: Official,International/World
BJYM activists take out motorcycle rally in Basti,Politics & Government
4 fake cops rob businessman,Business & Economy
Shastri extols teachers role,Education & Recruitment
Sonia's please-all panel may undermine Amarsinh position,Politics & Government
Police grope in dark on Burman abduction,Crime & Law/Judiciary
Nagas take stock; truce in danger,Business & Economy
Widen the scope of law education: Expert,Education & Recruitment
YSR takes CM to task on power issue,Politics & Government
India to continue highlighting Pak-sponsored terrorism,Defence & Security
IN BLACK AND WHITEbrCan NDA survive without Vajpayee,Politics & Government
Central delegation to visit Tripura in Sept,Politics & Government
SIMI denies arrested men were its members,Crime & Law/Judiciary
TN wants DGP to continue in state,Politics & Government
Hyderabad Hospital to be opened today,Health
Thailand's brain bank starts operation,Weather & Disaster
PM unveils Afro-Asian Games mascot,Politics & Government
Case of treachery against 12 SIMI activists,Politics & Government
Traffic police extends hand of friendship,Crime & Law/Judiciary
Water Board calls for rain water harvesting,Weather & Disaster
Security forces on high alert on Indo-Nepal border,Defence & Security
Central team to assess drought,Weather & Disaster
Prime suspect in north-west China blast arrested,Crime & Law/Judiciary
Fellowship for city doctor,Health
Portrait of an artist painting Bangalore-scapes,Entertainment & Lifestyle
Chandrika renews bid to form all-party govt,Politics & Government
Healthminders: An eye to healthy future,Health
HUDA: Placing city on world map,International/World
Farmers hopes soar as rains soak parched fields,Weather & Disaster
NASSCOM panel names Karnik as president,Politics & Government
Action plan to combat kidnapping on the anvil,Crime & Law/Judiciary
RSS demands President's rule in J&K,Politics & Government
Women's jail bursting at the seams,Crime & Law/Judiciary
DF govt turns tables on Oppn during session,Politics & Government
Trains to Gujarat diverted; re-routed,Weather & Disaster
Jammu artist's painting to adorn PM's house,Entertainment & Lifestyle
New IIM alumni want to help society first,"Society, Religion & Culture"
Ex-mayor Satyanesan dead,Politics & Government
It pays to be old if Govt foots the bill,Politics & Government
Regulatory framework must for media industry,Business & Economy
... as BJP shops for another partner,Politics & Government
Sukhna desilting project still hanging fire,Crime & Law/Judiciary
PC sales to gain pace in 2002: Barrett,Business & Economy
Aid to Pak militants soar despite ban,Defence & Security
Secularism of education being eroded',Education & Recruitment
Trinamool can join NDA sans any ministry: BJP,Politics & Government
Airport attack: 11 face court martial in Lanka,Crime & Law/Judiciary
Tough time for consumer durables firms; warns ICRA,Business & Economy
Medical camp in Rajkot district,Health
JKLF leader stopped on honeymoon trip to Nepal,International/World
Malaria spreads in Kolkata,Health
Flood relief work hampered,Weather & Disaster
Pharma growth plans enchant industry analysts,Business & Economy
Human rights; Sri Lanka & Joe Henderson,International/World
Bid to storm Army post foiled; 15 killed in J&K,Defence & Security
Centre to open permanent disability centres,Politics & Government
Kate moves to Hollywood,Entertainment & Lifestyle
IN BLACK AND WHITEbrCan NDA survive without Vajpayee,Politics & Government
Sikh society to send pilgrims to Pak,"Society, Religion & Culture"
BHEL engineer succumbs to injury,Business & Economy
Doubts shroud Indo-Bangla train service,Business & Economy
Telco; Bajaj; M&M forsee higher growth in net profit,Business & Economy
Case against Bhatnagar has to be dropped,Crime & Law/Judiciary
10 mn disabled still to get I-cards: minister,Politics & Government
Militants fired after waking up us from sleep,Defence & Security
Healthminders: With an eye to a healthy future,Health
Brothers call on woman prisoners,"Society, Religion & Culture"
Bihar CM charges CBI with conspiracy,Crime & Law/Judiciary
Case against BJP leader adjourned to Sept 27,Politics & Government
Memons to examine defence witness tomorrow,Defence & Security
VSNL notified VRS for employees,Business & Economy
Parliament approves repeal of Banking Companies Act,Business & Economy
Scope for improvement in state Cong: Nath,Politics & Government
Govt rapped for lack of WLL telephony tenders,Politics & Government
Irani's report spells no boon for Bihar,Politics & Government
India's trip to Pak on test,International/World
Minister grilled over GEB's T&D losses,Politics & Government
Providing ID cards to disabled is handicapped,"Society, Religion & Culture"
Demonstrators burn minister's car in Meghalaya,Politics & Government
Judge asks letter writer to file affidavit,Crime & Law/Judiciary
Police make progress on Khadim owner kidnapping,Crime & Law/Judiciary
Anti-dumping case against porcelain tile import from China,Business & Economy
BU introduces tourism course,Education & Recruitment
Housing Minister aims to put his house in order,Politics & Government
RSS workers take out rally against terrorists,Defence & Security
Leadership courses inaugurated at IAF,Education & Recruitment
House Owners' Association members arrested,Crime & Law/Judiciary
India has no option but to have missile shield,Defence & Security
Bus strike paralyses Mumbai,Politics & Government
Controversy over CPI's remarks against state govt,Politics & Government
Nirupam's apology doesn't come; BJP miffed,Politics & Government
Jyoti Basu on Hindu militant hit-list,Defence & Security
BJP consider parting with ally,Politics & Government
Blood Brothers,Health
Govt wooing back farm scientists settled abroad,Politics & Government
Govt holds fast to no-neera policy,Politics & Government
UK proposes to launch new initiative to promote trade,Business & Economy
Tatas file FIR against Dilip Pendse; 5 others,Crime & Law/Judiciary
RCF in semi-finals,Sports
Militants open fire in Assam market; 1 killed,Crime & Law/Judiciary
Heavy rains in Saurashtra; Panchmahals,Weather & Disaster
Jaitley releases RSS book,Entertainment & Lifestyle
Cong demands more time to discuss budget,Business & Economy
SEJC trashes CM's announcements,Politics & Government
Bihar flood situation grim; rivers rising,Weather & Disaster
Amitabh Bachchan: Goes international,International/World
Surat MLAs meet CM,Politics & Government
Kodagu gearing up for Kaveri festival in October,"Society, Religion & Culture"
VHP gives Advani two weeks on Doda,Politics & Government
Tata; Hughes exploring telecoms tie-up,Business & Economy
Indian firms invited to set up units in China's SEZs,Business & Economy
Another book on Mysore Palace released,Entertainment & Lifestyle
Farmers hopes soar as rains soak parched fields,Weather & Disaster
Malaria bites; in Kolkata as well,Health
Govt winds up Yeleru probe,Politics & Government
No proposal to divest SAIL: Govt,Politics & Government
India fashion week unfolds in Mumbai,Entertainment & Lifestyle
Protest over new safety provisions,Sports
WSEB made sick to aid privatisation: Report,Politics & Government
Salt Lake stadium case: Police arrest 11,Crime & Law/Judiciary
Flood-drought situation worsens,Weather & Disaster
Life sentence for 5 of family,Entertainment & Lifestyle
Increase in mental trauma cases: Mehta,Crime & Law/Judiciary
Centre's attempt at 'rewriting history' miffs some,Politics & Government
For their eyes only,Health
What ails Diamond Harbour hospital,Health
Petroleum traders to strike from Aug 20,Politics & Government
Joint Indo-Russian centre on ayurveda,Politics & Government
TVS-Suzuki reports 4% down in July sales,Business & Economy
Multi-herbal formulation for use in cancer,Health
We are the world; say 'healthminders',Health
Pakistan press under government pressure,Politics & Government
Rajya Sabha condemns Doda killings,Politics & Government
Brothers call on woman prisoners,"Society, Religion & Culture"
Centre's action not interference: Digvijay,Politics & Government
SIA has not sought 49% stake in A-I,Business & Economy
21;586 villages to be provided with telecom facilities,Business & Economy
Deve Gowda meets senior Chinese leader,International/World
Muslim League leader detained in Kashmir,"Society, Religion & Culture"
Gujarat warned of impending rains,Weather & Disaster
Demand to reinstate sacked staff,Politics & Government
FCI employees to strike work from Aug 16,Politics & Government
Nigeria for technological corp with India,Business & Economy
Use CVC to fire at corrupt officials: Vittal,Politics & Government
Gangster involved in temple theft held,Crime & Law/Judiciary
Bus strike paralyses Mumbai,Politics & Government
India warns Pak against continuing hostility,International/World
Cabinet decided on vigilance probe: Antony,Politics & Government
Blue film racket busted; 4 arrested,Crime & Law/Judiciary
Life sentence for 5 of family,Entertainment & Lifestyle
Student ends life in Mount Carmel hostel,Education & Recruitment
TDP; BJP cadres clash over corner stone,Politics & Government
AIADMK govt trying to fool people: MK,Politics & Government
Mobile toilet maintenance tenders opened,Defence & Security
Unanimity at polls impossible in Warangal,Politics & Government
Jaswant charges Musharraf with 'military simplicism',Defence & Security
Maruti hikes car prices from today,Business & Economy
It's destination Howrah station for smugglers,Crime & Law/Judiciary
Sonia's please-all panel may undermine Amarsinh position,Politics & Government
HC quashes state order on kerosene licence,Politics & Government
Politicised Economy,Business & Economy
Bhaskar's painting diktat has cops in a tizzy,Entertainment & Lifestyle
Woman drowns in the sea at Somnath,"Society, Religion & Culture"
Wanted; work culture among CPM workers,"Society, Religion & Culture"
Memons to examine defence witness tomorrow,Defence & Security
Samajwadi Party's overtures to state politicians set the ball rolling,Politics & Government
Upcoming Bill meant for NBFC investor only,Business & Economy
BJP adopts cautious approach to Sabarkantha; Sabarmati by-polls,Politics & Government
New job for Fire Services with obstacles,Education & Recruitment
New statement for Assam empoyees: A govt that cares,Politics & Government
SP demands constitution of NDA state panel,Politics & Government
Speech therapy centre at Army Hospital,Defence & Security
IIT KGP gears up for golden jubilee celebrations,Education & Recruitment
Allow anganwadi to contest panchayat polls,Politics & Government
India fashion week unfolds in Mumbai,Entertainment & Lifestyle
Centre for lead testing of blood launched,Health
Catch 'em young: Kids as consumers,Education & Recruitment
Govt defends lack of tender system in WLL,Politics & Government
Holy Child school denies allegation,Education & Recruitment
6 militants among 10 killed in Kashmir,Defence & Security
Cacophony to hearing loss,Crime & Law/Judiciary
Westward ho: Vishva Bharati plans courses abroad,Education & Recruitment
SACRED SPACEbrSrishti Creation,"Society, Religion & Culture"
'Govt won't allow terminator gene-based seeds',Politics & Government
Govt concerned over dumping of drugs,Politics & Government
Joshi discharged from hospital,Health
BJP against strike on terrorist camps in PoK,Politics & Government
Disaster management plan being worked out,Weather & Disaster
China's big guns likely to review Sino-Indian ties,International/World
Big Mac plans 'drive-thru' outlet in Ahmedabad,Defence & Security
APCC president warns member over inside fighting,Politics & Government
Govt introduces northern police region in city,Politics & Government
Bill to remove maintenance for divorced women,Politics & Government
Increase in tax to meet MCC's Rs 306 cr project opposed,Business & Economy
Traffic comes to halt as students protest,Education & Recruitment
Govt plans to tone up mental asylums,Politics & Government
Minor blast in Jabalpur central ordnance depot,Politics & Government
India; Austria sign double taxation treaty,International/World
Hussain's latest obsession is Kerala,Sports
City NGO helps rebuild schools in Saurashtra,Education & Recruitment
Using LIC for UTI Bailout Not Good: Satwalekar,Business & Economy
Somen Mitra revamping state Congress,Politics & Government
Haasil: Tackling true love,Entertainment & Lifestyle
A Swadeshi in America,International/World
Trains to Gujarat diverted; re-routed,Weather & Disaster
New foreign funds regulations soon,International/World
CM to hold meeting on Midnapore bifurcation,Politics & Government
Phoolan murder: Vicky might have been key figure,Crime & Law/Judiciary
SP demands constitution of NDA state panel,Politics & Government
Govt to convey concern over cng to SC,Politics & Government
No GPS yet; kidnappers needn't worry,Crime & Law/Judiciary
3 police officers appeal against transfer to Centre,Crime & Law/Judiciary
Minister charged with bias in funds allocation,Politics & Government
6-men team for boxing meet in Ukraine,Sports
Govt should not have talks with Pak: Cong,Politics & Government
Jayasuriya took the final away from us: Ganguly,Sports
Spurt in militant activities in J&K,Defence & Security
Flower power gets market a facelift,Business & Economy
DC directed to file report on fish deaths,Politics & Government
City roads awash with rain,Weather & Disaster
Tyco Electronics spreads its net for acquisitions,Business & Economy
NHRC seeks detailed report from TN,Politics & Government
Former AGP minister sent to jail for rape,Crime & Law/Judiciary
Durgapur teacher has a special 'chemistry',Education & Recruitment
Yuva.com centres planned to promoto IT in state,Politics & Government
Godbole panel report applicable to Reliance Power,Politics & Government
Terrorist camps in PoK: Kotwal,Defence & Security
China to revamp economy ahead of WTO entry,Business & Economy
Quake victims' cry for help lost in the wilderness,Weather & Disaster
The Hooghly River booked as a construction site,Weather & Disaster
JK Industries to delist from Delhi bourse,Business & Economy
Beenamol qualifies for semi-finals,Sports
Minister grilled over GEB's T&D losses,Politics & Government
Wheat exports hit new lows despite demand rise,Business & Economy
TDP slams Congress on power crisis,Politics & Government
Increase in mental trauma cases: Mehta,Crime & Law/Judiciary
Big Mac plans 'drive-thru' outlet in Ahmedabad,Defence & Security
Police hunting for 2 more suspects in Phoolan case,Crime & Law/Judiciary
Advani faces flak over Doda killings,Politics & Government
Holy Child school denies allegation,Education & Recruitment
Govt defends lack of tender system in wll,Politics & Government
GU not clear about needs of trade; industry,Business & Economy
Ifs and buts plague increased college seats,Education & Recruitment
RLD suffers jolt as MP resigns,Politics & Government
Govt concerned over dumping of drugs: Thakur,Politics & Government
Controversy over Trinamul MLA attending RSS function,Politics & Government
Herbal formulation proves efficient cancer cure,Health
Debarred students' father lodges formal complaint,Education & Recruitment
Raymond to acquire Hindustan Gas arm,Business & Economy
Parvathi to unleash her own book,Entertainment & Lifestyle
Politics is my hobby: Shankar,Politics & Government
City NGO helps rebuild schools in Saurashtra,Education & Recruitment
CAG report finds irregularities in Panchayat system,Politics & Government
Dalai Lama's statement unwarranted: Cong,Politics & Government
Imapsse continues over strike by junior doctors,Health
IT firms need to launch an array of new products',Business & Economy
SP garners support for 'chakka jam',Politics & Government
Congressmen protest against UTI scam,Business & Economy
HC calls for report on free education in public schools,Education & Recruitment
Amarsinh Chaudhary blasts BJP ministry,Politics & Government
Mastermind behind Doda massacre killed,Crime & Law/Judiciary
BJP is free to break ties: Thackeray,Politics & Government
Additional engineer arrested for taking bribe,Crime & Law/Judiciary
Study picks holes in census literacy figures,Education & Recruitment
Police nab eight persons for looting,Crime & Law/Judiciary
Former UTI chief Subramanyam gets bail,Crime & Law/Judiciary
2 more held in Phoolan Devi murder case,Crime & Law/Judiciary
Killers of 88-year-old woman arrested,Crime & Law/Judiciary
Dalai Lama clarifies on Kashmir again,Defence & Security
UP govt reshuffles senior IAS officers,Politics & Government
Police top brass stripped of statutory powers,Crime & Law/Judiciary
Asian Satellite badminton from Wednesday,Sports
Favouring wireless users causes Rs 24 cr loss,Business & Economy
Surat corporators to apprise CM of transport woes,Politics & Government
Controversy over Trinamul MLA attending RSS meet,Politics & Government
Govt to give IFCI Rs 400 cr,Politics & Government
They play their best in the finals: Whatmore,Sports
Who will foot Surat's slum-clearance bill?,Politics & Government
Minister misled CM on fee hike,Politics & Government
Officials face judge's ire in Parihar case,Politics & Government
Sensex slides by 11 points,Business & Economy
State govt urged to study impact of power reform,Politics & Government
Conditions in mental hospitals can turn the sane crazy,Health
Crowded classrooms push students to open varsities,Education & Recruitment
HC notices to authorities on weavers' petition,Crime & Law/Judiciary
BJP; Shiv-Sena ties in a knot in Maharashtra,Politics & Government
JSEB to form consumer redressal committee,Politics & Government
Red alert sounded over security threat,Defence & Security
Naidu to meet PM for liberal central assistance,Politics & Government
Jail for mosquito breeders,Crime & Law/Judiciary
Hans honoured with life fellowship,Entertainment & Lifestyle
Yesudas to be honoured,Entertainment & Lifestyle
CAG slams Govt for lag in MiG upgradation,Politics & Government
Expelled BJP leader holds Modi guilty of corruption,Politics & Government
Jaya cancels Delhi visit,International/World
Plea to amend Contempt of Court Act,Crime & Law/Judiciary
Heavy rains wash away stagnant pools,Weather & Disaster
Judge asks letter writer to file affidavit,Crime & Law/Judiciary
Cheat held; handed over to police,Crime & Law/Judiciary
HC issues notices over children's safety in schools,Education & Recruitment
CBI to probe Bihar appointment racket,Crime & Law/Judiciary
Kareena is the hottest; say Netizens!,Sports
HUDCO's Rs 300 cr loan for improving civic amenities,Business & Economy
21-year-old held in theft case,Crime & Law/Judiciary
HP sets up partner tech access centre on Itanium platform,Politics & Government
I have offers from political parties: Seema Parihar,Politics & Government
Musharraf briefs army commanders on Agra summit,International/World
Foreign trips of ministers criticised,International/World
Death sentence to Arnit challenged in high court,Crime & Law/Judiciary
American Bratwagon,International/World
3 more held for Shahdara murder,Crime & Law/Judiciary
Rajya Sabha repeals 357 legislations in one stroke,Politics & Government
Strength of direct marketing,Business & Economy
Bihar floods divide MPs from the state,Weather & Disaster
Lifestyle drugs may turn life threatening,Entertainment & Lifestyle
HC sets aside Marketfed election,Politics & Government
Explore more fuel options; govt to tell court,Politics & Government
BJP-Sena ties on the rocks,Politics & Government
Govt stand on FDI in defence units upsets BMS,Politics & Government
When militants spoke like housewives,Defence & Security
Tatas file FIR against Dilip Pendse; 5 others,Crime & Law/Judiciary
Derek's new concept for students,Education & Recruitment
Gupta wants pro-active policy against militants,Defence & Security
Fresh purchase orders for firms blacklisted in Jerath case,Business & Economy
SC dismisses Amarsinh's petition,Crime & Law/Judiciary
Meghalaya CM's residence stoned,Politics & Government
Drug overuse an obsession or marketing strategy,Business & Economy
Payment seat case order suspended till Aug 10,Crime & Law/Judiciary
Top players for Asia's costliest chess meet in city,Sports
CBI probes former Kandla Port Trust chief for graft,Crime & Law/Judiciary
CPI to observe Aug 9 as 'save economy day',Business & Economy
Beenamol loses in semi-finals,Sports
Scam accused granted bail,Crime & Law/Judiciary
Cement sales; production dip in July,Business & Economy
India-Austria double taxation treaty,International/World
Pune Festival takes off on Aug. 24,"Society, Religion & Culture"
Gross fiscal deficit soars to Rs 42;000 cr,Business & Economy
BJP MLAs on the offensive in Assembly,Politics & Government
RSS flays Centre; Tripura govt over killings of cadres,Politics & Government
Mystery of the scarlet rains and other tales,Weather & Disaster
Congress terms decision to abolish octroi 'electoral ploy',Politics & Government
Threats to blow up Ayodhya temple: Bajrang,"Society, Religion & Culture"
Woman drowns in sea at Somnath,"Society, Religion & Culture"
Suspect in railway robbery identified,Crime & Law/Judiciary
14 feared killed in Lanka bus mishap,Crime & Law/Judiciary
US wants China to honour pact on missile transfer,Defence & Security
Rupee steady against US dollar,Business & Economy
Robin Dev bags gold in Brandenburg Cup,Sports
Decline in malaria cases this year,Health
Rushdie backs NBA activists,Politics & Government
UN body praises Patna property tax assessment model,Business & Economy
Mehta denies HIV blood given to Jamnagar boy,Health
Indian scientist appointed research director,Entertainment & Lifestyle
Book glorifying non-vegetarianism draws controversy,Entertainment & Lifestyle
No compromise on India's interests; says PM,Politics & Government
$78 bn required to improve tele-density: Paswan,Politics & Government
Bihar draws plan to combat kidnapping,Crime & Law/Judiciary
MICA to tie-up with UAE firm,Business & Economy
Hopkins varsity probing drug trials in Kerala,Education & Recruitment
Congmen to get training,Weather & Disaster
Govt may lower bank guarantee for IBP,Politics & Government
Centre accused of communalising education system,Crime & Law/Judiciary
Srikkanth; Raju to promote cricket among NRI's,Sports
Chamber writes to PM on tax holiday for Saurashtra,Business & Economy
Court disallows release of controversial book,Crime & Law/Judiciary
Hockey team keeping fingers crossed,Sports
BHEL bags Rs 280 crore order from US,Business & Economy
Transporters' strike on August 10,Politics & Government
'Advice' drives student to end her life,Education & Recruitment
Senior citizens let down by postal department,Defence & Security
BJP MLAs on the offensive in Assembly,Politics & Government
Medical employees demand meeting of different departments,Health
Surat MLAs meet CM,Politics & Government
Govt set to check sexual harassment at workplace,Politics & Government
HC orders CBI probe into Bihar appointment racket,Crime & Law/Judiciary
VHP acitivists protest Doda killings,Sports
Govt bottlenecks deter dowry victims,Politics & Government
CPA Amendment Bill: More teeth; but less to bite?,Politics & Government
New CM for Uttaranchal?,Politics & Government
Payment seat case order suspended till Aug 10,Crime & Law/Judiciary
No need to ban SIMI; says SP leader,Politics & Government
Govt may agree to reduce stake in BOI,Politics & Government
CNG crisis fuels protest,Sports
Cong rally against govt winding Somesekhara commission,Politics & Government
Winging to America,International/World
Fiddling with FDI,Business & Economy
16 believed dead in Bihar gang war,Defence & Security
AICTE tie up with US firm for cheap IT training,Education & Recruitment
Politics over Dankuni,Politics & Government
PNB to extend Rs 300-400 cr to UTI at sub-PLR,Business & Economy
Kashmir Truths,Defence & Security
School principal kidnapped in Gaya,Education & Recruitment
Govt to promote pvt investment for city infrastructure,Politics & Government
Samvad captures changing times in education,Education & Recruitment
Cricket betting racket busted,Sports
Differences between Virbhadra; Stokes causing discomfort to Congress,Politics & Government
Bringing romance back to city cricket,Sports
No law on FDI in print media issue: Ministry,Politics & Government
Congress sees hidden agenda in educator-motivator plan,Politics & Government
Handwriting expert will be examined in blasts case,Crime & Law/Judiciary
Factionalism in Congress endemic,Politics & Government
SACRED SPACEbrThe Middle Path,"Society, Religion & Culture"
Life sentence for hijacker to serve as warning,Entertainment & Lifestyle
Nirupam apologises to PM,Politics & Government
India; Pak foreign secys to meet in Colombo,International/World
Karunanidhi urges govt to take over mental homes,Politics & Government
Two more held in Phoolan murder case,Crime & Law/Judiciary
Army can be custodian of seized weapons: SC,Defence & Security
BJP councillors involved in illegal practices: SAD,Politics & Government
SC to hear P P Hinduja's plea tomorrow,Crime & Law/Judiciary
Govt to issue norms for diagnostic labs,Politics & Government
Pak responsible for sense of insecurity: Advani,Politics & Government
No competition to Indian software services,Business & Economy
India Pistons stun Hyderabad to enter semis,Sports
Govt clears FDI proposals worth Rs 980 cr,Politics & Government
US readying for space war,Defence & Security
Take up security issue with govt; HC to Kalyan,Politics & Government
Plea to augment facilities at Bhavnagar port,Crime & Law/Judiciary
Court extends Rana's remand by four days,Crime & Law/Judiciary
Govt 'silencers' for noise,Politics & Government
Rs 8 lakh robbed from bank official,Politics & Government
Centre blamed for CNG crisis,Politics & Government
Bihar govt unlikely to implement Irani panel report: Modi,Politics & Government
Dalai Lama should not interfere: BJP,Politics & Government
HC rejects plea for compensation to kin of farmers,Crime & Law/Judiciary
BJP flayed over Sainik Farms; illegal colonies,Politics & Government
Wanted: A common security goal,Defence & Security
Telecom deals spearhead M&A activity,Business & Economy
Manuwadi Party to target BJP; Congress,Politics & Government
Bifurcation has not helped Bihar; Jharkhand: Report,Politics & Government
HC issues notices on children's safety in schools,Education & Recruitment
Upinder Sharma appeals against conviction,Crime & Law/Judiciary
Over 100 golf professionals in action,Sports
Bengal minister survives road mishap,Politics & Government
Saffronisation of education irks Oppn,Education & Recruitment
No question middle path on Kashmir: BJP,Politics & Government
Bridge pier collapse caused train mishap,Crime & Law/Judiciary
No justification of pre-natal tests,Sports
Speculative gains for Gemini; Taurus; Cancer and Aquarians,Health
Lock story: Key to problems in crime city,Crime & Law/Judiciary
Central team meets CM; to submit report to Centre,Politics & Government
Notice to government on removal of encroachments,Politics & Government
Complaints flood anti-corruption bureau,Crime & Law/Judiciary
Cleft lip surgery on four-month-old,Health
Govt to allow more bilateral flights from Kochi,Politics & Government
Arafat may form unity govt with radical outfits,Politics & Government
Cops rescue Pune girl from Mumbai flesh trade agents,Business & Economy
Gaur's focus on Indian culture,"Society, Religion & Culture"
A Matter of Life and Death,Entertainment & Lifestyle
US allows duty-free access to 42 Indian goods,Business & Economy
Global eSecure plans security competency centre in city,Politics & Government
IT training in Suratkal,Weather & Disaster
Honda to export 2-wheelers from India,Business & Economy
ITspace may offload stake to new partner,Business & Economy
Pardon granted to approver in Gulshan case withdrawn,Crime & Law/Judiciary
Asera to leverage India brand in the Asia Pac market,Business & Economy
Paper mill MD denied anticipatory bail,Crime & Law/Judiciary
She's Got Wings catches eyes,Health
Business of running an asylum,Business & Economy
Three militants among four killed in Jammu,Crime & Law/Judiciary
Fernandes; Mamata to share dais in Trinamul rally,Business & Economy
27 feared dead in north China rains,Weather & Disaster
Malavika SanghvibrNotes from a fashion week victim,Entertainment & Lifestyle
Burkha-clad; they can tackle anything from quake to fire,Weather & Disaster
Student panels submit memorandum to governor,Education & Recruitment
PM's knee operation figures in LS,Politics & Government
State in a dilemma over Kudremukh,Politics & Government
Baldwins; Josephites in under-14 final,Sports
Minister for quota to Dalits in judiciary,Politics & Government
Auto drivers stage dharna,Weather & Disaster
Cong demands Advani's resignation,Politics & Government
Tendulkar unlikely to participate in Test series,Sports
Haffkine gets facelift for centenary celebrations,Entertainment & Lifestyle
Pak has no mandate to speak for Kashmiris: JKLF,International/World
APRS demands Central assistance of Rs 1000 crore,Politics & Government
Penalise colleges for ragging: SC,Education & Recruitment
Bandh affects life in 4 districts of Meghalaya,Entertainment & Lifestyle
Centre firm with TN on the police transfer issue: Jana Krishnamurthy,Crime & Law/Judiciary
The Birthday Boys,Entertainment & Lifestyle
Smuggled goods seized,Business & Economy
Charges framed against Romesh Sharma in FERA case,Crime & Law/Judiciary
Militants strike again; 10 killed in Jammu,Crime & Law/Judiciary
MIDDLEbrCareer Chameleon,Education & Recruitment
Race for Parishat chief's chair reaches court,Crime & Law/Judiciary
Nasscom summit to revisit & reassess e-com,International/World
Panel visits dalit students' hostel,Education & Recruitment
Trinamul bandh paralyses life in Sonarpur,Entertainment & Lifestyle
The 'mental jail' of Ranchi,Crime & Law/Judiciary
Let politicians prevail; and law be damned,Politics & Government
Phoolan's womb was removed by jail doctors,Health
Workshop on natural herbal dyes next week,Education & Recruitment
Bioinformatics diploma entrance results announced,Education & Recruitment
Govt flayed for giving into World Bank pressure,Politics & Government
HC orders CBI probe into appointments,Crime & Law/Judiciary
LRDE director gets Outstanding Scientist,Entertainment & Lifestyle
Mishra's associate rejoins Congress,Politics & Government
Win To Remember appeals most,Crime & Law/Judiciary
Security tightened around sensitive installations,Defence & Security
Ultras bid to attack Army; BSF posts thwarted in J&K,Defence & Security
Union govt has bowed before rebels; says RSS,Politics & Government
6 killed in bus-tempo smash,Crime & Law/Judiciary
HP announces scholarships to students,Education & Recruitment
Carnac Bridge not fit for trains,Weather & Disaster
BombayTimesbrThe Incomplete WOMAN,Defence & Security
No freeze in Indo-Nepal relations: Deuba,International/World
The power of changing colour,Crime & Law/Judiciary
Plea against noise pollution,Crime & Law/Judiciary
Titan Ind records Rs 14.6 cr net loss,Business & Economy
2 militants shot dead in Manipur,Defence & Security
Tax rebate for multiplex theatres in Maharashtra,Business & Economy
Jaswant Singh to visit Nepal,International/World
HRD minister; UGC chief face teachers' wrath,Education & Recruitment
Onus lies on state and Union Govts,Politics & Government
Bajrang Dal activists arrested over priest attack,Crime & Law/Judiciary
Two militants rained bullets: J&K governor,Defence & Security
Spiritual literacy helps to cope with life's problems,Entertainment & Lifestyle
The trilemma of being an Internet Service Provider,Business & Economy
Railways open new route for arms smuggling; fear police,Crime & Law/Judiciary
Students condemn fee hike; stage protest,Education & Recruitment
RTC staff union plea on one-way rule,Crime & Law/Judiciary
TVS Srichakra eyes Rs 180 cr turnover,Health
Gopichand wins opening match at Brunei,Health
LS members for inquiry into asylum fire,Crime & Law/Judiciary
S&P downgrade will affect FDI; divestment,Business & Economy
Revised format for Hockey World Cup confirmed,Sports
Khalistan leader moves court to cancel arrest warrants,Crime & Law/Judiciary
Nothing wrong in CBI statement on Bofors: SC,Crime & Law/Judiciary
Cong tells govt not to delay relief works,Politics & Government
Housing Society chips in with jobs,Education & Recruitment
Woman; aides held with fake passport,"Society, Religion & Culture"
Naga organisations lift economic blockade,Business & Economy
Teenage lovers hanged in public,Crime & Law/Judiciary
SP opposes ban on SIMI; eyes political situation,Politics & Government
Saffronisation of education opposed,Education & Recruitment
What they won't tell you about call centres,Politics & Government
Former CMs destroying Cong: MLA,Politics & Government
Janshakti has broken caste barriers: Paswan,Politics & Government
What makes Sachin click? His left eye,Health
AMC sends Rs 200-cr drainage proposal to Centre,Politics & Government
'Phoolan's murder is an isolated case',Crime & Law/Judiciary
Cabinet approves Rs.34;200 cr scheme for rural roads,Politics & Government
PM to inaugurate Krishna Patrika centenary celebrations,Politics & Government
Our cricket team needs counselling: Prasanna,Sports
Govt will be responsible for violence: SP,Politics & Government
Times of crime,Crime & Law/Judiciary
Govt to take fresh medical admissions,Politics & Government
Vajpayee to visit Russia in November,International/World
When politicians take chaff grain of truth,Politics & Government
Princeton Consulting opens centre in Bangalore,Politics & Government
Manmul exports milk powder to Nepal,Business & Economy
4 die as ST bus skids in Valsad,Education & Recruitment
Police take stock broker Hiten Dalal into custody,Crime & Law/Judiciary
Don't pollute the lakes during Ganesha festival,"Society, Religion & Culture"
Complete ban on nuclear tests demanded,Defence & Security
Sondhi's Sacking,Crime & Law/Judiciary
London institute to be named after Phoolan,International/World
Duty on AIDS drugs to go,Health
Musharraf likens Kashmir situation to Palestine,Defence & Security
Hiten Dalal surrenders; taken into custody,Crime & Law/Judiciary
15 killed in Kashmir militant attacks,Defence & Security
AIDS awareness programme begins at Osmania varsity,Education & Recruitment
SACRED SPACEbrSorrows Flames,"Society, Religion & Culture"
Hollywood biggies go begging for theatres,Entertainment & Lifestyle
BP Amoco told to pay Rs 350 per share for Castrol stake,Business & Economy
Day Two at Lakme India Fashion Week,Entertainment & Lifestyle
SA hopeful of successful summit despite US threat,International/World
A Home to Call For Loans,Business & Economy
Respond in language that Pak understands,International/World
TN police officers' transfer figures in LS,Crime & Law/Judiciary
Vaccination camp for dogs,Health
Nine more held for hanging of teenage lovers,Crime & Law/Judiciary
SIA can raise stake in A-I post-selloff,Business & Economy
Stove burst proves fatal for woman,"Society, Religion & Culture"
Govt seeks Rs 100 cr relief,Politics & Government
Police posts up for sale; says Raj Thackeray,Crime & Law/Judiciary
CM to open website on Bihar on August 14,Politics & Government
Bail plea rejected,Crime & Law/Judiciary
ISRO experiment may throw light on ET life,Entertainment & Lifestyle
Paswan plays down competition from Mayawati,Politics & Government
'Karnataka won't allow saffronisation of education',Education & Recruitment
Padmanabhiah briefs Advani on Naga talks,Politics & Government
HC admits former minister's appeal,Politics & Government
STF close to nabbing Veerappan: DGP,Politics & Government
Trains will run today,Weather & Disaster
Indya.com announces new business foray,Business & Economy
Mentally challenged have rights; says NHRC report,Politics & Government
Poor rains not the only cause for water scarcity,Weather & Disaster
Expert team to study pest attack on palms,Sports
Walkout in Lok Sabha over Jammu killings,Politics & Government
Passengers block train traffic,Weather & Disaster
Build customer relationships; not sales,Business & Economy
Militants attempt 'Talibanisation' of Kashmir,Defence & Security
Govt to share transport cost of fodder,Politics & Government
Govt plea in riots'case dismissed,Crime & Law/Judiciary
GSI director general's recommendation for Kolkata,Entertainment & Lifestyle
Pak rushes official to UN to voice concerns,International/World
Balgandharva inaugural film of IFFI,Entertainment & Lifestyle
Krishna leaves for Delhi to seek drought relief,Weather & Disaster
CM orders probe into firing; major rivers receding,Weather & Disaster
Govt to help improve coffee quality,Politics & Government
Rains may not augment receding ground water,Weather & Disaster
New equipment at Apollo Hospitals,Health
14 cine-stars to get security: Minister,Politics & Government
Investors trust analysts; but doubts remain,Business & Economy
Scared New World,International/World
Creativity that reflects joy of life,Entertainment & Lifestyle
HC confirms life term for 6 in gang-rape,Business & Economy
Jam and traffic squash; thanks to parkin' disease,Health
World's largest wig producer imports Indian hair,Business & Economy
Committee to try revive SAARC process,Politics & Government
Girl's death: Siddaramaiah joins chorus for arrest,Crime & Law/Judiciary
BombayTimesbrAll of 94 and still teaching kids,Education & Recruitment
Court reserves order on bail of Phoolan murder accused,Crime & Law/Judiciary
Asylum toll rises to 26; police suspect foul play,Crime & Law/Judiciary
Here torture is a way of life,Entertainment & Lifestyle
Nine more held in lovers' death case,Entertainment & Lifestyle
Day two at Lakme Fashion Week,Entertainment & Lifestyle
MCH to seek technical assistance from OU,Politics & Government
Teacher's panel to organise state level meet,Politics & Government
Strike enters 8th day,Politics & Government
18 Bajrang Dal activists held for attacking priest,Politics & Government
Top film artists provided security cover,Entertainment & Lifestyle
Tight security at IOC depot in Alinagar,Defence & Security
Panun Kashmir blames Centre for spread of militancy,Defence & Security
Parvathi files defamation suit against doctor,Health
Dalmia welcomes BP Amoco's offer for Castrol stake,Business & Economy
DF panel to meet on Enron,Politics & Government
I&B ministry sticks to its numbers,Politics & Government
Parsis face problem of continuity,"Society, Religion & Culture"
Godinha's golden goal seals Western Railways' fate,Business & Economy
Yeleru panel should also probe new land scam,Politics & Government
Harass a female colleague and lose your job,Education & Recruitment
Absentee doctors to be paraded on pay day,Health
SBI project brings hope for kids with cleft palate,Education & Recruitment
Mysore varsity to seek WB aid for Kukkarahalli tank,Education & Recruitment
Youth killed in BSF firing,Crime & Law/Judiciary
Central team makes aerial survey,Sports
Sudha set to enter Kolkata market,Business & Economy
A final without US!,Sports
Karnataka mulls resolution against Centre,Politics & Government
Anna Hazare begins protest at Yadav Baba temple,"Society, Religion & Culture"
Scientific methods of crime detection mooted,Crime & Law/Judiciary
Rioting case: Appeal rejected,Crime & Law/Judiciary
PM promises foodgrain for Karnataka,Weather & Disaster
16 LTTE men killed in Lanka air strikes,Crime & Law/Judiciary
Every temple is public unless proved otherwise: SC,"Society, Religion & Culture"
CM seeks report on girl's death,Politics & Government
Fake medicine racket worries drug control panel,Health
Tirkey to lead Jr hockey team,Sports
Sudha set to enter Kolkata market,Business & Economy
Low cost hospital for Kanpur soon,Health
Three tribals killed in Vadodara,Crime & Law/Judiciary
Joshi's name from removed from ex-ICSSR chief's petition,Crime & Law/Judiciary
Resigned PM,Politics & Government
Moily writes to CM on LPG pipeline,Politics & Government
Burglars strike at Daler's studio,Politics & Government
Ponda polls: Panel relaxes identification rules,Politics & Government
TDP plans to rebuild party image,Politics & Government
When the CM lost his cool,Politics & Government
Govt hospitals now get rid of needy patients,Health
More metals recovered from IPS officer's firm,Business & Economy
India to take on South Korea in last league match,Sports
RSS may step in to curb dissidence in city BJP,Politics & Government
UB demerges its brewery business,Business & Economy
Status quo to be maintained in mission schools,Education & Recruitment
'Scorpions' set to take Bangalore by storm,Weather & Disaster
Exploring military potential of space,Defence & Security
Small-scale industry faces big challenge,Business & Economy
Cheating case: Key seized papers missing,Crime & Law/Judiciary
SP bandh evokes mixed response in eastern dists,Politics & Government
Greens upbeat over SC order on forest land,"Society, Religion & Culture"
Pandya briefs House on Odhav clash case,Crime & Law/Judiciary
Drought relief for Karimnagar,Weather & Disaster
Kasturi has high aims for world junior,International/World
Conman dupes woman of gold bangles,"Society, Religion & Culture"
Heavy demand for hotel room where PM stayed,Politics & Government
'Rajagopalan's services required within state',Politics & Government
HC orders govt to pay pvt primary teachers pension,Politics & Government
Govt staff petition referred to full HC bench,Politics & Government
Pvt role will spell doom for insurance sector,Business & Economy
Karnataka only state hampering CBI work,Crime & Law/Judiciary
Govt headhunters do little placement,Politics & Government
Andrada obliges in Fillies Trial Stakes,Business & Economy
Three tribals killed,Crime & Law/Judiciary
I-Day; festivals: Elaborate security arrangements,"Society, Religion & Culture"
Chitradurga seeks Rs 2.1 crore drought aid,Weather & Disaster
Debate on caste as a form of discrimination,"Society, Religion & Culture"
Arrested Dawood aide suspect in Khadim case,Crime & Law/Judiciary
Plea for vacation of stay on Sadashiva panel proceedings,Crime & Law/Judiciary
'Food for Work' to be implemented in drought-hit areas,Weather & Disaster
Security beefed up for I-Day parade,Defence & Security
Applications for Haj pilgrimage,"Society, Religion & Culture"
HC stays corruption case hearing,Crime & Law/Judiciary
Bihar seeks Rs 387 crore Central grant,Politics & Government
J&K Cabinet declares 4 districts disturbed,Politics & Government
Govt foxed over number plate change,Politics & Government
Govt urged to start Hubli-Harihar passenger,Politics & Government
BJP lashes out at SP,Politics & Government
Gangster killed in encounter,Crime & Law/Judiciary
Catholic schools to be closed on Aug. 13,Education & Recruitment
'Jalamarmaram' for Toronto festival,"Society, Religion & Culture"
No astrology course if it leads to saffronisation,Education & Recruitment
State CJ gets SC posting,Politics & Government
Rahul DacunhabrNeha and the art of fashion designing,Entertainment & Lifestyle
Ghisingh will be in London to prove a point,International/World
3 suspended for negligence during eye operation,Health
Plea to stop Hurriyat visit to Kerala,Crime & Law/Judiciary
Forest minister grilled on scheme implementation,Politics & Government
Bill to protect plants; farmers passed in LS,Politics & Government
Medical degrees may spell disaster,Health
Police suspect Rana's clothes were burnt,Crime & Law/Judiciary
She's a smash hit with the tennis tots,Sports
Mescos chief accused of Rs 34-cr fraud,Crime & Law/Judiciary
Jaspal continues offensive; rocks the Cabinet,Politics & Government
Dress code voluntary: LeT,Entertainment & Lifestyle
This institute finds jobs for hearing impaired,Crime & Law/Judiciary
HP announces scholarships for students,Education & Recruitment
Special school struggles to survive,Education & Recruitment
Ram temple will be national monument: Dalmia,"Society, Religion & Culture"
Goa Cong MLA gets bail,Crime & Law/Judiciary
LJP defers state-wide agitation,Politics & Government
Left asks govt to arrest Dalit attack accused,Crime & Law/Judiciary
Coaching class director charged with cheating,Entertainment & Lifestyle
Britain: No safe haven for asylum seekers,International/World
8 students held for ragging,Education & Recruitment
SP bandh call evokes poor response,Politics & Government
Order on advocate's bail plea reserved for today,Crime & Law/Judiciary
Accused escapes from hospital,Crime & Law/Judiciary
Technology for 'xanthan gum' production developed,Business & Economy
Govt headhunters do little placement,Politics & Government
The city now has a lady mayor,Politics & Government
Indian economy not yet 'globalisation' savvy,Business & Economy
Pak chess player gets exemption from police,Crime & Law/Judiciary
Israeli films draw crowds in Kerala,Entertainment & Lifestyle
Advocate denied bail in Phoolan case,Crime & Law/Judiciary
Jha's book termed blasphemous,Entertainment & Lifestyle
Major General visits AOC,International/World
Tahiliani sees more international buyers,International/World
Gambling dens raided,Crime & Law/Judiciary
SP bandh a flop show,Politics & Government
Judge's remarks expunged,Crime & Law/Judiciary
BJP for all-party panel to oversee flood relief work,Politics & Government
Call to UTI chief made by Mahajan aide,Business & Economy
Mental patients suffer inhuman torture,Health
SACRED SPACEbrNature of Existence,"Society, Religion & Culture"
Code Red II virus spreads in US; China,International/World
US-India anti-smuggling operations yield results,International/World
Construction industry flexes its muscles in Kutch,Business & Economy
Gopichand defeats Olympic champion,Sports
Parekh's petition rejected,Crime & Law/Judiciary
Karnataka housing policy will be out soon,Politics & Government
Patients freed from shackles in 15 asylums,Health
Hazare to be chief guest at Lions function,"Society, Religion & Culture"
Sinha allays fear of rupee fall,Business & Economy
PAC undertakes survey of India's public services,Business & Economy
The man who bombed Pearl Harbor,Defence & Security
No police activity within ITPL,Crime & Law/Judiciary
Rains leave VTD subscribers high and dry,Weather & Disaster
CM to hoist flag at police stadium,Crime & Law/Judiciary
DU; Govt fight over controlling Dev college,Politics & Government
Chohan granted interim bail,Crime & Law/Judiciary
Games budget tentatively put at Rs 125 cr,Business & Economy
For their eyes only,Health
Hope and despair for diabetes patients,Health
Temple plea disposed; govt to resolve dispute,Crime & Law/Judiciary
McMahon visits Vadodara,International/World
DPCC discusses civic polls,Politics & Government
Free vaccination for newborns,Health
Dattu death: Document seized from police station,Crime & Law/Judiciary
Return our 100 cr; MHADA tells govt,Politics & Government
Six get lifer for gang rape,Crime & Law/Judiciary
Govt hospitals now get rid of needy patients,Health
Training programme held on medical aid in hazard industries,Health
Viswanath to tour drought-hit villages,Weather & Disaster
Koilpillai to stage play based on real-life depression,Entertainment & Lifestyle
Govt planning to buy portable weighing machines,Politics & Government
HC assails delay in getting arrears from UK mission,International/World
Tribal couple; CPM leader shot dead in Tripura,"Society, Religion & Culture"
US concludes anti-child pornography probe,International/World
Seminar on autonomous colleges from today,Education & Recruitment
Forensic lab to procure tech against cyber crime,Crime & Law/Judiciary
Kerala cinema owners protes power tariff,Entertainment & Lifestyle
Kodandaramaiah quits Congress,Politics & Government
Ban plastic; say BJP members,Politics & Government
Police aim at winning tribals' heart,Crime & Law/Judiciary
Centre not to buy Enron holding in DPC,Politics & Government
Women's rural battlefield reflects male rivalry,"Society, Religion & Culture"
Proposed jail caught in political quagmire,Crime & Law/Judiciary
Andhra Bank donates Rs 25 lakh for Orissa floods,Weather & Disaster
Govt prodded to hold talks with Pak: Cong,Politics & Government
Panun Kashmir demands separate state,Defence & Security
Training camp,Weather & Disaster
People 'must' care for eye infections,Health
Asian Chess Championship in crisis as sponsor pulls out,Sports
Astronomers await ISRO test results,Sports
BombayTimesbrWatching Sachin watch cricket,Sports
Govt to allow more bilateral flights from Kochi,Politics & Government
Rumsfeld aides seek deep cuts in US personnel,International/World
Sporadic violence during SP bandh,Politics & Government
Centre reassures Kerala on many fronts,Politics & Government
3 ultras killed in Kashmir; one surrenders,Crime & Law/Judiciary
STP; Kanpur to touch Rs 3 cr in exports,Business & Economy
Marks scandal: Students demand action against teachers,Education & Recruitment
Police action leaves a bad odour,Crime & Law/Judiciary
Govt to hold CMOs responsible for spread of disease,Politics & Government
Anganwadi workers' plea,Crime & Law/Judiciary
Woman; aides held with fake passport,"Society, Religion & Culture"
Sachdeva School upset New Era,Education & Recruitment
I didn't seek transfer of police officers: MK,Crime & Law/Judiciary
CPI criticises govt policies,Politics & Government
Enron offers to sell stake at cost,Business & Economy
Samajwadi Party activists held ahead of stir,Politics & Government
CNG queues send school bus timings into total disarray,Education & Recruitment
Ex-UTI chief confirms he met officer in PMO,Business & Economy
Lok Adalat takes up 21 cases,Crime & Law/Judiciary
Haasil: Tackling 'true love'!,Entertainment & Lifestyle
Degree college teachers to boycott work today,Education & Recruitment
Govt buildings to be lit up from Aug 14,Politics & Government
Ex-UTI chief gives clean chit to PMO,Business & Economy
Mechanised boat operators observe strike,Politics & Government
Reva car gets environment protection award,"Society, Religion & Culture"
Rain makes life nightmare for demolition victims,Weather & Disaster
7 militants surrender in J&K,Defence & Security
Fencing along Indo-Bangla border begins,Defence & Security
Acid thrown on women for not wearing veil,"Society, Religion & Culture"
Centre sets up panel on cattle,Politics & Government
Govt for more facilities at AIIMS,Politics & Government
Police to challenge CAT order,Crime & Law/Judiciary
Protest over shifting school to Badal's in-laws' village,Education & Recruitment
Paswan takes Allahabad by storm,Politics & Government
'Madhuri's marriage is an advantage',Entertainment & Lifestyle
PM's resignation was not a gimmick: Mahajan,Politics & Government
NID workshop on sensory experiences,Education & Recruitment
Slowdown hits car sales,Business & Economy
Centre okays Rs 40-cr work plan for agriculture,Politics & Government
Star picks up majority stake in Vijay TV,Business & Economy
Sena leader deplores tardy growth of party in Goa,Politics & Government
Railtel Corp to invest Rs 700 cr in OFC network,Business & Economy
Advani suggests TADA-like law for J&K,Politics & Government
S&P lowers rating outlook for banks,Business & Economy
Harbhajan will play vital role in Tests: Jayasuriya,Sports
Dawood aide remanded to police custody,Crime & Law/Judiciary
City hospital provides home care,Health
Foreigner dodges police; BSNL,Crime & Law/Judiciary
Plea for vacation of stay on Sadashiva panel proceedings,Crime & Law/Judiciary
SP protest had people's support: Mulayam,Sports
Teachers agitate over increment rule,Education & Recruitment
Left to produce film on party exploits,Entertainment & Lifestyle
89 contestants in Chandavaram,Sports
BJP assails move to close Catholic-run schools on Monday,Politics & Government
Krishna sets eyes on Britain; Europe for investments,International/World
Panther spreading terror caught,Defence & Security
Creating god is their job,Education & Recruitment
Karnataka seeks immediate relief to tackle drought,Weather & Disaster
TRS chief to hele-hop for village polls,Politics & Government
BJP for all-party panel to oversee flood relief work,Politics & Government
Punjab CM; govt served notices on Kanuke murder,Politics & Government
SACRED SPACEbrCreative Mystery,"Society, Religion & Culture"
Kan Singh wins Travancore Marathon,Sports
Jagjit Singh Chohan granted interim bail,Crime & Law/Judiciary
Scathing Amnesty report irks govt,Politics & Government
'Fit' mental patients stay on,Health
Govt cautions against growing 2 crops on AP border,Politics & Government
Govt playing favourites with temples,Politics & Government
Congress MLA stages walk out,Politics & Government
Fellowships to spur students into research,Education & Recruitment
Govt to meet Dalmia on new leather complex,Politics & Government
Junior lecturer exam results within 4 days,Education & Recruitment
Rupee eases marginal ground against $,Business & Economy
Pardon OK for accused in Olga case: CBI,Crime & Law/Judiciary
Era's Medical library inaugurated,Health
Residential school inaugurated,Education & Recruitment
BJP fires first salvo for UP polls,Politics & Government
Banks high on targets; low on performance in Bihar,Business & Economy
Varsity Wronged,Education & Recruitment
BHU urged to constitute varsity court,Crime & Law/Judiciary
TN govt orders judicial probe into asylum fire,Politics & Government
Chitrakoot to be made a tourist centre,Politics & Government
Special tests to determine hearing loss in children,Crime & Law/Judiciary
America watchers welcome Tellis's appointment,International/World
Force to be trained for personal security: Bhaskar,Weather & Disaster
Daschle warns against complacency on nuclear issues,Defence & Security
87 Samajwadi Party workers released on bail,Crime & Law/Judiciary
Vigil intensified along border in Kutch,Defence & Security
VSNL plays a dirty trick on corporate customers,Business & Economy
Fashion needs no language,Entertainment & Lifestyle
PMS Assn to oppose posting to medical colleges,Health
Report points the way to better public transport,Politics & Government
Fishermen allege assault by Lankan navy,Defence & Security
Music World ties up with B4U,Entertainment & Lifestyle
Metro to run special services for Durga Puja,Business & Economy
No mistakes this time vows Marion,Business & Economy
Two die in road mishap,Crime & Law/Judiciary
More breaches may develop in KC Canal,Weather & Disaster
FDI not up to expectations: Maran,Business & Economy
NCP supports investors' cause,Politics & Government
Panels set up to draw up bus timetables,Politics & Government
State opposed to shifting of lions from Gir,Politics & Government
Central experts assess security at Mumbai airport,Politics & Government
Quake relief: NGOs felicitated,Weather & Disaster
No threat to Rajnath govt; says governor,Politics & Government
School gets a gift of land,Education & Recruitment
DPCC discusses civic polls,Politics & Government
Bandh call hits city trade,Business & Economy
Exam questions shock engg students,Education & Recruitment
Snakes and the lover,Entertainment & Lifestyle
Diversify markets for IT exports,Business & Economy
Dalmia pleads loss of memory,Business & Economy
Movie; porno VCDs seized at airport,Entertainment & Lifestyle
Indian stem lines part of US research,International/World
Russia would welcome MiG-AT deal with India,International/World
Govt should extend purchase preference,Politics & Government
VAT is a clean tax system: Sinha,Business & Economy
Naresh's ouster to divert attention: SP,Politics & Government
Selection trials for diving team,Sports
British bid to build bridges with Muslims,International/World
Phoolan was in race for Nobel prize,Sports
Govt to curb female foeticide : Badal,Politics & Government
Onion exports capped to rein in prices,Business & Economy
Doctor booked in rape case after two years,Crime & Law/Judiciary
Along Came A Spider,Entertainment & Lifestyle
Legal row over Junagadh lake ends,Crime & Law/Judiciary
DelhiTimesbrBut is it wise to cut films down to size,Entertainment & Lifestyle
Nearly 75% polling in Goa municipal polls,Politics & Government
Naidu seeks funds; land; aid for state,Politics & Government
TTK makes a 'smart' move in cookers world,International/World
Govt not allocating natural gas for transport,Politics & Government
Stay on arrests of ex-JMM MPs extended,Crime & Law/Judiciary
Distrust of Pak military affects peace moves,Defence & Security
Yeleru probe decision a cover up bid: Cong MLA,Politics & Government
DPC moves Mumbai High Court,Crime & Law/Judiciary
Law students get training in cyberlaw,Education & Recruitment
PIL challenging US-64 withdrawn,International/World
3 yrs jail for killing bride is too lenient,Crime & Law/Judiciary
British Council to brief UK-bound students,Education & Recruitment
Clash over UTI scam leads to LS adjournment,Business & Economy
State's economic focus changing,Business & Economy
Countdown for fall of BJP govt has begun: Chaudhary,Politics & Government
Police; NGOs differ on lathicharge,Crime & Law/Judiciary
UP govt in crisis as LCP withdraws support,Politics & Government
Child labourer's death: Employer's arrest demanded,Crime & Law/Judiciary
Student quiz to be part of IT.COM,Education & Recruitment
Need for states' consent hampers CBI,Crime & Law/Judiciary
Gujarat blames MP for Narmada deadlock,Politics & Government
India to push for 'totalisation' pact with US,International/World
Bihar to be declared drought-hit; says CM,Weather & Disaster
Rajkot accountant gains entry into Limca book,Entertainment & Lifestyle
Loose ends let Israeli give police the slip,Crime & Law/Judiciary
CIA arms proliferation report indicts Russia; Iran; N Korea,International/World
Photo show on women of grit opens,"Society, Religion & Culture"
Impose President's rule in Bihar: Paswan,Politics & Government
Alembic seeks JVs to enter US; European markets,International/World
Expo of children's art at Nehru Museum,Entertainment & Lifestyle
Drought: Food and wages scheme soon,Weather & Disaster
Kolkata becomes Dawood's transit point,Defence & Security
Why govt loves multiplexes,Politics & Government
Chima Okerie to set up football gurukool for kids,Sports
Hepatitis B vaccination part of 10th plan,Health
Winging to America,International/World
Consortium to rejuvenate Swarnamukhi river formed,Weather & Disaster
Junagadh teachers' plea on GPF; school timings,Education & Recruitment
Terrorism not freedom struggle: Jaswant,Defence & Security
ISKON to raise a Rs. 10-crore temple,"Society, Religion & Culture"
No loan recovery: Laloo,Business & Economy
Cabinet tells PWD to prepare seniority list,Politics & Government
Tribals pay heavy price for Sarovar project,"Society, Religion & Culture"
Special train to clear Ernakulam rush,Weather & Disaster
Pak police arrest youth for hoisting Indian flag,Crime & Law/Judiciary
Clinton's visit bears fruit in Gujarat,International/World
Lodhi exempted from reporting to police station,Crime & Law/Judiciary
HP govt effects minor reshuffle,Politics & Government
CSIR lab ties up for disease forecast software,Health
Centre sanctions Rs 26 cr as flood relief to Bihar,Weather & Disaster
Parikkar's believes mixed economy best for state,Business & Economy
UGC nod must for private ventures,Education & Recruitment
Gopichand out of World Grand Prix final,Sports
Abolish the IAS and govt; says Dr Kurien,Politics & Government
Destruction of mangroves in Versova sparks protest,"Society, Religion & Culture"
LNN strike on hold,Politics & Government
RBI issues guidelines for financing films,Entertainment & Lifestyle
MCD may skip free school meals,Education & Recruitment
Living life in black & white,Entertainment & Lifestyle
Meet reviews tax recovery in civic areas,Business & Economy
Kashmir killings challenge to nation: Advani,Politics & Government
Restaurants lay out special fare for Shravan festival,"Society, Religion & Culture"
Accused in murder case absconding,Crime & Law/Judiciary
Hand over J&K to Army; demands Panun Kashmir,Defence & Security
Coffee-consuming countries should bail out growers,Crime & Law/Judiciary
Anti-AIDS drugs to cost less,Health
India raising Kashmir killings irks Pak,Defence & Security
Soccer teams finalised for the Afro-Asian Games,Sports
FDI not upto expectations: Maran,Business & Economy
Dilip Kumar exempted in criminal case,Crime & Law/Judiciary
Man gets five-year RI for rape,Crime & Law/Judiciary
Russian tourist murdered,Crime & Law/Judiciary
Cabinet okays project to rehabilitate extremists,Politics & Government
Govt puts IDBI's finances under spotlight,Politics & Government
Court sets deadline for examining documents,Crime & Law/Judiciary
BJP workers trained to be media savvy,Politics & Government
Badal to set up horticulture centres,Politics & Government
Society still paying the price for Yakub Memon's office,"Society, Religion & Culture"
Chetan Anand defeats Kanetkar; enters final,Sports
Police leave for Punjab to nab Goregaon suspects,Crime & Law/Judiciary
IT panel to devise hardware action plan,Politics & Government
Russia open to MiG-AT deal with India,International/World
PMC firm on truck ban,Business & Economy
Tatas may buy Enron's stake in Dabhol Power,Business & Economy
Code Red inflicts considerable damage across China,International/World
Russia gives nod to US missile shield tests,Defence & Security
Christie's; the art of the matter,Entertainment & Lifestyle
Website on unani medicine to be launched,Health
A new call centre in Kolkata,Politics & Government
No threat to UP govt: BJP,Politics & Government
Chargesheet in Arora murder case soon,Crime & Law/Judiciary
BJP-Sena thaw imminent,Politics & Government
Study India Programme of HCU concludes today,Education & Recruitment
Low attendance in some schools,Education & Recruitment
Christ Church College union leader rusticated,Education & Recruitment
Centre; State flayed for ignoring weavers,Politics & Government
IFS officer sent back to Centre,Politics & Government
India go down to Russia,International/World
Nitin Keni: Aamir or no films!,Entertainment & Lifestyle
Govt to seek HC's nod before killing stray dogs,Crime & Law/Judiciary
NCP to remain with DF govt: Pawar,Politics & Government
Sudha set to enter Kolkata market,Business & Economy
Visitors banned inside airport,International/World
FDA at the mercy of drug firms for vigilance,Business & Economy
Govt to request SC to allow alternative fuels,Politics & Government
CBI arrests Ketan Parekh,Crime & Law/Judiciary
TDP backs govt on Yeleru panel,Politics & Government
India-China trade touches $1.79 bn,Business & Economy
Govt keen on privatising farms; but dept demurs,Politics & Government
Ketan Parekh interrogated by the CBI,Crime & Law/Judiciary
Judge takes note of EC norms violation,Crime & Law/Judiciary
HAL aims high in aerospace industry sphere,Business & Economy
ESPN to telecast Premier League,Sports
Nothing stolen; so; why the fuss to book a case?,Crime & Law/Judiciary
Akshaye's Dil Fits The Bill!,Politics & Government
Attacks on Christian priests on the rise,"Society, Religion & Culture"
Hurriyat condemns acid attack on women,"Society, Religion & Culture"
Bihar govt apathy delayed Central assistance,Politics & Government
Rajnath sacks LCP minister; but ministry appears safe,Politics & Government
UP scene grim; PM tells BJP MPs,Politics & Government
No progress in kidnapping case,Crime & Law/Judiciary
CC's KIL link may expose top Govt officials,Politics & Government
Seminar discusses issues in e-governance,Education & Recruitment
Centre may not help DPC find buyer,Politics & Government
Sena not to snap ties with BJP,Politics & Government
Govt promises to finance films,Politics & Government
Ex-KESCO chief reinstated,Politics & Government
Dilip Kumar exempted in criminal case,Crime & Law/Judiciary
Killings not good for ties; India tells Pak,International/World
Call to uproot BJP-led governments,Politics & Government
IT giants' expertise for cyber crime police station,Crime & Law/Judiciary
Which email service for you?,Business & Economy
Rupee stages mild rally against US$,Business & Economy
Russia would welcome MIG-AT deal with India,International/World
Stateless Chakmas,Politics & Government
IFFI jury rejects award-winning film for Hindutva slant,Entertainment & Lifestyle
CM dares opposition on vote of confidence,Politics & Government
Thakur calls for improving medical education,Health
Rains expose poor drainage system in posh areas,Weather & Disaster
Lok Dal extends support to Rajnath govt,Politics & Government
Burqa-clad militant shot dead in Jammu,Defence & Security
Vigil intensified along Kutch border,Defence & Security
Love blooms behind bars,Entertainment & Lifestyle
Women militants target PM; Advani,Politics & Government
Lost since 1997: A policy on the Valley,Politics & Government
Punjab to use IT to spur growth of knowledge society,"Society, Religion & Culture"
TTK makes a 'Smart' move in cookers world,International/World
500 fast track courts set up since April: Jaitley,Crime & Law/Judiciary
Love and money motive behind Goregaon murders,Entertainment & Lifestyle
Development projects suffers due to lack of funds,Politics & Government
Discourse on 'Art of living',Entertainment & Lifestyle
LCP splits; Rajnath govt is safe,Politics & Government
Govt may hike kerosene; LPG price post APM,Politics & Government
SACRED SPACEbrJanamashtami,"Society, Religion & Culture"
BJP's bid to woo minorities for MCH polls,Politics & Government
Rana to be given adequate security,Defence & Security
Traffic curbs today for Kant visit,International/World
Jharkhand industrial policy okayed,Politics & Government
Panchayat meeting brings to fore officials' ignorance,Politics & Government
Indians contribute to Labour; Tory poll kitties,Politics & Government
Indian labour laws keep away investors,Business & Economy
India to study China's likely WTO entry,International/World
Countdown for fall of BJP govt has begun: Chaudhary,Politics & Government
THE SPEAKING TREEbrKrishna Lord of Love and Life,Entertainment & Lifestyle
CBI catches DD acting director taking bribe,Crime & Law/Judiciary
LCP splits; Naresh expelled from party,Politics & Government
15 complaints against VMC deputy mayor?,Politics & Government
Jaitley favours lawyers advertising services,Business & Economy
Legal row over Junagadh lake ends,Crime & Law/Judiciary
Naga NotesbrExtortions undermine NSCNs credibility,Crime & Law/Judiciary
Unprecedented security cover for city,Defence & Security
China rejects US cheque for spy plane incident,International/World
Betel growers upset over shifting of research centre,Politics & Government
VSNL plays a dirty trick on corp customers,Business & Economy
Trinamul yet to apply for re-entry: BJP chief,Politics & Government
Clinton's Big Bill,Politics & Government
MK irked over Centre's inaction on arrest episode,Crime & Law/Judiciary
Civil Supplies MD denies report,Politics & Government
Explanation sought over bank supersession,Business & Economy
Sudhakaran refused bail,Crime & Law/Judiciary
Kutchi NRIs give bankers sleepless nights,Business & Economy
IGNOU offers help to Sikkimese film-makers,Entertainment & Lifestyle
Junior doctors call off stir,Health
Jaya throwing hints to probe panel: MK,Politics & Government
Sophisticated telecom instruments recovered,Business & Economy
Leyland's July sales down 7.6%,Business & Economy
CM seeks HC bench in Meerut,Politics & Government
Revenue stamp shortage takes its toll,Business & Economy
Private court set up for speedy trial,Crime & Law/Judiciary
Anant lashes out at delay over drought relief,Weather & Disaster
Spastics to get medical aid at homes,Health
Kith and Kin of freedom fighters to be honoured,Entertainment & Lifestyle
China's first cloned cattle in January,International/World
Sun breaks through clouds in IT industry,Business & Economy
Sun TV offers to hand tapes to experts,Entertainment & Lifestyle
Govt may marginally hike kerosene; LPG price,Politics & Government
Coal ministry yet to decide on closure of city office,Politics & Government
The player is king,Sports
Face-recognition: Breakthrough in crime fighting,Crime & Law/Judiciary
Train connection to Mangalore-bound train restored,Weather & Disaster
Special courts for Ahmedabad and Surat,Crime & Law/Judiciary
Plea to ban the book 'Holy Cow',Crime & Law/Judiciary
Raichur seeks Rs 23.5-cr drought aid,Weather & Disaster
College admission marks; but only on demand,Education & Recruitment
Khasi students to launch 2nd phase of protest,Education & Recruitment
4 BSF men injured in Kashmir grenade attack,Defence & Security
Living life in black & white,Entertainment & Lifestyle
Ketan Parekh back in CBI custody,Crime & Law/Judiciary
Changing with the times,Crime & Law/Judiciary
Panel to study traffic at Dabolim airport,Politics & Government
Training programme for blind planned,Weather & Disaster
Amtek Auto to acquire WHFL,Business & Economy
Expedite cheque bouncing cases; HC to lower courts,Crime & Law/Judiciary
ATC team selection after govt's go-ahead: Lele,Politics & Government
Legal awareness campaign for tribals kicks off,Crime & Law/Judiciary
Kerala rain toll rises to 86,Weather & Disaster
Defeat TDP in Sarpanch polls: Rytu Sangham,Politics & Government
Abductors; teenage bandit give a slip to the police,Crime & Law/Judiciary
No plans to let foreign lawyers practise in India: Jaitley,International/World
Status quo on British Library's running extended,International/World
Mobile phone users send plea to TRAI,Crime & Law/Judiciary
Minister alleges death due to lack of healthcare,Politics & Government
BJP minority cell stages protest against Pak,Politics & Government
HC sets aside ex-TN health secy's conviction,Health
Rajiv Gandhi Gold Cup,Sports
Indians contribute to Labour; Tory poll kitties,Politics & Government
Permission of special court sought in Tansi case,Crime & Law/Judiciary
Govt heart bleeds for corporates; not pensioners,Politics & Government
Naga NotesbrCeasefires not the issue anymore,International/World
Asian Championship will go on even without India,Sports
Cong holds police responsible for Bihar firing,Crime & Law/Judiciary
8 ultras; securityman killed in Kashmir,Crime & Law/Judiciary
CM sets 3-day dealine to improve power situation,Politics & Government
BSP demands President's rule,Politics & Government
Spurious liquor units raided,Crime & Law/Judiciary
Christie's; the art of the matter,Entertainment & Lifestyle
Ganesha festival: Cops issue do's list,"Society, Religion & Culture"
M&As increase jobs; wages: Study,Education & Recruitment
Centre unlikely to concede Naidu's MSP demand,Politics & Government
BSM will contest next assembly polls,Politics & Government
Let's get real on Kashmir,Defence & Security
4 Pak-trained ultras remanded to custody,Crime & Law/Judiciary
Restaurants lay out special fare for Shravan festival,"Society, Religion & Culture"
NGO to bring out book on sexual harassment,"Society, Religion & Culture"
Comunidade set to sue govt for relief,Politics & Government
Missing guns case: Wife of accused man sees plot,Crime & Law/Judiciary
Digvijay Singh slams UGC's affiliation procedure,Education & Recruitment
Party like Jemima; holiday like Blair,Politics & Government
Forum order against doctor set aside,Health
Academics denounce norms on foreign scholars,International/World
Growth chart: Urban development body may accept gifts; donations,Politics & Government
Kashmir Impasse,Defence & Security
Pest attacks worry Krishna district farmers,Politics & Government
Maiden golf title for Yusuf Ali,Sports
Rotary Club offers to buy GPS for Kolkata police,Crime & Law/Judiciary
RAAP to set up 2 more power production units,Business & Economy
Rana's brother remanded to 3-day police custody,Crime & Law/Judiciary
Skoda charts new plan; to import car in India,Business & Economy
NSUI demands academic audit of self-financed colleges,Education & Recruitment
Three killed in bus mishap in Bihar,Crime & Law/Judiciary
No progress in kidnapping case,Crime & Law/Judiciary
Guessing game in a world of political oscillations,Politics & Government
Jayalalithaa refutes nexus with former UTI chief,Business & Economy
Students lack in-depth knowledge,Education & Recruitment
Online ad industry may not spurt in growth,Business & Economy
Higher education catering to the rich: Prasad,Education & Recruitment
Lost since 1997: A policy on the Valley,Politics & Government
Fittest leader of the fattest nation,Sports
NHRC flays govt on casteism,Politics & Government
Women need a change of image,"Society, Religion & Culture"
Larger-than-life Phoolan,Entertainment & Lifestyle
Ex-servicemen panel reconstituted,Politics & Government
Can NDA survive without Vajpayee?,Politics & Government
Christians want John back in ministry,Politics & Government
Telecom instruments recovered from Tiljala,Business & Economy
Central team report today: Venkaiah,Politics & Government
Are layoffs being overdone in the US?,International/World
India's crude production dips by 7.5%,Business & Economy
Massive sit-in protests in Manipur,Sports
Pak tells US to talk to Taliban directly,International/World
'Govt policy would lead to BSNL's ruin',Politics & Government
Vision pre-requisite for blinds in banking jobs,Business & Economy
China condemns Jerusalem blast; mum on Kashmir,Defence & Security
Mehdi Hasan's album released,Entertainment & Lifestyle
Ruling on approver's evidence in Gulshan case on Monday,Crime & Law/Judiciary
IMC moots plan to revive economy,Business & Economy
1 dies; 26 ill at police training camp,Crime & Law/Judiciary
James Singh strike puts East Bengal out,Politics & Government
BHEL implements Montek committee recommendations,Business & Economy
Scrap University Bill; say teachers,Education & Recruitment
Paswan supports privatisation of telecom sector,Politics & Government
Legal awareness campaign for tribals,Crime & Law/Judiciary
Healthcare: Pvt sector asked to chip in,Health
Govt to punish absentee doctors,Health
Delhi police let blast suspects slip away,Crime & Law/Judiciary
Dalmias may acquire 40% stake in Revathi equipment,Business & Economy
Bomb blast trial enters last phase,Defence & Security
Russians smuggling butterflies remanded,Crime & Law/Judiciary
Stem cells give hope for brain disease treatment,Health
Sectarian violence on the rise in Pakistan,International/World
Fevered activity as Bangla parties ready for poll,Politics & Government
Violence mars DMK rally; 2 killed in police firing,Crime & Law/Judiciary
Musharraf pledges to work for peace with India,International/World
Disaster Mitigation Management Institute in Bihar likely soon,Weather & Disaster
Consumer court raps BDA,Crime & Law/Judiciary
CSE working on introducing margin trading,Business & Economy
Jharkhand to embark on a joint forest management policy,"Society, Religion & Culture"
Rana may have murdered Phoolan to gain popularity,Crime & Law/Judiciary
MSU students develop campus landscape,Education & Recruitment
Marriage registration to be made compulsory,Entertainment & Lifestyle
Appointments through forgery to be probed,Crime & Law/Judiciary
PETA's demand could adversely affect leather industry,Business & Economy
Rain has brought some relief: DC,Weather & Disaster
Teacher sends 'dull' student to hospital,Education & Recruitment
Manoj Bajpai: Back to theatre!,Entertainment & Lifestyle
Benegal laments poor standards of cinema and TV,Entertainment & Lifestyle
Students flock to Bishop Cotton festival,Education & Recruitment
Extradition request for bank scam accused soon,Crime & Law/Judiciary
Mild quake on Indo-Myanmar border,Defence & Security
Love blooms in Bangalore Central jail,Crime & Law/Judiciary
Tight security blanket over Delhi,Defence & Security
Kamtapur militant arrested,Crime & Law/Judiciary
'Nirupam's attack on PMO a fit case for investigation',Crime & Law/Judiciary
George issues a warning to TN govt,Politics & Government
Mental hospitals lack facilities,Health
Nitish blames Bihar govt for rising crime,Politics & Government
Centre to bail out state's tourism projects,Crime & Law/Judiciary
Big Bull Ketan Parekh in CBI custody,Crime & Law/Judiciary
Ex-servicemen committee reconstituted,Politics & Government
Plea to develop infrastructure in Hubli; Dharwad,Crime & Law/Judiciary
Govt urged to withdraw order on SSIs,Politics & Government
Jaya suggested ex-UTI chief's name: Fernandes,Business & Economy
Man killed in building collapse,Crime & Law/Judiciary
No move to dismiss AIADMK govt: Fernandes,Politics & Government
Drought spectre looms large over Bihar,Weather & Disaster
Farooq wants panel for upkeep of Valley temples,Politics & Government
INSAS not performing to optimum level: Army,Defence & Security
Samata chief; minister threatens to quit,Politics & Government
Krishna is ready with the pink slips,Politics & Government
Jaya had insisted on Subramanyam being UTI chief: Fernandes,Business & Economy
Vital installations put under security cover,Defence & Security
NRIs give bankers sleepless nights,Business & Economy
Parents of school going children are consumers,Education & Recruitment
2 Manipur-bound trucks set afire; drivers missing,Weather & Disaster
Samata minister threatens to quit,Politics & Government
Infiltration bid foiled in J&K; 21 killed,Defence & Security
Bachchan Jr to star in international project,International/World
Indian play schools can teach US outfits a thing or two,Education & Recruitment
Agra; UTI; Kashmir dominate LS last week,Business & Economy
Builder accused of cheating Indiranagar residents,Crime & Law/Judiciary
Relief for cancer patients,Health
8.5 kg tumour removed from woman's abdomen,"Society, Religion & Culture"
Centre not to ask NTPC to buy Enron stake in Dabhol,Politics & Government
No nexus between Jaya; former UTI chief: AIADMK,Business & Economy
Ruling for approver's evidence in Gulshan case tomorrow,Crime & Law/Judiciary
For IT firms; e-recruitment can save time; money,Business & Economy
Bihar govt yet to send quota list to KMC,Politics & Government
Rare Tagore memorabilia may see light of day,Entertainment & Lifestyle
14 accused in Suleman bakery case seek bail,Crime & Law/Judiciary
One dies of food poisoning; 50 battling for life,Entertainment & Lifestyle
Law students threaten hunger strike,Education & Recruitment
CBI notice to two Tehelka journalists,Crime & Law/Judiciary
ULFA to close down 4 camps in Bhutan,International/World
Congress wants Bihar to be declared famine-hit,Politics & Government
Plans to set up DD centres for 3 new states: Sushma,Politics & Government
No decision on coal ministry office closure,Politics & Government
Inflation remains stuck at 4.96%,Business & Economy
Musharraf likely to unveil election schedule,Politics & Government
Police recover bodies of 4 hostages,Crime & Law/Judiciary
Tension over alleged desecration of temple,"Society, Religion & Culture"
Bollywood's 'perfect mother' faces dowry case,Entertainment & Lifestyle
Allum's resignation letter with me: CM,Defence & Security
Sales of top-10 companies up 14% in Q1,Business & Economy
Security tightened in and around Danapur Cantt,Defence & Security
PM assures support for Afro-Asian Games,Politics & Government
Paes-Bhupathi reach Cincinnati Masters final,Sports
Changing Styles of Indian MPs,Crime & Law/Judiciary
Justice delayed can be justice denied,Crime & Law/Judiciary
Global security system should be set up with India; China,International/World
Book on sexual harassment in workplace,Entertainment & Lifestyle
Rabri's letter to PM for Care operation,Defence & Security
UNESCO to play saviour to Parsis,"Society, Religion & Culture"
Plea to implement quota for women,Crime & Law/Judiciary
5 SIMI militants remanded to police custody,Crime & Law/Judiciary
80 per cent of Kodagu is forest,"Society, Religion & Culture"
No nexus between Jaya; former UTI chief: AIADMK,Business & Economy
India records healthy 6% growth in power generation,Health
NNC condemns Centre over Naga ceasefire,Politics & Government
Bangla parties prepare for poll,Politics & Government
3 militants killed in Manipur encounter,Crime & Law/Judiciary
One more arrest in Roy Burman case,Crime & Law/Judiciary
Plea against BIFR order in GTC case dismissed,Crime & Law/Judiciary
Controversy over teacher's appointment in Darjeeling,Education & Recruitment
Advocate killed as car rams truck,Crime & Law/Judiciary
Plane held up after bomb threat,Defence & Security
Arrest of LNN corporators stayed,Crime & Law/Judiciary
Jaswant to visit China this year,International/World
US military ties with India worries Israel,Defence & Security
UK to deport 2;500 asylum-seekers each month,International/World
Shabir Shah urges India; Pak to end hostilities,International/World
Agra; UTI fiascos and J&K top the agenda,Business & Economy
2 killed; 13 injured in jeep-truck collision,Crime & Law/Judiciary
SACRED SPACEbrUniversal Values,"Society, Religion & Culture"
Police warn against disrespect to tricolour,Crime & Law/Judiciary
Power tariff revised for Dishergarh Power Company,Business & Economy
Enter the unreal world of reality TV,Entertainment & Lifestyle
Training camp in Carnatic music in Oct,Entertainment & Lifestyle
Congress mandal president killed,Politics & Government
First phase of gram panchayat polls today,Politics & Government
Centre defends Sondhi's sacking,Crime & Law/Judiciary
YC urges CM to bring down retirement age,Politics & Government
Export promotion schemes proving expensive,Business & Economy
Court orders attachment of trader's property,Crime & Law/Judiciary
Woman nabbed with cartridges from train,Weather & Disaster
RIE defends community singing programme,"Society, Religion & Culture"
Exposing BJP is Naresh's mission now,Politics & Government
Sino-Pak border agreement is final: China,International/World
Panic after fresh outbreak in polio cases,Health
Carmel; Tulip win contest,Sports
Exports of vegetarian foods on the rise,Business & Economy
Hoax calls keep police on their toes,Crime & Law/Judiciary
Art festival opens in Kochi,"Society, Religion & Culture"
Murder uncovered after two months,Crime & Law/Judiciary
Tennis player killed by friends,Sports
Date fixed for framing of issues in election petition,Politics & Government
ONGC bids $400 m; RIL $350 m for Enron's Panna-Mukta stake,Business & Economy
Malaria cases on the rise in city,Health
Advocates boycott court; TANSI case put off,Crime & Law/Judiciary
5 run over by train,Weather & Disaster
A music festival that celebrates youth,Entertainment & Lifestyle
State govt is facing grim financial situation,Politics & Government
PM talks to Karunanidhi about rally violence,Politics & Government
DMK MLA's death pushes toll to six,Politics & Government
Govt told to gear up for municipal elections,Politics & Government
SC issues notices to Centre; AP over Krishna projects,Politics & Government
Police officials defer decision,Politics & Government
Govt to punish absentee doctors,Health
HC reserves order on plea against transfer of case,Crime & Law/Judiciary
Woman kills husband,"Society, Religion & Culture"
7 run over by train near Bagalkot,Weather & Disaster
7 killed; 10 kg RDX seized in Kashmir,Crime & Law/Judiciary
Amol Palekar's biographical film to be released,Entertainment & Lifestyle
SC dismisses R D Tyagi's bail plea,Crime & Law/Judiciary
SC issues notices on AP's Krishna projects,Politics & Government
THE SPEAKING TREEbrUnlock the Actor,Entertainment & Lifestyle
Centre to unveil medium term export policy,Politics & Government
Security beefed up in J&K ahead of I-Day,Defence & Security
DMK MPs meet Vajpayee,Politics & Government
BJP will go to polls with partners: Kalraj,Politics & Government
Congress makes Advani main target,Politics & Government
MoD denies Pak report on Kargil clash,International/World
Give UTI a BreakbrIt Has Done Better Than We Think br,Business & Economy
Police go through annual drill,Crime & Law/Judiciary
BOOMTOWN RAPbrSaturday equals party time,Politics & Government
Alstom to focus on core business in revamp bid,Business & Economy
NRIs in US demand dual citizenship,International/World
Tansi case hearing postponed,Crime & Law/Judiciary
Naval official held for espionage,Politics & Government
State will inquire into bogus ration cards: Dhoble,Politics & Government
Govt cautious in enforcing Disturbed Areas Act,Politics & Government
Watching Sachin watch cricket,Sports
Woman dies in road mishap,Crime & Law/Judiciary
Youth Congress rally,Politics & Government
LU students 'loot' back paper exam forms,Education & Recruitment
Centre urged to set up IIT in Dharwad,Education & Recruitment
Terrorist,Defence & Security
Hurriyat appeals against rights violations,Crime & Law/Judiciary
DelhiTimesbrA song dance about special appearances,Entertainment & Lifestyle
Cops' anticipatory bail plea allowed,Crime & Law/Judiciary
Investment environment crucial for employment,Business & Economy
Red corner notice against Mehmor Khan in Olga case,Crime & Law/Judiciary
Govt launches scheme for good governance,Politics & Government
Mamata offers cooperation to check crime in state,Crime & Law/Judiciary
Manipulation alleged in admissions in degree colleges,Education & Recruitment
Jaswant to visit Nepal on August 18,International/World
Stateless Chakmas,Politics & Government
DMK MLA dies of heart attack,Politics & Government
Nirupa Roy faces dowry case,Crime & Law/Judiciary
Centre; Jaya head for showdown,Politics & Government
Yaseen Malik's bail cancelled,Crime & Law/Judiciary
Transferring powers from chief secy to CM,Politics & Government
SACRED SPACEbrFinding Space,"Society, Religion & Culture"
COAI withdraws petition from tribunal,Crime & Law/Judiciary
WTO round brings India; Pak together,International/World
Woman nabbed with cartridges from train,Weather & Disaster
Police seize documents from ex-MD of Tata Finance,Crime & Law/Judiciary
Magistrate's court asked to speed up badla trial,Crime & Law/Judiciary
CBI seeks MVR group chairman's 's extradition,Crime & Law/Judiciary
Bajrang Dal to train youths for temple construction,"Society, Religion & Culture"
Krishna daydreams a mini Singapore,Politics & Government
Ministers; MLAs favour elections as per schedule,Politics & Government
Mamata's re-entry a compulsion of coalition govt: Nitish,Politics & Government
FIIs reduce stake in Dabur India to 6.43%,Business & Economy
High stakes mark Gokulashtami celebrations,Business & Economy
Haryana fiscal management fine,Business & Economy
DMK MLA's death pushes toll to six,Politics & Government
WHO workshop to help prevent suicides at NIMHANS,Education & Recruitment
Vaccine developed for contolling asthma,Health
KMM asks Kashmiris to celebrate Pak I-Day,International/World
Prosecution's plea in Gulshan case rejected,Crime & Law/Judiciary
School board bungles biscuit deal,Education & Recruitment
Sony targets 15% projector sales growth,Business & Economy
Air travel in Lanka faces rough weather,Weather & Disaster
Rajnath reshuffles officials of UP Power Corp,Politics & Government
Standing panel censures Prasar Bharati,Politics & Government
Cubbon Park police station gets facelift,Crime & Law/Judiciary
Scientists join hands against Vedic courses,Education & Recruitment
Banana King catches eyes,Health
India to press Pak on cross-border terrorism,Defence & Security
Govt plays down reports on US sanctions,Politics & Government
Villagers angry at lack of anti-flood measures,Weather & Disaster
Four temple idols stolen,"Society, Religion & Culture"
I will survive; says CM,Politics & Government
CPM pooh-poohs ministers' visit,International/World
Polls before SC deadline: Musharraf,Politics & Government
Scientists join hands against Vedic courses,Education & Recruitment
Handicapped kids need a better deal,Education & Recruitment
Police take on MCC in Aurangabad; no casualty reported,Crime & Law/Judiciary
Violent protests in Jalalabad as temple door damaged,"Society, Religion & Culture"
Naga NotesbrNSCN tightens grip as Centre fumbles,Politics & Government
Custodial death reported in Asansol,Politics & Government
Govt may buy back equity in Neyveli lignite,Politics & Government
ACF conclave to focus on development,Politics & Government
Kazakhstan seeks wider links in education,Education & Recruitment
SP will emerge as third force in MP: Mulayam,Politics & Government
India; China sign consular convention,International/World
Centre defends Sondhi's sacking,Crime & Law/Judiciary
Israel worried over Indo-US military ties,Defence & Security
Two cases of robbery east Delhi,Crime & Law/Judiciary
Shimoga college gets 4-star rating,Education & Recruitment
Paes; Bhupathi chalk out 20th career title,Education & Recruitment
India to be polio free by 2002,Health
Red corner notice against Mehmor Khan in Olga case,Crime & Law/Judiciary
Buddhadev asserts West Bengal is the safest state,Politics & Government
PM talks to Karunanidhi about rally violence,Politics & Government
Police clueless about woman's suicide motive,Crime & Law/Judiciary
Totally Healthy,Health
Sunjay Dutt gets Deewangi; finally,Sports
NBA activists harassing local villagers,Politics & Government
Raid on cashew dealer's shop,Crime & Law/Judiciary
INSAS not performing to optimum level: Army,Defence & Security
Centre; Jaya head for showdown,Politics & Government
Tungabhadra farmers form action panel,Politics & Government
New BA services to take on competition,Business & Economy
Kanchal severs ties with BJP,Politics & Government
Muslims protest against desecration of religious place,"Society, Religion & Culture"
Centre to unveil medium-term export policy,Politics & Government
CPM; BJP slam Hurriyat visit plan,Politics & Government
Campus recruitment goes on backburner,Education & Recruitment
A song and dance about special appearances,Entertainment & Lifestyle
Slowdown: Permanent job concept becomes alien,Education & Recruitment
Security tightened along Indo-Nepal border,Defence & Security
Now; an eco-friendly Army?,Defence & Security
Globalisation did more harm than good to industry,Business & Economy
Musharraf grants additional powers to police,Crime & Law/Judiciary
Visually impaired can get jobs only if they can see,Education & Recruitment
Police; the new matchmakers,Crime & Law/Judiciary
Three women drown in Rapar,"Society, Religion & Culture"
SC seeks response of Malimath Committee,Crime & Law/Judiciary
Four kids drowned in Rajasthan,Education & Recruitment
A plateful of life,Entertainment & Lifestyle
Levi's contributes to HIV/AIDS awareness,Health
Regional college stir enters fifth day,Education & Recruitment
No reshuffle in ministry: Rajnath,Politics & Government
Controversy over teachers' appointment in Darjeeling,Education & Recruitment
BJP demands judicial probe into Chennai firing,Politics & Government
Agriculture workshop opens,Education & Recruitment
2 Lashkar militants held in Lucknow,Defence & Security
Manipur prepares for 'jail bharo' programme,Crime & Law/Judiciary
'Mamata's re-entry a compulsion of coalition govt',Politics & Government
Export finance rate may see downward trend,Business & Economy
Aptech scouts for acquisition in training segment,Business & Economy
Planters concerned over rubber import move,Business & Economy
Indian sports' family doctor,Health
Jawan killed in blast in Doda,Crime & Law/Judiciary
Govt seeks action against miners,Politics & Government
Indians encouraged by changes in race relations,Sports
Adoor to head Kerala film academy,Entertainment & Lifestyle
Flesh trade racket busted in Assam,Business & Economy
J&K minister's house attacked,Politics & Government
2 Bangalore kids catch rare 'dog tick' disease,Health
President's medal for 11 police officers,Crime & Law/Judiciary
Godbole renegotiations panel to wrap up this weekend,Politics & Government
Govt takes tough stand on petrol pump strike,Politics & Government
Software campus in Chennai planned,Education & Recruitment
MALARIA MENACEbrMalaria haunts Singbhum,Health
Ashok in Indian contingent for Nomura Cup,Sports
Are UTI investors die-hard loyalists?,Business & Economy
Kanaudia remanded to judicial custody,Crime & Law/Judiciary
Govt to decide on Hindujas' A-I bid in 10 days,Politics & Government
Divining justice? Judge yourself,Crime & Law/Judiciary
HC open to direct blood donation,Health
Social and Economic Security in India,Business & Economy
Heavy rains throw life out of gear,Weather & Disaster
CC's KIL link may expose top Govt officials,Politics & Government
Bomb defused in Srinagar,Defence & Security
Chennai violence rocks Lok Sabha,Politics & Government
Cabinet panel clears projects worth Rs 590 cr,Politics & Government
MQM chief to visit India,International/World
HC order to BR varsity on quota,Education & Recruitment
SMS to offer value-added services,Business & Economy
Centre seeks ban on new private CNG vehicles,Politics & Government
Indians encouraged by changes in race relations,Sports
Karthik murder: Accused remanded to police custody,Crime & Law/Judiciary
DOWNSIZING GOVERNMENT,Politics & Government
Vokkaliga rally gives Lakshmi's case a political turn,Politics & Government
Keen contest on the cards,Sports
Karim seeks DCP's services for Tada trial,Business & Economy
Lose at client golf and win 'em over,Sports
PM comes under purview of Lokpal Bill with a rider,Politics & Government
Musharraf bans two sectarian outfits,International/World
Chinese media flays Koizumi's war shrine visit,International/World
DAL CHAWAL FOR THE DILbrHandicap kids need a better deal,Education & Recruitment
Business of Government,Politics & Government
Sikkim launches hepatitis vaccination programme,Health
MLA Perumal cremated,Politics & Government
Youth takes a lift; kills driver's wife,Weather & Disaster
Police clarify on loudspeakers,Crime & Law/Judiciary
LeT ultra remanded to police custody,Crime & Law/Judiciary
He dares to bare; all for justice,Crime & Law/Judiciary
Voluntary blood donors to participate in cycle rally,Health
Bank announces fresh package for senior citizens,Business & Economy
Prime accused in UTI scam gets bail,Crime & Law/Judiciary
Fardeen can leave Mumbai: Court,Crime & Law/Judiciary
Life paralysed in Valley,Entertainment & Lifestyle
Diet rate of indoor patients still not revised,Health
'Good Luck' Economy,Business & Economy
KMM leader held; Pak flag hoisted,International/World
JD(S) man to be 'consensus' candidate for Council poll,Politics & Government
Varsity teachers' stir from Aug 22,Education & Recruitment
Rupee eases marginally against dollar,Business & Economy
Centre seeks ban on new private CNG vehicles,Politics & Government
Pak warns US against bias in lifting sanctions,International/World
Ahmad guest of honour at Fed Cup opening,Sports
Samsung eyes Rs 1;300 crore turnover,Health
ICC to make new recruitments,Sports
UTI has not sought fresh loans,Business & Economy
Bihar petro dealers to observe strike from Aug 21,Politics & Government
Field day for Ganesha extortionist,Crime & Law/Judiciary
NGO ready to put KIOCL on the mat,"Society, Religion & Culture"
Woman killed; 3 hurt in Assam,Crime & Law/Judiciary
Accused in Kartik murder case remanded to 14 days PC,Crime & Law/Judiciary
India will crush terrorism; asserts Jaswant,Defence & Security
Jaya rules out central probe; blames DMK,Politics & Government
Police recover parts of Kartikraj's body,Crime & Law/Judiciary
Life saver in a packet for diarrhoea,Entertainment & Lifestyle
CM to hold meeting on Hazare's demands,Politics & Government
PM's Shram Awards for 2001 awarded to 36,Politics & Government
Penalty clause may help KIOCL push its case,Crime & Law/Judiciary
Creating awareness about diabetes,Health
A life on the edge and full of thrills,Entertainment & Lifestyle
Three policemen get 2-year jail terms for robbery,Crime & Law/Judiciary
Dist tourism promotion centre to be revived,Politics & Government
Prime accused in UTI scam gets bail,Crime & Law/Judiciary
JSEB has two members (admn); thanks to govt's faux pas,Politics & Government
Theatre owners threaten to go to court,Crime & Law/Judiciary
Security beefed up in Jabalpur,Defence & Security
IA cuts Mumbai-Delhi one-way economy fare,Business & Economy
File FIR against Modi in the Cobalt machine case,Crime & Law/Judiciary
TN journos plan fast against police,Crime & Law/Judiciary
Samsung eyes Rs 1;300 crore turnover,Health
Govt denies remarks attributed to Omar,Politics & Government
Securitymen focus eyes on Gandhi Maidan,Health
Women's boxing team announced,Sports
ICICI to maintain growth despite slowdown,Business & Economy
Krishna is dictator no 1: BJP,Politics & Government
MALARIA MENACEbrTall Claims,Health
VSNL's armtwisting hits medium-sized firms,Business & Economy
Govt will drop public smoking bill: Poojary,Politics & Government
Royce welcomes US move on lifting sanction,International/World
Letter of comfort to be issued for IFCI bailout,Defence & Security
First Test highlights,Sports
Pakistan denies India's charge,International/World
Musharraf spells out democracy road map,International/World
I-Day celebrations: security beefed up,Entertainment & Lifestyle
US; Russia must join against Islamic fundamentalism,International/World
Woman drinks acid to end harassment,"Society, Religion & Culture"
Ganesha to the aid of drought-hit farmers,Weather & Disaster
Officials; factories bear brunt of waterlogging,Politics & Government
Security beefed up for I-Day celebrations,Entertainment & Lifestyle
Training for farmers,Weather & Disaster
Council passes Varsities Bill amid walkout,Politics & Government
Hindujas keen on buying Enron's DPC stake,Business & Economy
Navy to unfurl new flag on I-Day,Defence & Security
Probe against doctor for sex determination tests,Health
FASHION FINANCEbrIndian fashion nets Rs 70 cr,Entertainment & Lifestyle
Lashkar planned bomb blasts in UP,Defence & Security
Independence day industry,Business & Economy
PPP upset over proposed changes before polls,Politics & Government
SEBI to announce futures trading,Business & Economy
China potential key market for India: Karnik,Business & Economy
Aug 27 fixed for hearing Jaya's appeals,Crime & Law/Judiciary
Kannada software to interact with govt ready,Politics & Government
President's medal for city policeman,Politics & Government
Dalits denied access to Bhojpur temple,"Society, Religion & Culture"
Recruit's death: Ex-gratia announced,Education & Recruitment
Red corner notice against Mehmor Khan in Olga case,Crime & Law/Judiciary
Pak seeks to strengthen ties with Moscow,International/World
Indian wrestlers earn gold in junior world championship,Sports
BSE to shift Balaji; Mukta Arts to 'trade-to-trade' mode,Business & Economy
Humpy sets out to conquer the world,International/World
VSNL's armtwisting hits medium-sized firms,Business & Economy
Bit of luck would have seen us in final: Mukesh,Sports
Bush sanctions military spares for Pak forces in S Leone,Defence & Security
ACF's development committee meets,Politics & Government
Pak willing to maintain 'friendly' ties with India,International/World
Security deployed at strategic points in Imphal,Defence & Security
14 policemen granted anticipatory bail,Crime & Law/Judiciary
Software campus in Chennai planned,Education & Recruitment
MALARIA MENACEbrMalaria raising its ugly head,Health
For minorities; without reservation,"Society, Religion & Culture"
LoIs issued to 5 firms for 4th cellular slot,Business & Economy
Musharraf greets Narayanan on I-Day,International/World
2 judges of the Karnataka High Court elevated to SC,Crime & Law/Judiciary
Freeway 19 to host National Go-Kart Championship opener,Sports
Workshop on HRD in city soon,Education & Recruitment
MK wants probe by Centre,Politics & Government
60-year-old gets two years' RI for rape attempt,Crime & Law/Judiciary
Musharraf's road map not clear; says US,International/World
Orissa orders inquiry into death of 11 tribals,Crime & Law/Judiciary
No admit cards for varsity students,Education & Recruitment
C'Wealth; Pak Oppn shrug at Musharraf announcement,International/World
UTI to advance US-64 NAV announcement,Business & Economy
I-Day celebrations: security beefed up,Entertainment & Lifestyle
Bharti Mobile launches regional roaming service,Business & Economy
CPM observes protest day against killing of Das,Crime & Law/Judiciary
Victims's husband changes statement,Crime & Law/Judiciary
Counselling centre for students at Safdarjung,Education & Recruitment
Minister gives 50 pc of mosque aid to Nandyal,Politics & Government
Advocates boycott court; TANSI case put off,Crime & Law/Judiciary
Pagers count on policy changes to beep,Politics & Government
CM unaware of Centre's response,Politics & Government
16 killed in Himachal floods,Crime & Law/Judiciary
J&K's development lies in India's strength: Farooq,Politics & Government
SEBI allows banks; FIIs into derivatives market,Business & Economy
Camera snatching: Syals sent to custody,Crime & Law/Judiciary
Farhan Akhtar: The rising director,Entertainment & Lifestyle
Centre incapable of solving Kashmir issue,Defence & Security
Villages to have telephones by 2002: Paswan,Politics & Government
Kerala sets Rs 50;000 cr development target,Politics & Government
RSS chief urges world peace mission,International/World
PM begins on spontaneous note,Politics & Government
Lashkar planned bomb blasts in UP,Defence & Security
CM assures he will put economy back on track,Business & Economy
Seminar on green building technology,Education & Recruitment
Tyagi's arrest won't affect morale of police force: Bhujbal,Crime & Law/Judiciary
MP govt warned against growing caste violence,Politics & Government
Stock market functioning will be reformed: PM,Business & Economy
Chennai journos demand probe into police brutality,Crime & Law/Judiciary
LTTE denies meeting Lanka minister,Politics & Government
CM seeks people's support to check corruption,Crime & Law/Judiciary
Jawan killed; 45 hurt as army vehicle overturns,Defence & Security
Govt seeks action against miners,Politics & Government
Security forces join hands on I-Day,Defence & Security
Transco; PowerGrid to set up telecom venture,Business & Economy
Medium term export strategy by September,Business & Economy
Parties fight in murder aftermath,Crime & Law/Judiciary
Foreign carriers to lower commissions,International/World
Agriculture workshop opens,Education & Recruitment
BJP asks Centre to intervene in TN,Politics & Government
Reproductions providing affordable art,Business & Economy
Primary education rules amended,Education & Recruitment
Transport Corp resents 'semi-nude' protest,Business & Economy
Bank swindlers arrested,Crime & Law/Judiciary
Dengue; leptospirosis waiting to strike,Politics & Government
Bandra college goes beyond platitudes,Education & Recruitment
No solution in sight to medical admission mess,Health
16 killed in floods; landslides in Chamba,Crime & Law/Judiciary
Cotton City golf tourney begins Aug. 16,Sports
Olaso's golden goal helps Dempo down BSF 1-0,Defence & Security
UT admn seeking legal opinion on MC embroglio,Crime & Law/Judiciary
Candle light vigil at Wagah border,Defence & Security
Rain has been in excess so far this year,Weather & Disaster
Judicial custody for 3 Rana accomplices,Crime & Law/Judiciary
Anti-dumping probe panel set up,Politics & Government
Hyderabad Monsoon races,Weather & Disaster
Land Army makes its mark in Haveri,Defence & Security
Expelled BSP leaders launch new party,Politics & Government
Special Police DIG gets President's medal,Crime & Law/Judiciary
'Oh My' clinches Independence Cup,Sports
No sweets for India on Pak I-Day,International/World
Blast in Haridwar-Delhi train; 3 killed; 18 hurt,Crime & Law/Judiciary
Bollywood: Mega monsoon releases,Weather & Disaster
From pillar to post; the strange case of Munawwar Khan,Crime & Law/Judiciary
Mrinal Sen: Bengal's firebrand director,Entertainment & Lifestyle
Govt to monitor attendance on I-Day,Politics & Government
Minister highlights police dept achievements,Politics & Government
NIC-RCC to help check power theft,Crime & Law/Judiciary
PM speaks to Karunanidhi,Politics & Government
Stem cells from skin grow into brain tissue,Weather & Disaster
Scribes observe fast; demand central probe,Politics & Government
Life vs Life,Entertainment & Lifestyle
Raid on cashew dealer's shop,Crime & Law/Judiciary
Navi Mumbai business community opposes move to shift Nerul SI,"Society, Religion & Culture"
Seven ULFA militants surrender,Defence & Security
BOOMTOWN RAP brRiders on the storm,Weather & Disaster
Murugappa hockey,Sports
Ratings war forces satellite channels to beat a retreat,Defence & Security
Bush may visit India in 2002,International/World
Dharna held to protest sanctioning of bars,Sports
Tribals held for black flag demo,"Society, Religion & Culture"
Korean trekker killed in Himachal landslide,Crime & Law/Judiciary
We will crush cross-border terrorism: PM,Defence & Security
The other Musharraf,International/World
'Unhappy' I-Day for school children,Education & Recruitment
No salary for Bagan players,Sports
A bouquet of films on youth,Entertainment & Lifestyle
Shiv Sena activists rounded up in Ludhiana,Politics & Government
DMK MLA dies of heart attack,Politics & Government
Petroleum product exports vault ten-fold,Business & Economy
Karunanidhi calls on Moopanar in hospital,Politics & Government
Few visitors for adolescent clinic,Health
Govt appeasing Muslims: Gadkari,Politics & Government
MP CM stresses ensuring of health schemes,Health
Promoters behind Sailen's murder?,Crime & Law/Judiciary
Three new faces inducted into J-K cabinet,Politics & Government
United to start non-stop US-India flights,International/World
Abjure the path of violence; says Assam CM,Politics & Government
Boy critically injured in shootout,Crime & Law/Judiciary
New states unfurl Tricolour for first time,Politics & Government
Bank election brings groupism to the fore,Politics & Government
SACRED SPACEbrBe Patient,Health
Direct election for municipal council presidents,Politics & Government
PUTA election on Aug 28,Politics & Government
Teacher shortage in US to worsen,Education & Recruitment
IT woes: No reserve staff; recruit on need,Education & Recruitment
Lets hit the roof!,Defence & Security
Happy birthday; Mumtaz,Entertainment & Lifestyle
Nandlal antagonised powerful people during the NMC inquiry,Crime & Law/Judiciary
Aazadi; and a few bitter men who got it for us,International/World
Ad Club talk will focus on telecom industry,Business & Economy
Collector kept in the dark on acquisition of land,Business & Economy
Seminar to discuss contract farming,Education & Recruitment
All villages to have telephones by 2002: Paswan,Politics & Government
Vajpayee speak a morale booster for Maharashtra BJP,Politics & Government
Bhilwara collector; SP shifted,Politics & Government
Heaviest rain in four decades hits Delhi,Weather & Disaster
Dharwad drought relief work in progress,Weather & Disaster
Need for different kind of nationalism,"Society, Religion & Culture"
CM to hold meeting on Hazare's demands,Politics & Government
More accountability of faculty members proposed,Education & Recruitment
Sena-BJP ties remain firm in civic politics,Politics & Government
BJP firm on code of conduct,Politics & Government
Marandi appeals to ultras to shun violence,Crime & Law/Judiciary
Bengal celebrates Independence Day,Entertainment & Lifestyle
Candles light up Wagah border on I-Day,Defence & Security
Varsity suspends official in paper purchase case,Education & Recruitment
SI shoots himself accidentally,Entertainment & Lifestyle
Bihar CM stresses on industrial development,Politics & Government
Students present cultural bonanza on eve of I-Day,Education & Recruitment
Christian gathering disrupted,"Society, Religion & Culture"
Govt will solve problems of drought-hit: Deshmukh,Politics & Government
CM stresses on industrial development,Politics & Government
Rs 2 lakh reward for Yadiki murder clue,Crime & Law/Judiciary
Promoters hold state to ransom,Politics & Government
Three-in-one drug for HIV receives mixed reaction,Health
Tyagi arrested for 1993 killings,Crime & Law/Judiciary
BSF officer among two injured in Pak firing,Defence & Security
Dutt files suit against Congress leaders,Politics & Government
New kids on the cricket block!,Sports
PM paints rosy picture amid economic gloom,Business & Economy
Centre to explore alternative fuels: Naik,Politics & Government
Scientific R&D on the decline: CAG report,Politics & Government
Bangalore bioinformatics company in expansion mode,Business & Economy
Tyagi remanded to police custody,Crime & Law/Judiciary
Land shark a suspect in Dum Dum murder case,Crime & Law/Judiciary
Industry welcomes cut in power tariff,Business & Economy
Fresh floods threaten Orissa's coastal areas,Weather & Disaster
Mauritius to host world meet on Indian ancient sciences,International/World
Bihar minister demands quota in judicial services,Politics & Government
Candles lit near Wagah border,Defence & Security
OF FOOTBALL AND DIL CHAHTA HAI,Sports
Modern paintings upset this painter,Health
NRIs in US demand dual citizenship; voting rights,International/World
Heavy showers leave drainage system ineffective,Weather & Disaster
Military Solution,Defence & Security
'Water Man' violated law; says minister,Politics & Government
KDA gathering information in border areas,Defence & Security
Colourful I-Day celebrations at Dharwad,Entertainment & Lifestyle
Centre to hold dialogue with J&K govt shortly,Politics & Government
Students' protest holds up varsity admission,Education & Recruitment
Lata Asudani upset; quarter-finalists spotted,Sports
Journalists should be activists too,Politics & Government
President Police Medal for Randhawa,Crime & Law/Judiciary
Govt not prepared to tackle drought: Sindhia,Politics & Government
For Official Eyes OnlybrCitizens Not in the Information Loop,Politics & Government
ISPs offer value-added service,Business & Economy
Sikkim on the path of development: Governor,Politics & Government
Political elite sweats it out at President's party,Politics & Government
Indian sports' family doctor,Health
Hari completes 3rd GM norm; Ganguly makes 1st,Defence & Security
MUMBAI MATTERS brRiders on the storm,Weather & Disaster
'Gujarat's economy stable despite calamities',Business & Economy
DVB privatises customer services,Business & Economy
SA hopeful of US joining racism conference,International/World
1 lakh new jobs for unemployed,Education & Recruitment
New bridge on Ghaggar breached,Weather & Disaster
Civic agencies trade charges,Business & Economy
SGPC seeks to correct mistakes; rather too late,Business & Economy
Doctor who invented life-saving drug getting death threats,Health
CPI asks BSP to join secular forces in Punjab polls,Politics & Government
Mistaken Belief,Business & Economy
Ganesha to the aid of drought-hit farmers?,Weather & Disaster
Police custody for kidnap suspect,Crime & Law/Judiciary
SA to tour Zimbabwe under tight security,Defence & Security
5 policemen injured in poll violence,Politics & Government
POWWOWbrAction with vision can change the world,International/World
Fernandes' statement sparks unruly scenes,Politics & Government
Motorola sees some job cuts as Ariz chip lines go,Education & Recruitment
'Tyagi's arrest is darkest chapter in police history',Crime & Law/Judiciary
Heavyweights steady Sensex,Business & Economy
NASSCOM forecasts 9% rise in IT exports in Q2,Business & Economy
State-Microsoft MoU signed,Politics & Government
Why are Mumbai Parsis out of UNESCO special project?,"Society, Religion & Culture"
Consumers suffers due to strike by cable operators,Politics & Government
Govt seeks extension of CNG deadline,Politics & Government
28 killed in godown explosion in Tamil Nadu,Crime & Law/Judiciary
Cong wants Govt spending reduced,Politics & Government
Defence canteen at Surat to be operational soon,Defence & Security
Jaswant defends opposing international court,Crime & Law/Judiciary
ICC pursuing cases not still in public domain,Sports
Provisional admission for striking students,Education & Recruitment
ITDC looks for life after disinvestment,Entertainment & Lifestyle
Tehelka tapes may be tested,Sports
NHRC seeks reply from 3 states on Endosulfan,Politics & Government
Coops' entry into insurance sector opposed,Business & Economy
ChandigarhTimesbrSaare jahan se achcha Bollywood hamara,Entertainment & Lifestyle
Punjab tubewell corporation's property attached,Business & Economy
British Biologicals to enter UK,International/World
Nasscom to aid small and medium firms: Karnik,Business & Economy
Chargesheet in CC scam awaits CBI chief's nod,Crime & Law/Judiciary
IT institute denies cheating students,Education & Recruitment
Haryana ranks 2nd in milk production,Business & Economy
Junagadh awaits corporation status,Business & Economy
Gulshan case: Examination of approver deferred,Education & Recruitment
Kinetic eyes non-life; life insurance sectors,Business & Economy
Kareena; a real actress,Entertainment & Lifestyle
Navy to sail with swadeshi colours,Defence & Security
Moderate rainfall in DK,Weather & Disaster
Morocco ranks 17th in health system efficiency,Health
Posthumous awards for policemen in MP,Politics & Government
Lok Sabha Speaker pulls up minister,Politics & Government
Small; medium firms face rough weather,Business & Economy
32 senior police shifted,Crime & Law/Judiciary
Education system needs a thorough review,Education & Recruitment
Tyagi had suffered heart attack on day of arrest,Crime & Law/Judiciary
Shiv Sena activists arrested,Crime & Law/Judiciary
MUMBAI NEWS brGoregaon murder accused feels no remorse Police,Crime & Law/Judiciary
IAS now stands for 'Indian Alien Service',Business & Economy
Centre ready to negotiate on J&K autonomy,Politics & Government
Trains to halt at Madure,Weather & Disaster
DD to air fun learning serial for kids,Entertainment & Lifestyle
Jats; Rajputs look for bigger political platforms,Politics & Government
Traditional fervour marks I-Day celebrations,Entertainment & Lifestyle
Govt should probe overseas funding of Hurriyat,Politics & Government
Police arrest suspicious youth,Crime & Law/Judiciary
Opium at 1 pm,Politics & Government
Case against Osmania University,Education & Recruitment
Attack on mediamen: DMK MPs press PM for probe,Politics & Government
Forensic laboratory to come up in Gulbarga,Crime & Law/Judiciary
US liberalises fiancee visa,International/World
New edition of Justice Desai's book released,Crime & Law/Judiciary
A to T of Personal Loans,Business & Economy
Tenth Plan approach awaits Cabinet nod,Politics & Government
US not satisfied with Musharraf's announcement,International/World
Guest bills: Minister leads by example,Politics & Government
WEB WATCH brLatest virus attack has netizens choking,Health
Bengal govt signs MoU with Microsoft,Politics & Government
Chhota Rajan gang member killed in encounter,Crime & Law/Judiciary
First ever muhurat of a Bollywood movie in Jaipur,Entertainment & Lifestyle
SP criticises PM's I-Day speech,Politics & Government
PMC earmarks major plot for Muslim burial ground,"Society, Religion & Culture"
Israel has security pacts with India; China,International/World
MBT Arjun superior to Pak Al Khalid tank,International/World
Safety system mooted for education,Education & Recruitment
Reply to notice will be sent to law ministry,Politics & Government
Vajpayee; Bush expected to meet at UN,Politics & Government
Govt apathy hits special school,Politics & Government
NHRC probe into Karunanidhi arrest opposed,Crime & Law/Judiciary
The 'unofficial' guide of 'ethical hacking',Politics & Government
Princes' privileges and politicians' games,Politics & Government
Hindujas pull out of race for IBP,Sports
Make state industrial hub: Digvijay,Politics & Government
Shortage of essential medicines inconveniences patients,Health
'Larger bench needed to hear Jaya's cases',Crime & Law/Judiciary
Youth held for attempt to rape,Crime & Law/Judiciary
Court notice to police for negligence,Crime & Law/Judiciary
China on alert against dengue fever,International/World
American General shareholders approve AIG bid,International/World
CM announces sops for traders; flays Kanchal's moves,Politics & Government
Krushi Bank account frozen; board scrapped,Business & Economy
'Don's dream team fake',Sports
Philips to outsource VCR production,Business & Economy
Pariyaram college given to cooperative sector,Education & Recruitment
PNB organises free medical camp,Health
Railways march into the hearts of audience on I-Day,Business & Economy
DDCA official Satish Sharma dead,Sports
Iraq invites KRC chief,International/World
TROUBLED MINDS brCity hospitals ill equipped to tackle mental illness,Health
Rlys beat Hyderabad in MCC Murugappa hockey,Sports
Quicker mail service with automatisation,Business & Economy
Making the most of a dog's life,Entertainment & Lifestyle
Clinics capitalise on govt hospital's deficiencies,Politics & Government
Photographer to be honoured,Entertainment & Lifestyle
Israeli teams training forces in Kashmir: Jane's,Defence & Security
Prince Charles to re-marry soon,Entertainment & Lifestyle
Banerjee to help team selection for SAF; AAG,Sports
Expose misdeeds of corrupt government: Adik,Politics & Government
BJP announces first ad-hoc committee in Sikkim,Politics & Government
CM blames land revenue hike on ex-govt,Politics & Government
Uncertainty over Japan-aided water project ends,International/World
Nagaland CM seeks radical changes in 10th Plan,Politics & Government
CM's assurance to cinema hall owners,Entertainment & Lifestyle
Cricketer-turned-actor's first day on the floors,Entertainment & Lifestyle
Cong to train 25;000 Seva Dal workers to neutralise Bajrang Dal,Weather & Disaster
Tennis semifinalists spotted,Sports
Winning start for Shri Ram School,Education & Recruitment
Say what you want; pirates hijack I-day TV,Entertainment & Lifestyle
Plea for pension to liberation struggle veterans,Crime & Law/Judiciary
Trade bodies to oppose transfer of Nerul cop,Business & Economy
Nadira Babbar: In love with the stage,Entertainment & Lifestyle
Is Lokpal Bill headed for panel again?,Politics & Government
NCP leader quits party,Politics & Government
Diagnostic centres fail to take note of ban,Politics & Government
Chandra in talks to offload stake in ZTL,Business & Economy
Govt told to clarify status of new engg colleges,Politics & Government
Second leg of junior tennis from Aug 20,Sports
Nasscom to decentralise; open regional chapters,Politics & Government
US Airways announces three-stage restructuring plan,International/World
PHOREN brHannibal Lecter is the man we love to hate,Entertainment & Lifestyle
Crack ITBP team in place at airport,Sports
City celebrates I-Day with enthusiasm,Entertainment & Lifestyle
Orissa mulling lifting ban on police recruitment,Crime & Law/Judiciary
Need for sanction from states hinders CBI,Crime & Law/Judiciary
Wipro to offer e-security solutions with Symantec,Defence & Security
Power crisis echoes in US,International/World
No flood threat; say Ranjit Sagar Dam authorities,Weather & Disaster
Now; Ayurvedic health analyser,Health
Holy cows clutter the development highway,Politics & Government
Firms floating call centres to retain subscriber base,Business & Economy
Seminar on legal aid camps today,Crime & Law/Judiciary
HC lawyers on strike today,Politics & Government
Chandrasekhara elected president of KBA,Politics & Government
TN assembly adjourns on opening day,Politics & Government
BJP blames Laloo for false implication of Modi,Politics & Government
M&M trims over 2;200 jobs; back to 6-day week,Education & Recruitment
Jehad cannot legitimise terrorism,Defence & Security
PM urged to empower gram sabhas,Politics & Government
Old enmity leads to double murder,Crime & Law/Judiciary
Medicines for municipal hospitals,Health
Notice to CBI for probe into Bangarappa's assets,Crime & Law/Judiciary
Tata Power to acquire transmission arm,Business & Economy
Heavy rains affect normal life in Rajasthan,Weather & Disaster
Governor to review flood; drought situation,Weather & Disaster
N-bomb lying off the east coast of America,Defence & Security
RG Kar nurses protest new bed plan,Sports
Agarwal suffers setback as loyalist quits party,Politics & Government
Washing police linen in public,Crime & Law/Judiciary
AAG council meet to finalise participants,Sports
Electronic weighing machines in MP mandis,Politics & Government
NCP gears up for panchayat polls,Politics & Government
MP BSP splits; new outfit called Samanta Dal,Politics & Government
Guga loses best weapon but wins match,Health
Bail granted to accused in fuel adulteration case,Crime & Law/Judiciary
Kerala will clear all new professional colleges,Education & Recruitment
Dalit students demand quota for seats in BSBA varsity,Education & Recruitment
Award for eye surgeon Venkataswamy,Health
A race against time,Sports
Cellphone firms go all out to woo customers,Business & Economy
Gurdwara panel invites SGPC for talks on 'sehajdhari',Politics & Government
Court raps cancer-cure astrologer,Crime & Law/Judiciary
Govt yet to invite cable operators for talks,Politics & Government
Rajasthan Cricket Academy: Report,Sports
Assembly adjournment draws DMK flak,Politics & Government
Tablet of hope for AIDS club,Health
Border haven for illegal immigrants,Defence & Security
Law faculty dean guilty of exam malpractice,Education & Recruitment
Massive hunt to nab accused in Sailen case,Crime & Law/Judiciary
Right to info sets states' affairs right,Politics & Government
BHEL bags Rs 2;079 cr order from NTPC,Business & Economy
Lohar is jt. police commissioner,Crime & Law/Judiciary
Consultative committee supports M-WLL,Politics & Government
Indians in US using sex selection procedures,International/World
HIGH LIFE brChic cheek,Entertainment & Lifestyle
STRAIGHT ANSWERS brB4U serves legal notice to FTV,Crime & Law/Judiciary
Medals conferred on 40 police officers in MP,Crime & Law/Judiciary
Notice to SP; Faridabad in land case,Crime & Law/Judiciary
Trinamul rift over Library Council polls,Politics & Government
25 killed in godown explosion in Chennai,Crime & Law/Judiciary
Students to get admit cards from nodal centres,Education & Recruitment
TCS teams with leading telecom cos for VOIP,Business & Economy
Tax holiday rings a bell for Reliance,Business & Economy
HC judge escapes unhurt in road mishap,Crime & Law/Judiciary
Petroleum dealers call off Aug. 20 strike,Politics & Government
Cabinet nod to Electricity Bill,Politics & Government
Banking sector in crisis as branches face closure,Business & Economy
Record number of Maruti Omnis recalled,Business & Economy
Trinamul welcome to NDA fold; WB BJP can oppose it,Politics & Government
Terrorism is a threat to all: Bush,Defence & Security
LeelaVenture eyes Hampi; Hassan,Health
Tenant killed by landlord's sons,Crime & Law/Judiciary
Clean chit to police on Kamtapuri operation,Crime & Law/Judiciary
Despande to chair state investments committee,Politics & Government
Election passes off peacefully in Rayalseema,Politics & Government
Lanka; Pak 'A' teams to play in India in Nov,International/World
Indo-US agreement on power management,International/World
College gets permission for third batch of students,Education & Recruitment
Biotech exports total Rs 1072 cr,Business & Economy
MOVIE MOOLAHBRWho bombed Pearl Harbor out of business,Business & Economy
Parents end life after killing 2 kids,Crime & Law/Judiciary
All set for second phase of panchayat poll today,Politics & Government
TDP joins Oppn demand for more power to states,Politics & Government
Keep contentious issues out of women's Bill: PM,Politics & Government
KERC plans workshop on power quality; tariff,Education & Recruitment
Report on DMK rally violence in 3 months,Politics & Government
Police closing in on narcotics dealers,Crime & Law/Judiciary
CM to sign water pact with Maharashtra,Politics & Government
School syllabi being chopped; admits Joshi,Education & Recruitment
Jaipur mayor passes away,Politics & Government
International sports officials call on Bharti,Politics & Government
Nagappa seeks CM's help to register house,Politics & Government
SCR reschedules trains,Weather & Disaster
Govt mulls CNG must norm for taxis; autos,Politics & Government
RBI to transfer Rs 9;350 cr dividend to govt,Politics & Government
DM yet to report back to govt on charge against PP,Politics & Government
Indian juniors excel in Hong Kong open golf,Sports
Police conduct a dwarf wedding,Crime & Law/Judiciary
Activist takes up tribals' cause,"Society, Religion & Culture"
SC castigates Centre; TN on asylum deaths,Politics & Government
5 chargesheeted in century scam case,Crime & Law/Judiciary
Badal 'most unpopular' CM: Cong,Politics & Government
3;655 in fray for panchayat polls in Vizag,Politics & Government
Japanese firms see Chinese imports as 'threats',Business & Economy
TD men desert party office for sarpanch polls,Politics & Government
Customers can use any email service provider: VSNL,Business & Economy
Sanjay Suri: Life Mein Kabhi Kabhi,Entertainment & Lifestyle
Maruti to launch cars for disabled,Business & Economy
US liberalises fiancee visa,International/World
China Town,International/World
India displays model of Brahmos cruise missile,Defence & Security
SC castigates Centre; TN Govt on asylum deaths,Politics & Government
PCC list only after panchayat polls: Mirdha,Politics & Government
Saffronisation of education not wrong: Krishnamurthy,Education & Recruitment
Sarpanch poll candidates spending a fortune in N Telangana,Politics & Government
Plea for CoD probe into boat fire,Crime & Law/Judiciary
Investments panel clears projects worth Rs 2;400 cr,Politics & Government
Special trains for Onam,Weather & Disaster
Govt constitutes WTO cell,Politics & Government
BJP backs Tyagi; will Sena follow suit?,Politics & Government
Now; medical care comes home,Health
Police to be gender-sensitised,Crime & Law/Judiciary
FIR against 2 homeguards,Crime & Law/Judiciary
Killer husbands in custody for wives' death,Crime & Law/Judiciary
Next round of Centre-Naga talks likely in India,Politics & Government
Fema sounds deathknell for hawala operators,Crime & Law/Judiciary
NHRC seeks probe into poisoning of schoolkids,Education & Recruitment
Varsity admission process resumes,Education & Recruitment
Doctors to get training in Pranic techniques,Health
Need regulatory body to cut media bill of parties,Politics & Government
BJP delegation seeks Pande's intervention,Politics & Government
Spiritual leaders to spread Hindu values,"Society, Religion & Culture"
DSC-2001 test hall tickets dispatched,Sports
Accept the Challenge Make Human Rights India's Kashmir Plank,Defence & Security
Bajrang Dal hits out at NDA Govt,Politics & Government
Govt; DPC set to begin conciliation process,Politics & Government
Four militants killed in Manipur,Crime & Law/Judiciary
'Non-elected MLA can't be reappointed',Politics & Government
FAPI seeks 50 pc security cut on term loans,Business & Economy
Govt may dilute stake in Hindustan Zinc,Politics & Government
IIT study drills holes into 'clean' CNG theory,Education & Recruitment
iBackOffice plans huge call centre base in Karnataka,Politics & Government
Centre not to take over Dhabol project,Politics & Government
Students offer the best medicine,Education & Recruitment
Kerala women take umbrage at 'swimsuit' remark,"Society, Religion & Culture"
Women's Bill a 'revolutionary legislation;' says PM,Politics & Government
Jaswant in Nepal to discuss dam,International/World
Festival to celebrate Harley-Davidsons,"Society, Religion & Culture"
Gang war erupts in Central jail,Crime & Law/Judiciary
Ramai to lead rally for quota in judicial services,Business & Economy
When justice is blind to terror,Defence & Security
Jadavpur varsity council meet postponed,Education & Recruitment
Jharkhand assembly session begins,Politics & Government
Teachers in Karnataka will rally for better pay,Education & Recruitment
Advani's visit sends conflicting signals,Politics & Government
12 Surat children injured in freak mishap,Crime & Law/Judiciary
Cong team in Bangalore today to discuss labour laws,Sports
Power employees hold Govt responsible for present mess,Politics & Government
CM irked as Centre delays nod for airport tax,Politics & Government
CM to visit Davanagere on Monday,International/World
Sterlite Industries contests notice on disqualification,Business & Economy
Old customs still hold fort on board the navy,Defence & Security
Malkajgiri civic body takes up drain project,Weather & Disaster
One killed in Lucknow dacoity,Crime & Law/Judiciary
Earl Grey for Independence Cup,Sports
Stray acts of violence in Phase II polls,Politics & Government
Hint for Jaya: Non-elected cannot be reappointed minister,Politics & Government
Left objects to Fernandes' remarks on UTI ex-chief,Business & Economy
Cong demands probe on loans for power companies,Business & Economy
BJP Yuva Morcha to organise national meet in Agra,Politics & Government
HOLLYWOOD HOTLINE brThe eagles have landed D day invasion,Entertainment & Lifestyle
Govt effects minor reshuffle of IAS officers,Politics & Government
Rains fail to deter voters in Vizag,Weather & Disaster
Cabinet nod for Insolvency Bill,Politics & Government
Bhutan crown prince arriving,International/World
Managing Solid Waste: The NGOs Way,"Society, Religion & Culture"
BombayTimesbrCivil defence in Nuclear times,Defence & Security
Slap proves fatal as 2 women fight,"Society, Religion & Culture"
One more entrance to City rail station opens,Education & Recruitment
Two new Supreme Court judges sworn in,Crime & Law/Judiciary
Jaya won't let more officers go,Defence & Security
Godbole panel to submit report in 2-3 weeks,Politics & Government
Rupee weakens slightly against dollar,Business & Economy
TC welcome to NDA fold; WB BJP can oppose it: Jana,Politics & Government
You got music? We'll help you rock the world,Entertainment & Lifestyle
3 killed; seven injured in road mishap,Crime & Law/Judiciary
Jaya holds firm; won't relieve IPS officials,Politics & Government
SC raps Centre; Delhi for CNG queues,Politics & Government
Ten killed; 48 injured in Bihar train mishap,Crime & Law/Judiciary
RSS opposes any further autonomy to Kashmir,Defence & Security
Minor girl killed; 3 others injured,Crime & Law/Judiciary
BSNL launches WLL service in city,Business & Economy
Akshay Kumar: From dance to song!,Entertainment & Lifestyle
Women representatives being exploited: MP BJP,Politics & Government
Congress to implement new fund-raising policy,Politics & Government
Teachers; parents to combat govt over reducing school grants,Education & Recruitment
Lawyers' body election schedule,Politics & Government
Cabinet approves bill to remedy sick industries,Politics & Government
Kashmir Solution,Defence & Security
Bharat Shah's bail plea rejected,Crime & Law/Judiciary
Festival week ends with estimated Rs.20-cr turnover,"Society, Religion & Culture"
ITPL bio-informatics institute awaits first director,Entertainment & Lifestyle
Govt orders to V-Cs on admissions,Politics & Government
Vasant Vihar murder: robbery wasn't motive,Crime & Law/Judiciary
Teacher who made self-immolation bid dies,Education & Recruitment
Syndicate member flays new varsities Bill,Politics & Government
2 undertrials shifted to Bellary jail,Crime & Law/Judiciary
US threat to boycott racism meet condemned,International/World
M F Hussain's latest love - Kerala,Entertainment & Lifestyle
'If my party needs it; I'll buy MPs again',Politics & Government
Police face embarrassment over businessman's arrest,Crime & Law/Judiciary
Disabled get 3% quota in jobs only: HC,Education & Recruitment
Complaint against DSQ Software filed with Mumbai Police,Crime & Law/Judiciary
Farmhouse owner murdered,Crime & Law/Judiciary
Tile industry in doldrums,Business & Economy
Govt slammed for saffron agenda in education,Politics & Government
Tie-up with Trinamul need not extend to state: Jana,Politics & Government
Court summons Kakarla in defamation case,Crime & Law/Judiciary
Sanchar Sarathi awards for 8 telecom staffers,Business & Economy
Film stars; cricketers owe Rs 60;000 cr to I-T,Entertainment & Lifestyle
PM concerned over meagre utilisation of Central aid,Politics & Government
New electronic warfare planning system developed,Defence & Security
Pingali 'daughters' ready for DNA test,Sports
Slain LeT militant called on temple trust chief last year,Defence & Security
Planet M celebrates second anniversary,Entertainment & Lifestyle
Statistics on crime rate open for scrutiny: Kharge,Crime & Law/Judiciary
New Haj website promises latest details on pilgrims,Sports
Solve Kashmir issue; we'll drop the gun: Hizb,Defence & Security
Centre queried on notice to mausoleum's encroachers,Politics & Government
We married for love: Sanghamitra,Entertainment & Lifestyle
Train mishap averted at Guntakal,Crime & Law/Judiciary
CBI probe demanded into burning of Quran,Crime & Law/Judiciary
Zero Hour chaos over UTI,Business & Economy
Petro strike called off,Politics & Government
Flood alert sounded at Bhadrachalam,Weather & Disaster
CM issues orders on scholarships,Politics & Government
CM; Plan Panel meet put off again,Politics & Government
I-Day celebrated despite tight security,Defence & Security
No compensation to kin of rail mishap victims,Crime & Law/Judiciary
TCS teams with leading telecom cos for VOIP,Business & Economy
SACRED SPACEbrFreedom Peace,"Society, Religion & Culture"
Meitei's Defence,Defence & Security
Another private life insurance company comes to town,Business & Economy
Documentary on tribals enters film festivals,"Society, Religion & Culture"
Case booked against OU VC,Crime & Law/Judiciary
BRIEF GRIEF brFreedom songs and a few bad words,Entertainment & Lifestyle
Green lessons for army personnel,Defence & Security
Centre convenes Bihar; Jharkhand power secy meet,Politics & Government
5 lakh new phone connections in state this year,Politics & Government
Karunanidhi declines comment on Rajagopalan issue,Politics & Government
Land sharks may chew up Old Central Jail,Crime & Law/Judiciary
CAG criticises Railway Ministry,Politics & Government
Jalandhar's cricket ball units on verge of closure,Sports
Musharraf comes under thick security blanket,International/World
HC quashes arrest of Pakistani,Crime & Law/Judiciary
Torn tricolour a regular surprise at many govt schools,Politics & Government
Panel spells steps to cut W Bengal arsenic contamination,Politics & Government
Energy Bill passed,Politics & Government
When I speak English; it is atrocity: PM,Politics & Government
CM; officials gather to exorcise 'dirty energy',Politics & Government
Colleges conduct science practicals in storerooms,Education & Recruitment
L&T quality improvement workshop concludes,Education & Recruitment
Traditional art help schoolchildren learn,"Society, Religion & Culture"
Absconding doctors to be sacked,Health
Advani heads GoM to mull state-funding of polls,Politics & Government
Law and order in state fine: DGP,Politics & Government
China to phase out limits on labour flow,International/World
Religious freedom curtailed in India; Pak: US panel,International/World
Registration without corruption soon: Minister,Politics & Government
Key witness turns hostile; denies seeing prime accused before,Crime & Law/Judiciary
Congress to agitate to focus on UTI scam,Politics & Government
News Corp earnings slip; awaits better times,Business & Economy
Prabhakar gets three-month interim bail,Crime & Law/Judiciary
Two new frigates for Indian Navy,Defence & Security
More Ganeshas walking off the shelves this year,"Society, Religion & Culture"
Government clarifies on Pingali row,Politics & Government
State gets cattlefeed from Centre for drought-struck areas,Weather & Disaster
J&K situation militarily stable; says Army chief,Defence & Security
4 suspended after train mishap in Bihar,Crime & Law/Judiciary
Alert police foil Maoists' bid to kidnap two foresters,Crime & Law/Judiciary
Punjab DGP directed to shift tainted DSP,Politics & Government
Rains cause havoc,Weather & Disaster
Withhold PPAs signed with private firms: CPM,Business & Economy
State of the art micro-biology lab for Kanpur,Politics & Government
Operation Guinea Pig takes hold in Bollywood,Entertainment & Lifestyle
ICC expands its staff,Sports
Emission tests carried out for govt vehicles,Politics & Government
Palnad; Narsaraopet to go to polls tomorrow,Politics & Government
Call to provide better health care,Health
Gilts offer safe investment haven,Business & Economy
NGOs decry overnight hospitalisation for tubectomy,"Society, Religion & Culture"
Cong wants Govt spending reduced,Politics & Government
Shyam Benegal: Making of a director,Entertainment & Lifestyle
This spider has no venom,Entertainment & Lifestyle
Spammers create havoc in virtual world,International/World
UAE defeats Uzbekistan 4-1 in world cup qualifier,Sports
White paper on TN reveals fiscal erosion,Business & Economy
Ban on SIMI not ruled out: Advani,Politics & Government
Cardiac patients lose heart as Aspirin disappears,Health
Sachin to visit South Africa for check-up,International/World
Phase II polls: Ullepalli preferred peace,Politics & Government
Woman; friend held for husband's murder,Crime & Law/Judiciary
HEALTH FILE,Health
'US can't wage two simultaneous major wars',International/World
Bride's friend a witness to Mahanta wedding,Entertainment & Lifestyle
'Airport explosives' leave officials guessing,Politics & Government
Broken meter seal does not establish case of power theft,Crime & Law/Judiciary
Security forces have upper hand in J&K,Defence & Security
Jiang; Putin discuss bilateral ties,International/World
Life without TV: the boredom shows,Entertainment & Lifestyle
Tennis superdad's tough act,Sports
Kinetic in venture for auto ancillaries,Business & Economy
SA team to tour Zimbabwe under tight security,Sports
Jail superintendent to get President's Medal,Crime & Law/Judiciary
Ranbaxy gets DGCI nod to market ciprofloxacin,Business & Economy
Printing press owner detained in SIMI case,Crime & Law/Judiciary
CM giving shelter to criminals: Naresh,Politics & Government
Small industries urge for timely payment,Business & Economy
Kharge holds one-to-one with CM,Politics & Government
EU defence budgets on the rise,Defence & Security
3 ultras killed; infiltration bid foiled in Rajouri,Defence & Security
3 arrested for trying to bribe SI,Crime & Law/Judiciary
Varsity clears confusion over commerce course,Education & Recruitment
UN raps Iraq over missing Kuwaitis,International/World
Police to probe demolition violence,Crime & Law/Judiciary
Mysore varsity to research lesser-known mammals,Education & Recruitment
Advocates burn CM's effigy,Politics & Government
Petrol bunk-cum-supermarket opens at Koramangala,Business & Economy
Lamington Road police station gets a glitzy makeover,Crime & Law/Judiciary
CM releases book on adoption norms,Politics & Government
India to discuss river water issue with Nepal,International/World
War veteran wages lonely battle for his dues,Defence & Security
Six health workers suspended,Health
Secondary teachers' selection made competitive,Education & Recruitment
Talks on with BJP on seat-sharing: Samata,Politics & Government
TD to review MLAs' poll performance,Politics & Government
Swadeshi Navy,Defence & Security
Dattatreya vows to bring Krishna water to city,Politics & Government
Ranigunj traders worst-hit by bank scandal,Business & Economy
Guru Dutt film festival from September 20,"Society, Religion & Culture"
Explain birthday bash; doctor told,Health
A school on the road in hitech city,Education & Recruitment
RBI to conduct sale of Kerala govt bonds,Politics & Government
IIT study based on assumptions,Education & Recruitment
Women better journalists than men: Rabri,"Society, Religion & Culture"
Nirupa Roy's arrest on dowry case stayed,Crime & Law/Judiciary
City-based hawala operators nabbed,Crime & Law/Judiciary
EU defence budgets rising,Defence & Security
Delhi-based firm shortlisted for maintaining MC toilets,Business & Economy
Canada's prince of pot inspired by India,International/World
Ketan Parekh remanded to CBI custody till Aug 24,Crime & Law/Judiciary
UGC accreditation for state eligibility test,Education & Recruitment
JNDC students' union candidate shot,Education & Recruitment
School dropouts worries education officials,Politics & Government
US wants robust relationship with India,International/World
Vikrant employees union to meet CM,Politics & Government
All-party meet for panel to end factionalism,Politics & Government
US deeply interested in Mideast peace move,International/World
Zeta Lab; a boon for engineering students,Education & Recruitment
One more dies after attack by criminal tribe,Crime & Law/Judiciary
MONEY WISEBRGilts offer safe investment haven,Business & Economy
Drought threat recedes in district,Weather & Disaster
UTI seeks nod for trading of US-64 units,Business & Economy
Train accident toll rises to 10,Weather & Disaster
BJP workers protest against Tyagi's arrest,Politics & Government
Agra summit was a new chapter in diplomacy,International/World
AP orders confiscation of properties in Krushi case,Crime & Law/Judiciary
Bayer; Glaxo named in Baycol suit by US Lawyer,International/World
I was scared about UP BJP: Advani,Politics & Government
Haj committee extends submission forms date,Politics & Government
PMC's legal eagles have their hands full,Crime & Law/Judiciary
Doctor couple sent to judicial custody,Crime & Law/Judiciary
SC restores retirement age for doctors in Society,Health
Nepal seeks India's help on trade,Business & Economy
Kashmir Solution,Defence & Security
Govt hawks loans to street vendors,Politics & Government
BSNL to look into reports of 'faulty billing',Politics & Government
BJP demands white papers from Bengal govt,Politics & Government
Land for industries will not be used for real estate: CM,Politics & Government
Special inquiry counter of little help,Crime & Law/Judiciary
HC notice to Centre; Bihar on freedom fighters issue,Politics & Government
Centre mulls demand for revival of Azmjahi Mills,Politics & Government
Laloo bats with Pawar for company,Business & Economy
South Indian food festival,"Society, Religion & Culture"
Theatre's crowds soar with models of planes,Entertainment & Lifestyle
Dogs' exalted status in American lives,International/World
Police send explosive bag for testing,Crime & Law/Judiciary
Few takers for art course,Education & Recruitment
Tandon hints at abolition of octroi,Politics & Government
Two killed in police firing in Andhra Pradesh,Crime & Law/Judiciary
CPI-ML demands arrest of VHP; Bajrang Dal activists,Crime & Law/Judiciary
China denies base for US plane in Hong Kong,International/World
SAARC summit on ageing sounds wake-up call,International/World
Students coerced to attend tuition,Education & Recruitment
CBI chargesheet against 5 in Century scam,Crime & Law/Judiciary
Bradman dream team not fake: Perry,Sports
Govt initiative to lure traders,Politics & Government
1 killed as car; truck collide,Crime & Law/Judiciary
Butterfly case: Charges to be framed,Crime & Law/Judiciary
BJP learnt a lot from UP experience: Advani,Politics & Government
Krishna to review relief work in Raichur; Gulbarga; Bidar,Politics & Government
CBI probe against Om Prakash sought,Crime & Law/Judiciary
Govt orders panchayats to plan rural scheme,Politics & Government
Student bodies raise 7-point demand,Education & Recruitment
Dogs' exalted status in American lives,International/World
CM asks officials to streamline Aadarana scheme,Politics & Government
Africa would win all athletic events,Defence & Security
E-business is a reality: Guha,Business & Economy
UN polio campaign in Afghanistan,International/World
Mohanty slams cable operator's strike,Politics & Government
Prosecutors decline to file rape charges against Tyson,Crime & Law/Judiciary
Accounts officer let off the hook,Defence & Security
SBI to bring down loan defaults,Business & Economy
DMK; allies walk out over 'police rule',Crime & Law/Judiciary
Govt clamps down on bank directors,Politics & Government
Rare head surgery to set abnormality right,Health
Soldiers' children lose out to domicile rules,Defence & Security
Cooperative banks under scrutiny from depositors,Business & Economy
SIMI leader remanded to police custody,Crime & Law/Judiciary
India should quit ACC; say BCCI members,Sports
BCCI to foot Tendulkar's bill in SA,Politics & Government
Chemical arms report enrages Lankan army,Defence & Security
Pak resorts to heavy shelling along LoC,International/World
Ex-mayor alleges violation of MRTP Act,Politics & Government
City; US experts mull ways to cut industrial pollution,International/World
Rare head surgery to set abnormality right,Health
Govt denies Israel is training Army,Politics & Government
CB yet to file chargesheet in Jadav murder case,Crime & Law/Judiciary
Testing time,Sports
Laloo bats with Pawar for company,Business & Economy
Tight security for polls in north Telangana,Politics & Government
PFA carries away monkeys caught by corporation,Business & Economy
Visa restrictions fox foreign students,Education & Recruitment
FM assures tax sops for IT hardware sector,Business & Economy
Himachal seeks German investment,Business & Economy
India should say no to talks with Pak: VHP,International/World
Tyagi moves sessions court for bail,Crime & Law/Judiciary
Residents block CM's motorcade with corpse,Politics & Government
Inculcate high values in children: Dy CM,Politics & Government
Alwal water project nearing completion,Defence & Security
Dubious deal gets Hyderabad one-day match,Health
Karamchari union extends strike,Politics & Government
Panel probing Netaji's death may visit Russia,International/World
European tech park to come up in Harayna,International/World
SA politcian gets 4 life terms for murder,Crime & Law/Judiciary
Sooni switches frame; shoots for Parsis,Entertainment & Lifestyle
CM's directives on pending cases,Crime & Law/Judiciary
MPCC chief wants Congress to go solo,Politics & Government
India's economic condition critical: Gujral,Politics & Government
Estate dept allots Kamlapati Tripathi's 'house' to BJP,Politics & Government
Slowdown in state? Blame it on global recession,Politics & Government
UTI irregularities an inheritance from the past,Business & Economy
Govt. mulls revised payment mechanism for IPPs,Politics & Government
Woman attempts suicide,"Society, Religion & Culture"
No confirmation of bid on Dawood; Shakeel: Govt,Politics & Government
Crops acreage suffers loss of 15 lakh hectares,Business & Economy
War of words,Defence & Security
HC scraps advance vehicle tax,Business & Economy
We work with love; not with the aim to convert,Entertainment & Lifestyle
Results delay costs students dear,Education & Recruitment
BSF concerned over presence of Bangladeshis,Defence & Security
False alarms add to city police woes,Crime & Law/Judiciary
15 militants; 3 jawans killed in J&K,Crime & Law/Judiciary
Industry captains join hands with 'Water Man',Business & Economy
The faces that shaped MS University,Education & Recruitment
Such a long wait to see the doctor,Health
Meritorious students felicitated,Education & Recruitment
Judge's car stolen,Crime & Law/Judiciary
Govt promoting unscientific healing: Experts,Politics & Government
UP Cong MLAs may quit if polls not held in Oct,Politics & Government
A school with a difference,Education & Recruitment
Ganesh Chaturthi; a homecoming for Goans,"Society, Religion & Culture"
Protect Gopalnagar lake: High Court,Crime & Law/Judiciary
Jyotir Vigyan course,Education & Recruitment
BOOMTOWN RAPbrSet the night to music,Entertainment & Lifestyle
Bureaucratic tussle over airports' security,Defence & Security
Court cannot entrust probe to a particular police official,Crime & Law/Judiciary
Anil Kapoor for making meaningful films,Entertainment & Lifestyle
Camera captures guerrilla women's struggle in Bastar,"Society, Religion & Culture"
State will ask Centre for Rs 500 cr.,Politics & Government
Medwin's free medical camp,Health
MMCB issue taken up at BJP Lok Darbar,Politics & Government
BCCI denies 'understanding' with Azhar,Sports
Bengal Air renews proposal to govt,Politics & Government
Cabinet clears approach paper to 10th Plan,Politics & Government
HyderabadTimesbrbrStars stripes Lets talk shop,Defence & Security
A humorous innings,Sports
Artisans ask govt to help fishermen,Politics & Government
State govt to offer VRS; wage war to cut costs,Politics & Government
State's finances fine; says Sampat,Politics & Government
Ministers' wrangle mars IIT golden jubilee celebrations,Education & Recruitment
CVC awaits report recommending Vora as IDBI chairman,Politics & Government
Relief a mirage for drought-hit villagers,Weather & Disaster
Mukhi opposes govt move on CNG,Politics & Government
Buddha statue recovered; seven arrested,Crime & Law/Judiciary
Industry heads join hands with Water Man,Business & Economy
Bankers rediscover their youth here,Business & Economy
Tollygunge Aggragami enter quarter-finals,Sports
N-team off to Russia to finalise project,Sports
DelhiTimesbrIts better late than ever for Bollywood,Entertainment & Lifestyle
Auto-ancillary industry looks abroad for a fresh lease of life,Business & Economy
Official apathy hits Badi Gumbaz,Politics & Government
Cong; SAD trade charges,Business & Economy
CPMT exams may run into rough weather,Weather & Disaster
Kannada Retrospective yet to make headway,"Society, Religion & Culture"
Nutraceutical co. British Biologicals to enter UK,International/World
Inflation rises to 5.22%,Business & Economy
New train services from Wednesday,Business & Economy
Governing military areas an arduous task,Defence & Security
HSBC to launch new services,Business & Economy
Potter painters miss out on millions,"Society, Religion & Culture"
Three illegal phone exchanges raided,Crime & Law/Judiciary
Officials told to review land acquisition cases,Politics & Government
CM; Joshi locked in star wars,Politics & Government
Music for the monsoon,Weather & Disaster
Mangalore-Mumbai express bus service to resume,Business & Economy
Congress banners make BCC glower,Politics & Government
World Photography Day celebrated,International/World
Infosys; Reliance most admired companies,Business & Economy
Delhi govt plans 10% sales tax on CNG,Business & Economy
CVC favours US model capital market,Business & Economy
Hearing impairment proves no bar to academic success,Crime & Law/Judiciary
In the business of livelihood,Business & Economy
CM to visit Huliyurdurga,International/World
Abdullah urges Hindu migrants to return home,"Society, Religion & Culture"
Deeniyat teacher's meet on August 21,Education & Recruitment
DU becoming popular among Asian students,Education & Recruitment
PM talks tough; wins over RSS,Politics & Government
Akshaye Khanna: Party?... Why Not!,Politics & Government
Policemen facing trial may get help: Advani,Politics & Government
13 die after taking herbal medicine in Andhra,Health
BJP to gherao CM,Politics & Government
Entry of foreign goods: Goa SSI teeters on the brink,International/World
Govt gears up to fight slowdown,Politics & Government
The CM's inbox is full,Politics & Government
CITY SCANBRAction committee,Politics & Government
4 Al-Umma activists held,Politics & Government
Can the govt balance madrasah tightrope?,Politics & Government
Global slump to drag exports to 2.7% in 2002,Business & Economy
In the world of ideas; there is no retirement,International/World
CPM leader killed in Tripura,Crime & Law/Judiciary
Plea to save elephants,Crime & Law/Judiciary
Police crack 6 murder cases in record time,Crime & Law/Judiciary
Bhutan Prince to visit Bangalore,International/World
Audience breathes life into Howrah stage,Entertainment & Lifestyle
Anant to open 'Atham' festivities,"Society, Religion & Culture"
Song contest held,Entertainment & Lifestyle
Cinema's New Scope,Entertainment & Lifestyle
PM plans operation to arrest economic slowdown,Crime & Law/Judiciary
DHARKERS DILEMMAbrWhose dream Whose team,Sports
Politician among 4 held for dacoity,Politics & Government
CM must use merit wand as disciplining stick,Politics & Government
Man killed for breaking specs; accused held,Crime & Law/Judiciary
Aparna Popat to train with Ganguly Prasad,Weather & Disaster
Centre mulls ban on CNG conversion of private vehicles,Politics & Government
Kashmiri Pandits demand security in Jammu,Defence & Security
Action with vision can change the world,International/World
Engineers threaten strike,Politics & Government
Burnt holy books buried in Pander mosque,"Society, Religion & Culture"
Ailing Jaipur elephants to get NGO care,"Society, Religion & Culture"
'Detoxed' role models inspire street kids,Education & Recruitment
INA veteran recalls larger-than-life leader,Entertainment & Lifestyle
Bangalore is our priority: DGP,Politics & Government
Water scarcity: JD(S) to gherao CM,Politics & Government
Umed plans indefinite fast to demand CBI probe,Crime & Law/Judiciary
Pests; neglect play bookworm in University library,Education & Recruitment
The green judge,Crime & Law/Judiciary
Consult us before lending to sugarcane units; Govt tells FIs,Politics & Government
I am confident of UP BJP: Advani,Politics & Government
Amnesty for security forces soon: Advani,Politics & Government
NHRC to probe extortion for torture-free jail stay,Crime & Law/Judiciary
Enumerators will visit afresh to revise voters' list,International/World
Ramu suddenly offered me Company,Business & Economy
Violation of rly rules led to Jamui mishap,Crime & Law/Judiciary
Panja may get berth in Union ministry: Krishnamurthy,Politics & Government
Vasant Vihar murder solved; husband held,Crime & Law/Judiciary
FIPB spikes Skoda proposal to import Octavia CBUs,Business & Economy
Minister against Kannada-medium schools,Politics & Government
Caste is not Race But; Let's Go to the UN Forum Anyway,"Society, Religion & Culture"
Mangalore-Mumbai service from today,Business & Economy
Enron; AES issues dent India's image: US regulator,International/World
Govt not to take up Jala Samvardhane now,Politics & Government
AES accuses Orissa govt of interference,Politics & Government
Pioneer may hike stake in MF firm,Business & Economy
Vajpayee govt steeped in corruption: Sonia,Politics & Government
Nine Pak soldiers killed in Rajouri,Crime & Law/Judiciary
11% of insect sample tests positive for dengue,Sports
SEC tariff revision caught in legal quagmire,Crime & Law/Judiciary
All's well...that starts with Tihar Jail?,Crime & Law/Judiciary
Death toll in Ukraine mine blast rises to 36,Weather & Disaster
Tale of a dying community,"Society, Religion & Culture"
Bollywood audience wants change,Entertainment & Lifestyle
DMK trying to topple AIADMK govt,Politics & Government
Short on dollars? Make Russia your destination,International/World
Does Ganpati want fish killed?,Crime & Law/Judiciary
Intricacies of earth science thrill school children,Education & Recruitment
Greens say no to coloured Ganeshas,"Society, Religion & Culture"
Vittal in favour of US style capital market,Business & Economy
Those who didn't wait for the govt,Politics & Government
NGO launches website for Goan diaspora,"Society, Religion & Culture"
Yaseen Malik granted bail,Crime & Law/Judiciary
Octroi issue: Beopar Mandal to hold rallies,Politics & Government
Govt schools carry on sans power; toilets,Politics & Government
Priest; servant suspects in Gill's murder,Crime & Law/Judiciary
Customers can use any email service provider: VSNL,Business & Economy
High Court issues notices to VMC; govt,Crime & Law/Judiciary
Officer convicted of pocketing dole,Crime & Law/Judiciary
From PLT; with love to Utpal Dutt,Entertainment & Lifestyle
Let's rock 'n roll,Defence & Security
Tribals stand as one at meet,"Society, Religion & Culture"
I feel helpless as I have no proof of the marriage,Entertainment & Lifestyle
A charming blend of tradition and modernity,"Society, Religion & Culture"
India festival to begin on Sept 21,"Society, Religion & Culture"
RSS; US corporates share success recipe,Business & Economy
Neela is a bridge film,Entertainment & Lifestyle
Birth of a painter amid the chaos,Health
States to bear brunt of Industrial Act changes,Politics & Government
Sonia flays Centre on dalit atrocities,"Society, Religion & Culture"
Nominations for Z-Gold music awards announced,Entertainment & Lifestyle
Infertility; a cause in search of a celebrity,Entertainment & Lifestyle
Shark encounter: Untold story of a soldier,Defence & Security
Hoechst to outpace others in profit by Q1 2004,Business & Economy
In Mumbai; most campus music flows into oblivion,Entertainment & Lifestyle
FICCI regulation are a hurdle for FDI projects,Business & Economy
Woman set afire by husband,"Society, Religion & Culture"
H C asks for inquiry into facilities for leprosy patients,Crime & Law/Judiciary
IFCI cheated; Usha chairman in CBI net,Crime & Law/Judiciary
Endangering students' lives,Education & Recruitment
Govt to provide Rs 130 cr relief to Paradeep Phosphates,Politics & Government
Pest control joins the rat race,Sports
ISI calls the shots as Dawood targets Mumbai,Defence & Security
Centre sanctions fisheries project near Panaji,Politics & Government
Harmonise food laws; rationalise taxes: Task force,Business & Economy
APPSEF warns government against privatisaion of PSUs,Politics & Government
The painkiller,Health
UP; Uttaranchal problems get Centre's attention,Politics & Government
Horticulture trade has great future,Business & Economy
Rs 25 lakh loss in factory fire,Business & Economy
I have matured as an actress: Sushmita,Entertainment & Lifestyle
SACRED SPACEbrDivine Creation,"Society, Religion & Culture"
Public interference keeps us from nabbing miscreants,International/World
Cong satyagrah against Rajnath govt from Monday,Politics & Government
BJP seeks early decision from Supreme Court,Crime & Law/Judiciary
Mumbai Police steps up vigil following reports,Crime & Law/Judiciary
Tennis Superdad's Tough Act,Sports
Govt to set up National Commission for Children,Politics & Government
State-of-the-art hospital in Bhuj by Jan 2003,Health
Release water to Nalgonda; Guntur: CM,Politics & Government
Dist court denies bail to accused,Crime & Law/Judiciary
Rescind all pacts on river waters: IHRO,Weather & Disaster
Red alert in north Bihar against flood,Weather & Disaster
All eyes on SC for Jaya verdict,Health
Another temple theft at Adnem,Crime & Law/Judiciary
Minister justifies clearance to colleges,Politics & Government
Brain studies question efficacy of multi-tasking,Weather & Disaster
Mumbai doctor claims AIDS cure,Health
Punjabi theatre needs oxygen,Entertainment & Lifestyle
Meritorious students honoured with gold medals,Education & Recruitment
Poll duty staff want security,Politics & Government
When will Indian investors get independence?,Business & Economy
New development scheme in 3 months: Antony,Politics & Government
MP demands Act for landless labourers,Politics & Government
Stockmarket jobber; textile worker are endangered species,Business & Economy
Strict action against erring powermen: CM,Politics & Government
Ganpati Bappa visits Maharashtra from Wednesday,International/World
Giri to head HC bar bodies action panel,Politics & Government
MLAs arm-twist govt on school panel issue,Politics & Government
BJP not to give tickets to RS cross-voters,Politics & Government
Chance for Cong groups to test strength at week-end,Sports
SACRED SPACEbrExpanding Wants,"Society, Religion & Culture"
Rupee steady against dollar,Business & Economy
Engg. course aspirants relieved after admissions get under way,Education & Recruitment
Raise a personal loan against your property,Business & Economy
Lok adalat disposes 1;193 cases,Crime & Law/Judiciary
Nominations filed for lawyers' poll,Politics & Government
TV broadcasters play ball with soccer,Sports
No early hearing in Rajan Pillai case,Crime & Law/Judiciary
9 killed in landmine blast,Crime & Law/Judiciary
Executive body of DDU varsity re-constituted,Education & Recruitment
Women Don't Have to Pay Tax on Income upto Rs 80;000,Business & Economy
VHP to recruit 30 lakh youth in Bajrang Dal,Education & Recruitment
Innovative Indians have the world at their feet,International/World
Kalyani; Shyam Sunder emerge best athletes,Defence & Security
The world of knowledge worker,International/World
BJP pursuing anti-people policies,Politics & Government
LU might take action against courier service,Business & Economy
Man run over by army truck,Defence & Security
Modern hospital in Bhuj to be ready by Jan 2003,Health
Expert holligan spotters for World Cup,Sports
Two-day Sindhi festival starts,"Society, Religion & Culture"
'No interference with minorities' education',Education & Recruitment
India ready to discuss all trade issues: PM,Business & Economy
Approval to abortion clinic upsets residents,Health
Kuerten's sprained ribs hand Rafter Indy title,Weather & Disaster
Congress fires salvos at BJP,Politics & Government
Was Spice Cell reporting 'puffed up' subscriber numbers?,Politics & Government
Career in cruise catering,Education & Recruitment
Pak caught selling nuke technology,International/World
Pulse polio campaign needs follow-up,Health
Shark encounter: untold story of a soldier,Defence & Security
Buy Tiger biscuits; play cricket with Lagaan XI,Sports
DU becoming popular among Asian students,Education & Recruitment
High Court issues notices to VMC; govt,Crime & Law/Judiciary
Police officer vents ire in public,Crime & Law/Judiciary
HC scraps advance vehicle tax,Business & Economy
First book in Mahabharatha series ready,Entertainment & Lifestyle
World economy in simultaneous slump: Report,Business & Economy
Rs 45;397 cr FDI approved for telecom,Business & Economy
Summit Psychosis,International/World
Bhutan crown prince begins 11-day visit,International/World
Making education an enjoyable experience,Education & Recruitment
Passenger car sales maintain growth tempo in July,Business & Economy
DelhiTimesbrWhose dream Whose team,Sports
Cable's disabled; but life's still stable!,Entertainment & Lifestyle
MTNL official chargesheeted for misappropriation,Politics & Government
India second largest arms buyer: Report,Politics & Government
District court denies bail to accused,Crime & Law/Judiciary
IN BLACK AND WHITEbrDoes Reality TV stand a chance against soaps,Entertainment & Lifestyle
BJP tries to catch them young at Malhar,Politics & Government
STRAIGHT ANSWERSbrRandom checks to prevent admission anomalies,Education & Recruitment
Sinha seeks support of all parties to pass FRA bill,Politics & Government
Few student takers for IT in Bengal,Education & Recruitment
SP demands action against MNA,Politics & Government
Governor wants industry to help in job generation,Business & Economy
UK firm discovers oil in KG offshore,Business & Economy
CID probe ordered into Krushi bank scam,Business & Economy
10 cops killed in Andhra landmine blast,Crime & Law/Judiciary
Britain to recruit thousands of foreign doctors,International/World
Phoolan's first husband files case,Crime & Law/Judiciary
Course Correction,Education & Recruitment
Kidnapped child rescued; neighbour arrested,Crime & Law/Judiciary
Gujarat IPS officers train guns on babus,Weather & Disaster
Only Bollywood,Entertainment & Lifestyle
University toys with disaster mgmt course,Education & Recruitment
Cong satyagrah against Govt's failure,Politics & Government
Man killed by domestic help,Crime & Law/Judiciary
Centre; Assam formulating Bodo peace plans,Politics & Government
Ousted constable arrested for immolation attempt,Crime & Law/Judiciary
More funds for passenger safety in trains sought,Weather & Disaster
Power tariff should be based on benefits theory: Panel,Politics & Government
C'wealth meet gives marksmen chance to test,Sports
Payment seats in P-G courses next year,Education & Recruitment
No decision yet on Vajpayee-Musharraf meeting,Politics & Government
ISRO to spot talent on MSU campus,Education & Recruitment
Let us go shopping. Sometimes; It helps!,Defence & Security
Two persons sentenced to life terms,Entertainment & Lifestyle
Drought results in drop in Haj pilgrims,Weather & Disaster
UP Fin Corp lines up big cyber thrust,Business & Economy
Probe on; come again! Threat to NBRI director,Entertainment & Lifestyle
Royal idol-maker carries tradition into 21st century,"Society, Religion & Culture"
Centre for special powers but no autonomy to J&K,Politics & Government
College days were great: Rani,Education & Recruitment
Smoke and fire at US study centre,Politics & Government
It's raining 'Dream Teams' this monsoon,Weather & Disaster
PFA appeals to public to protect animal rights,Crime & Law/Judiciary
CITY SPORTBRSasi Kumar in summit clash,International/World
Sonia blames Centre for country's problems,Politics & Government
Book on military law released,Defence & Security
Guided missile corvette commissioned,Defence & Security
Man killed for breaking spectacles,Crime & Law/Judiciary
MPs' salary draw flak from Bengal politicians,Politics & Government
Police yet to achieve any breakthrough,Crime & Law/Judiciary
A school on the road in the hitech city,Education & Recruitment
City police ready to take on gangland capos,Crime & Law/Judiciary
Dawood's Hyderabad link,Defence & Security
I-T officials bunk office,Politics & Government
It's better late than ever for Bollywood,Entertainment & Lifestyle
PM wants A-I divestment hastened,Politics & Government
UTI's position under threat,Business & Economy
New Deal in Nepal,International/World
Girl abducted for refusing marriage,Entertainment & Lifestyle
Deshmukh likely to exempt wine-makers from tax net,Business & Economy
US curbs on technology may continue,International/World
Gamang does his bit for tribal music,Entertainment & Lifestyle
Govt to honour pacts with state staff,Politics & Government
Admissions enthuse North Gujarat University Notes,Education & Recruitment
Are retirement benefits exempt from tax?,Business & Economy
Activists issue warning to police top-brass,Crime & Law/Judiciary
EC directive not to affect BCC poll,Politics & Government
Improve living conditions in slums: minister,Politics & Government
Rains brighten prospects of Kharif crop,Weather & Disaster
Govt should ensure food for the hungry: SC,Politics & Government
MMCB issue taken up at BJP Lok Darbar,Politics & Government
Musharraf's bid to amend Constitution opposed,International/World
Amol Palekar; Actor & Film-Maker on his latest film Dhyaas-Parva's,Entertainment & Lifestyle
India denies Pak charge of border firing,Defence & Security
Mumbai keeps state fishing boats at anchor,Politics & Government
Undertrial killed,Crime & Law/Judiciary
BHU; NICFS sign MoU for crime free society,Crime & Law/Judiciary
Pak protests appointment of Reid as ATC referee,International/World
GF case adjourned,Crime & Law/Judiciary
Students suffer as DU karmachari strike extended,Education & Recruitment
Buddhist stupa rises in the Rockies,"Society, Religion & Culture"
Bangladesh gears up for Jatiya Sansad polls,Politics & Government
SEC tariff revision caught in legal quagmire,Crime & Law/Judiciary
12 ultras; armyman killed in J & K,Crime & Law/Judiciary
The fixed deposit market is now looking at mutual funds,Business & Economy
SACRED SPACEbrParsi New Years Day,"Society, Religion & Culture"
Pvt players to be covered under broadcasting code,Sports
Narain Karthikeyan: Catch him if you can!,Weather & Disaster
Nirupa Roy's bail plea case adjourned,Crime & Law/Judiciary
Advani to steer BJP's rath in UP,Politics & Government
Pak claim refuted,International/World
US senator pledges support to remove curbs,Politics & Government
SP criticises Centre for economy downturn,Politics & Government
BJP youth wing wants SIMI banned,Politics & Government
Insurance provides nothing but a peace of mind,Business & Economy
Last-minute intervention 'saved' Cong Dalit rally,"Society, Religion & Culture"
Women on Top,"Society, Religion & Culture"
India could exploit US-EU differences,International/World
Gambling den busted,Crime & Law/Judiciary
Rain is good news for Mehsana,Weather & Disaster
Bus operators lose court battle,Crime & Law/Judiciary
BJP backs amnesty to security forces,Politics & Government
Police solve twin murders,Crime & Law/Judiciary
Faizabad is polio-free; claims expert,Health
School for Socialism,Education & Recruitment
Special training courses for masons,Education & Recruitment
Ajit Panja will have a berth in ministry,Politics & Government
Film on Phoolan Devi's life,Entertainment & Lifestyle
At your service; sir,Business & Economy
Britain to recruit thousands of foreign doctors,International/World
Music for the monsoon,Weather & Disaster
New digital hearing aid introduced,Crime & Law/Judiciary
World's largest moon-cake debuts in China,International/World
NN employees resort to strike,Politics & Government
Planned investment is the key,Business & Economy
One killed; 3 injured in mishap,Crime & Law/Judiciary
State govt's duty to check CNG vehicles: Centre,Politics & Government
Maid's murder: HC raps police; acquits accused,Crime & Law/Judiciary
Hotel Corp selloff runs into deadlock,Business & Economy
Real-life 'Free Willy' needs call of the wild,Entertainment & Lifestyle
Pak to fight India in every event in SAF games,International/World
The Art of Karate-Do,Entertainment & Lifestyle
SIMI lashes out Advani's remarks,Politics & Government
N-E tribals behind elephant poaching in Bengal,"Society, Religion & Culture"
The faces that shaped M S University,Education & Recruitment
Pioneer may hike stake in MF firm,Business & Economy
CPM forms strategy for panchayat polls,Politics & Government
GMORNING PUNEbrSen and the art of tapping,Entertainment & Lifestyle
Earn through Tax Management,Business & Economy
Sudhakaran gets bail in heroin cases,Crime & Law/Judiciary
It's official now!,Politics & Government
US to ease sanctions against Pakistan too,International/World
SIMI Malegaon unit president in police custody,Crime & Law/Judiciary
Governor wants industry to help in job generation,Business & Economy
A pill a week; malaria weak!,Health
Arrest Mataurha killers immediately: BPCC,Crime & Law/Judiciary
Windriver's develops OS for DSPs,Weather & Disaster
Swedish documents on Bofors 'old'; reveals CBI,Crime & Law/Judiciary
Dilution of state power suggested,Politics & Government
SACRED SPACEbrVinayaka Chathurthi,"Society, Religion & Culture"
Silence please Teachers coming,Education & Recruitment
MPCC to accept panel's report on fund collection,Politics & Government
Paisa do; admission lo,Education & Recruitment
Patients made to vanish on Malaria Day,Health
Dalit MLAs raise their voice in Jharkhand assembly,Politics & Government
Sensex closes at 3297.47,Business & Economy
'Computer games don't help develop all brain areas',Weather & Disaster
Gaya Ayurved Medical College crying for sanjeevani,Health
Protests in Kerala against Hurriyat leaders' visit,International/World
Marginal poll violence in coastal districts,Politics & Government
Teachers protest 'faulty' pay revision,Education & Recruitment
BARC association polls will be held on August 23,Politics & Government
ANGRAU to introduce 3 PG courses,Education & Recruitment
Patent only for 3 basmati strains: US,Weather & Disaster
Our govt is better than previous ones: Rabri,Politics & Government
This surgery can give you back your hand,Health
Diagnostic centres fail to take note of ban,Politics & Government
Students storm Abdullah's meeting venue,Education & Recruitment
Zoo black bucks changing colour,Crime & Law/Judiciary
280 TV sets looted,Entertainment & Lifestyle
Work completed on Malout institute,Defence & Security
Patent only for 3 basmati strains: US,Weather & Disaster
Sonia charges NDA Govt with all-round failure,Politics & Government
CM ignores minister for a crucial meeting,Politics & Government
Bangalore may host Asian Basketball Championship,Sports
Amnesty to security personnel unconstitutional,Defence & Security
ChandigarhTimesbrKarandips cup of joy runneth over,Sports
US for Indo-Pak dialogue on Kashmir,International/World
Students give the go-by to IT,Education & Recruitment
CID to probe Krushi Bank scam,Business & Economy
Nailing a criminal the DNA way,Crime & Law/Judiciary
3-D mythological film; now at a cinema near you,Entertainment & Lifestyle
Finance panel report on local bodies by year end,Politics & Government
Bandh to protest cow deaths,Sports
Parliament approves Pre-Natal Diagnostic Techniques (Amendment) Bill,Politics & Government
India for necessary adjustments in Indo-Nepal trade treaty,International/World
Train blast suspects let off,Weather & Disaster
For Generation Next; politics is still a dirty career,Politics & Government
A Sheffield waiting to arrive,Sports
Hold early local bodies' polls or face President's rule: HC,Politics & Government
Drought relief: 1;280 tonnes rice; wheat for Haveri,Weather & Disaster
Village defence units being propped up,Defence & Security
Cable's disabled; but life's still stable!,Entertainment & Lifestyle
Sports policy formulated,Politics & Government
Advani to hold talks with Jaitely on rights violation cases,Politics & Government
Parsi new year,"Society, Religion & Culture"
By Ganesha; what 81-year-old Deryck does BEST,"Society, Religion & Culture"
Give up water share: Congress,Politics & Government
ANGRAU to introduce 3 PG courses,Education & Recruitment
Teaching woman cops to handle life the right way,Entertainment & Lifestyle
Power pact: Govt blasts Left criticism,Politics & Government
Army chief to visit Singapore; Japan,Defence & Security
Protest against police inaction,Crime & Law/Judiciary
Vijay Aggarwal replies to CBI plea seeking bail cancellation,Crime & Law/Judiciary
50 cheap Amul pizza outlets set to open in city,Defence & Security
Senior BJP leaders begin tour of constituencies,Politics & Government
23 killed in LTTE attack on police station,Crime & Law/Judiciary
China launches NGO to promote disarmament,International/World
States to blame for starvation: Shanta,Politics & Government
Hearing of Tyagi's bail petition adjourned,Crime & Law/Judiciary
2 arrested for dealing in stolen cars,Crime & Law/Judiciary
AGP executive meeting blames Congress,Politics & Government
Love Pangs,Entertainment & Lifestyle
94 taluks get Rs 1 crore central drought aid,Weather & Disaster
Loyola's continues with Saturday school,Education & Recruitment
BombayTimesbrAround the world on one engine,International/World
RSP minister rapped,Politics & Government
It's Advani-Rajnath duo Vs VP-Mulayam-Basu trio in UP,Politics & Government
CBI seeks copy of Ardbo's statement in Sweden,Crime & Law/Judiciary
IMA urges govt to set up regulatory body,Politics & Government
Churchill enter quarter-finals,Sports
Prices of essential goods to be reduced,Business & Economy
Mite or no; tender coconut is healthy,Health
Eat; drink and be merry this Parsi New Year,"Society, Religion & Culture"
Union Cabinet's weekly meeting cancelled,Politics & Government
Ramrakhiani drifted away from BJP while still in service,Politics & Government
BoR eyes Rs 80 cr net; plans to recover Rs 80-85 cr NPAs,Health
Taking the pain away from patients,Health
Constables recruitment,Education & Recruitment
Amarsinh frowns at unofficial meets,Politics & Government
Rain is good news for Mehsana; but flooded gutters and.....?,Weather & Disaster
Suspension of classes in Science College resented,Education & Recruitment
Angry Opposition objects to PM's remarks,Politics & Government
DELAYRELAYbrIts better late than ever for Bollywood,Entertainment & Lifestyle
Minister flays closure of Dunlop unit,Politics & Government
Parsi New Year's Day,"Society, Religion & Culture"
Top ten firms post Rs 900 cr loss in Q1,Business & Economy
An artist who came out with flying colours,Entertainment & Lifestyle
Special team to Delhi,Sports
Roaming between AP; TN for state customers,Politics & Government
Govt. stand on LPG fuels fresh debate,Politics & Government
Ground work for municipal polls will be over by Sept 30,Politics & Government
FIR against welfare officer for bungling,Crime & Law/Judiciary
Ousted constable arrested for immolation attempt,Crime & Law/Judiciary
Career Carats jewellery collection launched,Education & Recruitment
BitterHalvesbr Till courts do us part,Crime & Law/Judiciary
SIMI says Advani's charges baseless,Politics & Government
One killed; three injured in mishap,Crime & Law/Judiciary
Bill on seats freeze passed in LS,Politics & Government
Committee probe on Yeleru ruled out,Politics & Government
'TDP's secret agenda to eliminate Congress leaders',Politics & Government
Dara; jail inmates withdraw hunger strike,Crime & Law/Judiciary
MTNL mobile roaming facilities in other states,Politics & Government
Love HURTS,Entertainment & Lifestyle
Ministers have ignored drought-hit,Weather & Disaster
Three Japanese firms may work on Boeing's sonic jet,Business & Economy
Nirankaris spread truth; love and peace,Entertainment & Lifestyle
Bill to set up delimitation panel: Advani,Politics & Government
Cong denies hand in Mahanta marriage controversy,Entertainment & Lifestyle
Case against Adnan Sami; two others,Crime & Law/Judiciary
HC clears college teachers' appointment,Education & Recruitment
China discovers large gas; oil field in Tibet,International/World
Five women meet watery grave,"Society, Religion & Culture"
Student wing of Apna Dal to organise rally tomorrow,Education & Recruitment
Move to revive drug advisory panel,Politics & Government
Pierce Brosnan funds Tibetan school,Education & Recruitment
Govt to involve film stars in health drive,Politics & Government
Electronic eye which reached a dead end,Health
Govts have hindered tribal developments,"Society, Religion & Culture"
Can astrology help heart patients?,Health
Teacher posts have no takers,Education & Recruitment
Nehruvian era shades Indo-US relations,International/World
Govt under no pressure from any industrial house,Politics & Government
Avoid Dadar beach for Ganesh immersion: BMC,"Society, Religion & Culture"
Assembly session,Politics & Government
KPTC books 182 cases in drive,Crime & Law/Judiciary
SOG role under cloud in custody death case,Crime & Law/Judiciary
Bill to remove cap on FCI borrowings approved,Politics & Government
STRAIGHT ANSWERSbrAnil Kapoor on why his film Nayak has been delayed,Entertainment & Lifestyle
Congress demands PM's resignation,Politics & Government
Anand wins Strong Open Tournament in Spain,Health
Railways; A-I in semi-finals,Business & Economy
UGC move over Sanskrit teachers flayed,Education & Recruitment
Bar girl had visited Dubai,International/World
CM urged to sort out SSI units' problems,Politics & Government
It's better late than ever for Bollywood,Entertainment & Lifestyle
Mumbai keeps state fishing boats at anchor,Politics & Government
Amnesty idea not workable: Law ministry,Politics & Government
Robbers strike at 2 villages; injure 3,Politics & Government
STUDY CENTRALbrMail Time,Politics & Government
Govt allays fears over basmati patent,Politics & Government
Ved Vyas honoured with Mahakavi Bihari Puraskar,Entertainment & Lifestyle
UPSC candidates plea for change in exam dates,Crime & Law/Judiciary
Centre assures to meet CNG requirement,Politics & Government
FIPB okays 29 FDI proposals worth Rs 135 cr,Business & Economy
Social activists robbed,Politics & Government
Fiscal; other reforms to earn incentive money from Centre,Business & Economy
Auto parts makers look at China for buyouts,International/World
Last phase of panchayat poll turns violent in Guntur,Politics & Government
Pierce funds Tibetan school,Education & Recruitment
More former officials may take the Ramrakhiani route,Politics & Government
Pak pushing in more Kashmiri ultras,International/World
BDA chief asked to file report on green belt encroachment,Politics & Government
Farmers in for tough time as five dists face drought in West Bengal,Weather & Disaster
Another reshuffle of IAS officers in state,Politics & Government
Steps to ease PU fiscal crisis,Business & Economy
Children to take part in UN General Assembly,Politics & Government
NPAs of nationalised banks touch Rs 61;416 cr,Business & Economy
Militant groups resist ban on fund collections,Defence & Security
NET SOLUTIONbrCyber security is the best business today,Business & Economy
ISI calls the shots as Dawood targets Mumbai,Defence & Security
Jammu gets AIDS helpline,Health
2 killed in petrol pump burglary,Crime & Law/Judiciary
Candidates named for PUTA poll,Politics & Government
GPO renovations are finally underway,Sports
Plea to cancel former SDM's bail,Crime & Law/Judiciary
5 killed in house collapse,Crime & Law/Judiciary
Railways whizz past NCA; move into semis,Business & Economy
Left warns Deshmukh govt Get us right or else,Politics & Government
FEEDBACKbrStrengthen police force,Crime & Law/Judiciary
Laloo's back in national politics?,Politics & Government
Muslim women slam fatwa on burqa,"Society, Religion & Culture"
We Need A War,Defence & Security
Principal canes student; fractures his hand,Education & Recruitment
Centre for liver study opened,Politics & Government
BJP leader shot at,Politics & Government
Laloo has no love lost for media,Entertainment & Lifestyle
Order can't block Basmati exports,Business & Economy
In jail; toothbrushes and spoons are weapons,Crime & Law/Judiciary
SC summons Orissa chief secy over filth in Puri,Crime & Law/Judiciary
APCC chief to finalise executive body today,Sports
15 killed in J&K; infiltration bid foiled,Defence & Security
Finance ministers lambast Centre,Politics & Government
Upsurge in state literacy,Politics & Government
Former minister Rawel Singh is dead,Politics & Government
Rabri inaugurates employment exchange for women,"Society, Religion & Culture"
BIA for anti-dumping duty on imports from Nepal,Business & Economy
State to crack land law whip,Politics & Government
An artist who came out with flying colours,Entertainment & Lifestyle
Intricacies of earth science thrill school children,Education & Recruitment
A case in point,Crime & Law/Judiciary
Congress factions remember Rajiv together,Politics & Government
SSLC student's body found buried,Education & Recruitment
THE SPEAKING TREEbrGanesha Symbolises The Supreme Truth z,"Society, Religion & Culture"
ISRO to spot talent on MSU campus,Education & Recruitment
Elections to be held this year; says Badal,Politics & Government
AWWA organises meet on AIDS,Health
Can astrology help heart patients?,Health
Rs 17 lakh robbed from staff of fruit firm,Business & Economy
Indians go into 2nd Test with backs against wall,Sports
Police to detect source of Shakeel attack rumour,Crime & Law/Judiciary
Bandh disrupts life in Meghalaya districts,Entertainment & Lifestyle
Vehicle thief arrested,Crime & Law/Judiciary
Fardeen Khan urges court to return his car,Crime & Law/Judiciary
IMA; minister differ on family welfare measures,Politics & Government
Panel unable to find meeting point with Enron,Politics & Government
PM wants A-I divestment hastened,Politics & Government
State aims to benefit 18 lakh under watershed project,Politics & Government
All-women canteen gives food for thought,"Society, Religion & Culture"
Dandupalya mode of killing followed in 2 murders,Crime & Law/Judiciary
TP to declare Sakleshpur as drought hit,Weather & Disaster
Krishna govt is ignoring drought: Tanga,Politics & Government
Death in hospital: FIR registered,Crime & Law/Judiciary
CD on ex-CM Koya released,Politics & Government
Making education an enjoyable experience,Education & Recruitment
CGHS doctors asked to report early,Health
Curfew at Sheikhpura as 1 killed in police firing,Crime & Law/Judiciary
Payment seats in PG courses next year,Education & Recruitment
CBI counsel given time to seek instruction,Crime & Law/Judiciary
India pioneered in study of bio-informatics,Education & Recruitment
Panja will get Cabinet berth if Mamata does: Jana,Politics & Government
India wants Nepal trade treaty reviewed,International/World
National malaria control mission failed: expert,Health
Injuction against marketing Cefuroximine vacated,Business & Economy
Nehru Yuva to fight malaria,Health
Mumbai students to participate in intl science project,Education & Recruitment
Mulayam flays Vajpayee; Rajnath govts,Politics & Government
MC accused of including posh localities slums list,Crime & Law/Judiciary
Govt monitoring situation in Kargil,Politics & Government
'Married' girls pull wool over authorities' eyes,Health
US for dialogue between Lankan govt; LTTE,Politics & Government
Dacoits strike terror near Bangalore,Defence & Security
Sebi proposes; CBI disposes,Crime & Law/Judiciary
IT to be made compulsory in Chinese schools,Education & Recruitment
Lok Ayukta to get more teeth to fight corruption,Crime & Law/Judiciary
Top TDP; Congress leaders bite the dust,Politics & Government
PM's announcement of early polls shocks NC,Politics & Government
Pak steps up firing along LoC,International/World
All the world's a temple,"Society, Religion & Culture"
Weapon used in Guru Satam gang killing inspected,Crime & Law/Judiciary
Blind students left in the lurch,Education & Recruitment
Over 250 militants arrested in Pak crackdown,Crime & Law/Judiciary
'I'M A MUSICIAN AND WE SHOULD BE TALKING ABOUT MUSIC',Entertainment & Lifestyle
RSS; church agree on regular dialogue,"Society, Religion & Culture"
CM holds meet to discuss salaries of judges,Crime & Law/Judiciary
4 killed; 8 hurt as criminal tribe strikes again,Crime & Law/Judiciary
AIDS Awareness Drive - Timepass?,Health
Britain's super computer,International/World
Indian deal spurs MiG-29 display: Report,Politics & Government
Govt for more independent directors on Sebi board,Politics & Government
Statute panel's recipe for clean governance,Politics & Government
PCB to react on India's pullout after hearing from BCCI,Crime & Law/Judiciary
Stock scam JPC gets extension,Business & Economy
Plan to boost police telecom,Crime & Law/Judiciary
Jharkhand assembly to introduce 30-minute CM question hour,Politics & Government
Pentagon resumes limited exchanges with China,International/World
Man dies for love; held for murder,Crime & Law/Judiciary
Prince of Praise catches eyes,International/World
Gastroenteritis claims child's life,Entertainment & Lifestyle
PM sought extradition of IC-814 hijackers,"Society, Religion & Culture"
Auto parts industry pens a survival agenda,Business & Economy
Dungarpur comments may raise a storm at BCCI meeting,Weather & Disaster
Tehelka panel takes grim view of news reports,Politics & Government
Training for Sikh youth,Weather & Disaster
HC wants Centre to consider plea for ban on NBA,Crime & Law/Judiciary
Indian deal spurs MIG-29 display: Report,Politics & Government
Basmati is ours; say India; Pak,International/World
Govt to induct more independent directors on SEBI board,Politics & Government
Top-10 IT firms log Rs 2;600-cr profit,Business & Economy
Take steps to check power theft: Chautala,Crime & Law/Judiciary
Chip makers fight price war,Defence & Security
2 killed; 4 injured in accidents,Crime & Law/Judiciary
CM Solves: 'No need to suspend CMEY programme',Politics & Government
Parsis ring in new year,"Society, Religion & Culture"
PM raised IA hijackers' extradition with Musharraf,International/World
Zoo lions set to head for Vizag by train,Weather & Disaster
Players wanted to skip Asian Test tournament,Sports
The ten best dressed women in the world,"Society, Religion & Culture"
UT police objections on flyover overruled,Crime & Law/Judiciary
No funds to maintain libraries in colleges,Education & Recruitment
Taliban gets a coat of Maoist red in Nepal,International/World
Sitara Bank makes a quiet exit,Business & Economy
BPCL plans petroleum product exports to Bangladesh,Business & Economy
Rock formations depicting Lord Ganesha; Hanuman found,"Society, Religion & Culture"
Vadodara cricket burning bright again,Sports
Sukh Ram's reasons keep changing with the seasons,Crime & Law/Judiciary
Govt property on sale in Punjab,Politics & Government
Musharraf asked to explain jehad policy,International/World
Separate economic offences arm of CBI,Crime & Law/Judiciary
Participant in conspiracy liable for crime: SC,Crime & Law/Judiciary
Congress will remain with RJD: Prasad,Politics & Government
Russians held for collecting insects granted bail,Crime & Law/Judiciary
Tehelka brings Parliament to a halt again,Politics & Government
US asks Russia to agree ABM treaty changes by Nov,International/World
Congress fears on scheme allayed,Politics & Government
Mangalore Theosophical Society turns 100,"Society, Religion & Culture"
Teachers must facilitate public opinion,Education & Recruitment
Police station attack marked rape aniversary: LTTE,Crime & Law/Judiciary
Samata joins hands with NCP; others for by-elections,Politics & Government
CM promises houses for homeless,Politics & Government
Half of adult deaths in SA due to AIDS: Report,Health
Jaya Jaitley demands Tehelka members' arrest,Crime & Law/Judiciary
Slowdown stagnates real estate markets worldwide,Business & Economy
Stray showers in Dakshina Kannada,"Society, Religion & Culture"
Noted Marathi actor Sharad Talwalkar passes away,Entertainment & Lifestyle
SC asks Centre about status of anti-tobacco Bill,Politics & Government
Sex in Armsgate shakes Army,Defence & Security
J&K Cong calls for bandh against Advani's amnesty plan,Politics & Government
Dubai woos Indian media companies,Business & Economy
49 pc docs trained at AIIMS left for abroad,Weather & Disaster
Workshop to focus on uplift of slum women,Education & Recruitment
Usha withdraws as Railway coach,Sports
Downturn in real estate; housing activities,Politics & Government
Poll panel notifies byelections in Siddipet; Vuyyur,Politics & Government
Website on Dawood intrigues police,Crime & Law/Judiciary
NHRC report confirms govt delay in quake rehab,Politics & Government
Anaida to be Hollywood's next babe!,Entertainment & Lifestyle
Pak assails India's relief plan for soldiers,Defence & Security
Chandrika pulls up minister for irregularities,Politics & Government
Ganesh festival at Jeeyar Trust,"Society, Religion & Culture"
New process may reduce life of N-waste,Entertainment & Lifestyle
Vandalism had its fair share in bandh,Business & Economy
No ticket to criminals: SP,Politics & Government
India; China hold bilateral talks on education,Education & Recruitment
Govt to review Factories Act,Politics & Government
IMA meet on handling diseases in pregnancy,Health
Ganesh organisers warned against forcible collections,"Society, Religion & Culture"
IIIT declared a deemed varsity,Education & Recruitment
NBFCs sank with Rs 1;785 crore in deposits,Business & Economy
Transfer pricing norms to tax international deals,Business & Economy
One killed in Baghpat police firing,Crime & Law/Judiciary
New Zealand A to meet Railways in semifinal,Business & Economy
Political infighting deprives Udaipur of DD Studio,Politics & Government
Female power stuns rowdy LU students,Education & Recruitment
Bill to settle alimony in 60 days passed,Politics & Government
AG asked about status of bill on cigarettes,Politics & Government
Hurriyat executive panel meets today,Politics & Government
APCC president accused of encouraging dissidence,Crime & Law/Judiciary
LCP chief flays 'politics of blackmailing',Politics & Government
Seminar on life fitness industry,Business & Economy
Tehelka committed a crime against the country,Crime & Law/Judiciary
Mayor inspects localities on civic complaints,Politics & Government
US for dialogue between Lankan govt; LTTE,Politics & Government
Bomb explosion rocks PoK capital; 8 injured,Defence & Security
Citizenship issue in Nepal to be resolved soon,International/World
Oxen caught in tussle between officialdom,Politics & Government
HC order blows lid on favouritism in Punjab police,Crime & Law/Judiciary
Conference on disaster prevention,Weather & Disaster
There are holes in Tehelka tapes; panel told,Politics & Government
Defence ministry tightlipped on MiG claim,Politics & Government
Resentment over election of 'LCP' new state chief,Politics & Government
No mysterious lady in Kargil: Govt,Politics & Government
Writ petition on Gadar dismissed,Crime & Law/Judiciary
WIFE-BEATING: The statistics tell a story of pain,Health
Cong accuses govt of failing to distribute Central rice,Politics & Government
Govt to create new top posts in 11 districts,Politics & Government
Wedding belles,Entertainment & Lifestyle
Dentist; car service or b'day cakes: all in the virtual mart,Business & Economy
RLD to go it alone in Assembly polls,Politics & Government
3 killed in J&K; 2 jawans hurt in blast,Crime & Law/Judiciary
State staff's strike today,Politics & Government
CM finally agrees to abolish octroi,Politics & Government
TC seeks central intervention in West Bengal,Politics & Government
Amnesty to security forces discussed,Defence & Security
TDP protests CPM attack,Sports
Hall tickets for DSC exam despatched,Education & Recruitment
Krushi bank vice chairman held,Business & Economy
Pak wants ICC Mini World Cup out of India,Sports
More defence officials involved in 'spy rap',Politics & Government
Evidence against Telhelka weak : Delhi Police,Crime & Law/Judiciary
Trinamul MLAs rue lack of policy initiative,Politics & Government
Free grain for old destitutes from September,Weather & Disaster
Contempt and punishment: the times are changing,Crime & Law/Judiciary
India placed in pool B; ranked 14th in World Cup,Sports
Judge files petition seeking transfer of case,Crime & Law/Judiciary
Tripura first N-E state to have Kolkata cardiac facility,Politics & Government
Two held for fraud in 'Shagun' case,Crime & Law/Judiciary
Leather Tech Park in Unnao nearing completion,Defence & Security
Congress resorting to destructive tactics,Politics & Government
Police dept deposited money in tainted bank,Crime & Law/Judiciary
Seven fatal drowning cases in Bhavnagar,Crime & Law/Judiciary
Are indigenous industries threatened by removal of QRs?,Business & Economy
Making Ganesh Puja a social festival,"Society, Religion & Culture"
Status quo in MLNM College case,Education & Recruitment
Helicoptor patrol for Ganesha festival,"Society, Religion & Culture"
Five districts in WB facing a drought,Weather & Disaster
Increased heart attack risk from Celebrex; Vioxx,Health
Primetime TV gets more interactive,Entertainment & Lifestyle
National gallery for ancient art to be set up in Kerala,Entertainment & Lifestyle
India Gate dharnas keep police on toes,Crime & Law/Judiciary
Govt threatens action against Tehelka,Politics & Government
Pre-sea training course for mech engineers,Education & Recruitment
Punjab plans IIT,Education & Recruitment
HC calls for CBI chargesheet in Ramesh Kini case,Crime & Law/Judiciary
Panel; govt deny role in Tehelka leak,Politics & Government
PM to inaugurate exhibition of Nizam's jewels,Politics & Government
11 killed in train-three wheeler collision,Crime & Law/Judiciary
Lighten the load; says the new school of thought,Education & Recruitment
Two criminals killed,Crime & Law/Judiciary
MSU students leaders prevent freshmen from entering classes,Education & Recruitment
Krishna elected ABJ state unit president,Politics & Government
Man escapes from police lockup with two sophisticated firearms,Crime & Law/Judiciary
Students for more inter-faculty interaction,Education & Recruitment
Clay idols do brisk business,Business & Economy
Ganesha has PM; Musharraf for company,International/World
Indiatimes sings a 'Swing' song,Entertainment & Lifestyle
Politician triumphs in GEB power games,Politics & Government
Steel exports register 5% growth in April-July,Business & Economy
Gallantry awards for Servicesmen,Business & Economy
Supplementary students find it tough to catch up with syllabus,Education & Recruitment
Amnesty will boost morale of security forces in J&K,Defence & Security
Technological shift unaccompanied by training,Weather & Disaster
Delimitation Bill gets parliamentary nod,Politics & Government
Two Paise WorthbrDat Tingoo Chappie,"Society, Religion & Culture"
NGO protests GB Road raid,Crime & Law/Judiciary
Govt awaiting RBI guidelines on SSI,Politics & Government
Book on ISI creates stir in official circles,Politics & Government
PM concerned at Baghpat firing,Politics & Government
City BriefsbrInter school cross country race,Education & Recruitment
Women's moves to new communities has left mark on gene pool,"Society, Religion & Culture"
AMC's cattle drive may be next victim of pork-barrel politics,Politics & Government
LDF MLAs protest downsizing of KSRTC,Sports
Pradesh Congress training camp gets underway,Politics & Government
7 children run over by train in Bihar,Weather & Disaster
Colourful Ganeshas adorn city streets,"Society, Religion & Culture"
DIG's wife ends life,Entertainment & Lifestyle
Case booked against Krushi chairman,Crime & Law/Judiciary
CPM wants govt to cancel all PPAs,Politics & Government
Jaya joins issue with Karuna on Assembly boycott,Politics & Government
Licence policy for air guns to be reviewed,Politics & Government
THE SPEAKING TREEbrLove is the Driving Force of Life,Entertainment & Lifestyle
Committee to examine documents regarding Netaji's disappearence,Politics & Government
For six city kids; the sky's the limit,Education & Recruitment
SFI flays communalisation of education,Education & Recruitment
Samata joins hands with NCP; others for by-elections,Politics & Government
Subhash Chandra dilutes stake in Zee,Business & Economy
DHARKERS DILEMMABRWhose dream Whose team,Sports
15 dead as LTTE attack Lankan military camp,Defence & Security
A joint birthday bash!,Entertainment & Lifestyle
Fishermen delegation to seek CM's intervention,Politics & Government
Restore power supply in S Delhi: CM,Politics & Government
Market for Ganesh murtis is down,Business & Economy
CM hails Saurashtra for building check dams,Politics & Government
An officer and a doctor,Health
Two killed as van collides with lorry at Borivli,Crime & Law/Judiciary
Is CM uncomfortable on the hot seat?,Politics & Government
Khadim owner's kidnappers from outside WB,Crime & Law/Judiciary
Street plays to create awareness on AIDS,Health
Now; Shania really feels like a woman!,Entertainment & Lifestyle
Kerala to go ahead with Japan-aided drinking water scheme,International/World
Centre to help revive Azam Jahi mill,Politics & Government
Jai Ganesh,"Society, Religion & Culture"
Asia's oldest Maths society fights for survival,"Society, Religion & Culture"
Kutchis to stage dharna over education issues,Education & Recruitment
Centre allocates Rs 14 crore under CFA scheme to Kerala,Politics & Government
Advocates in city; dist to go on strike,Politics & Government
Crime TrailBRMissing couple Police hunt for suspect duo,Crime & Law/Judiciary
Allahabad Bank branch looted,Business & Economy
Punjab Congress on a roll,Politics & Government
Students for more inter-faculty interaction,Education & Recruitment
Southern states took advantage of economic reforms,Business & Economy
It's survival of the fittest for 'sari czars',Sports
BJP govt gets simple majority as lone INC member merges unit,Politics & Government
Army not to reopen court of inquiry,Crime & Law/Judiciary
PSB beat BPCL; enter semi-finals,Sports
China open with five gold medals,International/World
Army officer killed in Pak shelling,Defence & Security
China; US discuss non-proliferation,International/World
Fighting the scourge of terrorism,Defence & Security
AIIMS resident doctors on strike,Health
Children to hold forth in Assembly,Politics & Government
Polish envoy's wife hands over cheque to Jamnagar mayor,Politics & Government
Workshop on forensic medicine,Crime & Law/Judiciary
Glider on world trip arrives in Ahmedabad,International/World
Backbeat Art attack,Entertainment & Lifestyle
Final year student suspended,Education & Recruitment
Vocalist Ustad Baqir Husain honoured,Entertainment & Lifestyle
LeT militant refuses to confess,Defence & Security
BC Corporation cheating unemployed: DYFI,Business & Economy
Ticket scam: Summons issued to accused,Crime & Law/Judiciary
School building issue resolved,Education & Recruitment
South Indian music channel launched,Entertainment & Lifestyle
Thalessemia rates in WB higher than world average,International/World
Ganesha represents balance between material; spiritual,"Society, Religion & Culture"
Shoe magnate's kidnappers remanded to PC till Aug 27,Crime & Law/Judiciary
Woman robbed,"Society, Religion & Culture"
NCP criticises Advani for SIMI ban pledge,Politics & Government
Development plans for Basti,Politics & Government
N Gujarat's tribals now demand Narmada water,"Society, Religion & Culture"
STRAIGHT ANSWERSBRAamir Khan Actor Producer on what his Dil Chahta Hai,Entertainment & Lifestyle
A yen for Bollywood,Entertainment & Lifestyle
Calangute MLA shifts loyalties; joins BJP,Politics & Government
Bhutan Crown Prince arrives on goodwill visit,International/World
HAL plans satellite design centres,Politics & Government
Thorough govt; RBI probes into cooperative banks demanded,Politics & Government
Tax hike to render commercial vehicles unviable,Business & Economy
Halt Pune-CST trains at Kalyan,Weather & Disaster
Police will be on high alert for Ganpati,Crime & Law/Judiciary
Basu displeased about MP salary hike,Politics & Government
NHRC rejects TN request to defer inquiry,Crime & Law/Judiciary
VOIP being considered for telecom networks,Business & Economy
Killer was promised Rs 25;000 for killing Nair; say police,Crime & Law/Judiciary
Ganesh Chaturthi celebrated,"Society, Religion & Culture"
Govt to re-appoint retired medical college professors,Politics & Government
Court restrains company using KBC logo,Crime & Law/Judiciary
Jaya writes to PM; Krishna again on Cauvery water,Politics & Government
3 killed as Bangalore bus overturns in TN,Crime & Law/Judiciary
Bengal budget: Old wine in red bottle,Business & Economy
Tall on beauty; big on dreams,Entertainment & Lifestyle
Khurana to visit Sabarkantha constituency,International/World
BE College IT experts to promote IT education,Education & Recruitment
Seminar on current power scenario,Education & Recruitment
PET PRODUCTBRITs business as usual in the Capital,Business & Economy
ACC's threat probably Irked government: Muthiah,Politics & Government
Kerala plea to relax sand mining ban fails,Crime & Law/Judiciary
Mega market yard to come up at Alwal,Business & Economy
Govt to give free rations to tribals another month,Politics & Government
Woman ends life by drinking Dettol,Entertainment & Lifestyle
The tape is fabricated; claims Army officer,Defence & Security
SACRED SPACEbrOur Wicked Ways,"Society, Religion & Culture"
Books for students under school abhiyan,Education & Recruitment
Bihar govt mulls golden handshake for coop body,Politics & Government
Police deployed in sensitive areas of city,Crime & Law/Judiciary
Sceptics frown upon GU's disaster mgmt course,Weather & Disaster
CPI(ML) to hold state-level meet at Rajgir,Politics & Government
Polls under the shadow of militants' gun,Politics & Government
Baghpat SP shifted; 3 policemen suspended,Politics & Government
Arafat; Vajpayee discuss West Asia situation,Politics & Government
Jaswant to hardsale India's security concerns,Defence & Security
GRANDMAS REMEDYBRHave a clearer vision of the world,International/World
Buddhadev opposes transfer of TN police officials,Politics & Government
Gandhians harbour doubts on BBC film,Entertainment & Lifestyle
Pak militant groups' bank accounts frozen,Defence & Security
Maritime training,Weather & Disaster
For GeneratioNext; politics is still a dirty career,Politics & Government
Book on Indo-Portugese trade ready,Business & Economy
Flood threat recedes,Weather & Disaster
Land sharks claim mangroves in Thane,"Society, Religion & Culture"
Five convicted for dowry killing,Crime & Law/Judiciary
SMALL BYTESbrIshtyle Festival,"Society, Religion & Culture"
Tollywood starlets used for blackmailing,Defence & Security
Nephew held for widow's murder,Crime & Law/Judiciary
JMC opposes announcing 80 students' result,Education & Recruitment
Boat capsizes minutes after launch by minister,Politics & Government
Reject railways report; says VS,Politics & Government
HC admits plea challenging composition scheme,Crime & Law/Judiciary
Assocham to counter flood of Chinese goods,Weather & Disaster
Labour minister condemns closure of Dunlop factory,Politics & Government
Reduction in size of Mithi river may spell disaster,Weather & Disaster
Jaya cases to be heard together,Crime & Law/Judiciary
Govt gets Rs 7.78 cr dividend from Vijaya Bank,Politics & Government
Memoranda on Bill invited,Politics & Government
Krushi Bank vice chief surrenders to police,Crime & Law/Judiciary
Cooperate with police; pandal organisers told,Crime & Law/Judiciary
D-company called Partho before D-day,Business & Economy
Three killed in separate accidents,Crime & Law/Judiciary
Missing Major Case: CBI probe,Crime & Law/Judiciary
Shoe magnate's kidnappers remanded to PC till Aug 27,Crime & Law/Judiciary
Trinamool gets a shot of 'new blood',Health
Indo-Pak fellowships get a quiet burial,International/World
Samata demands dismissal of Rabri govt,Politics & Government
Seminar on mass transit system,Education & Recruitment
Jail officers to get revolvers,Crime & Law/Judiciary
More rain in Goa likely,Weather & Disaster
Rajan proves clout with Ganesh pandal,"Society, Religion & Culture"
Priority to city development: MNA,Politics & Government
Telecom official gets goods lost during quake,Business & Economy
DU students union seeks poll deferment due to strike,Politics & Government
Strike call paralyses courts in city; district,Crime & Law/Judiciary
Basmati exports expected to be 6 lakh tones,Business & Economy
Viral bombs cheat their way through online chat,Health
Rajnath govt has failed on all fronts,Politics & Government
Umang takes centre satge,Politics & Government
Consumer must get quality service and value for money,Business & Economy
Hospital blamed for burn mark on newborn,Health
GaneshChathurthibrRooted in tradition,"Society, Religion & Culture"
Chhota Rajan aide killed in encounter,Crime & Law/Judiciary
Youngsters debate over Indo-Pak relations,International/World
Kalyan slams Govt for rise in crime,Politics & Government
Pak national sentenced under TADA in Jammu,International/World
Job agencies in the red as market dries up,Business & Economy
Hospitals say 'no' to medico-legal cases,Crime & Law/Judiciary
Militants kill four shepherds in Doda,Defence & Security
Referral cases could soon 'slip into' GH-16,Crime & Law/Judiciary
Tehelka rocks Rajya Sabha,Politics & Government
Financial grant for TIFR students announced,Education & Recruitment
Naren on course to title,Education & Recruitment
Kerala women's panel to target obscene ads,Politics & Government
Jumbo-sized devotion marks Ganesh Chaturthi,"Society, Religion & Culture"
Subhash Ghai; Film-maker On his latest release Yaadein,Entertainment & Lifestyle
RS nod to Bill on maintenance allowance,Politics & Government
Dance festival from Aug 29,"Society, Religion & Culture"
WB govt framing infrastructure act,Politics & Government
Govt not sincere to demands: State staff,Politics & Government
No traffic problem this Ganpati; says police,Crime & Law/Judiciary
Transco to lose Rs 10 lakh during Ganesh puja,"Society, Religion & Culture"
Govt considering steps to protect Simputer,Politics & Government
Sex scandals rule the world,International/World
Dental college interns getting step motherly treatment,Education & Recruitment
Animal activist assaulted,Politics & Government
WB tourism policy invites private investment,Business & Economy
Forest depratment's new mantra to meet target,"Society, Religion & Culture"
MLN medical college short of teachers,Education & Recruitment
Arrested SIMI activists taken to Nagpur,Crime & Law/Judiciary
Russia reveals new underwater missile,Defence & Security
Bank robbery foiled,Crime & Law/Judiciary
A government that CARES for its people,Politics & Government
Rs 25 crore developmental work for Hill Palace Museum,Politics & Government
What it takes to strike the right note,Politics & Government
TENNIS TALKBRIt Paes to be Bhupathi,Sports
NHRC report confirms govt delay in quake rehab,Politics & Government
Congress threatens to stall house,Politics & Government
Taking the pain away from patients,Health
BJP's Janata Adalat from Oct 2,Politics & Government
Munde hails Centre for aid to water scarcity-hit areas,Politics & Government
Railways; IHF (Jr) in final,Business & Economy
XLRI entrance test goes online,Education & Recruitment
Let SC decide; no more talks: Chautala,Defence & Security
Militants kill 7 policemen in J&K,Defence & Security
Infineon badminton tourney offers Rs 5 lakh prize money,Sports
UWB board elections pass off peacefully,Politics & Government
Riot over bus driver's murder: 27 arrested,Crime & Law/Judiciary
Hindi films can never be sensible,Entertainment & Lifestyle
Indiatimes.com official site of national bowling tourney,Politics & Government
FIs to play match-maker in Enron sell-off,Health
Police rescue kidnapped child after 8 months,Crime & Law/Judiciary
Atlas Copco AB hikes share holding in India,Business & Economy
Man arrested for threatening SP,Crime & Law/Judiciary
Film Club for college students soon,Education & Recruitment
HC pulls up CBI in crane deal probe,Crime & Law/Judiciary
Naidu to talk to PM about food surplus,Politics & Government
WindRiver ties up with training institutes,Weather & Disaster
Health info a phone call away,Health
Reconstitute minorities panel; demands Christian body,"Society, Religion & Culture"
Naren on course to title,Education & Recruitment
Chargesheet against MP,Politics & Government
Sabarmati result vital for Advani,Politics & Government
HC admits Govind Towers petition,Crime & Law/Judiciary
7 workers killed as tower crashes in Kolar,Crime & Law/Judiciary
Emission testing goes mobile,Sports
MPs rap govt on farm policy,Politics & Government
Diamond merchant's wife found murdered,Crime & Law/Judiciary
Midnapore violence plea dismissed,Crime & Law/Judiciary
Scientists warn of a Great Himalayan quake,Weather & Disaster
PWD official; former BMC engineer fall in trap laid by EOW,Politics & Government
Bellary to host Badminton tourney,Sports
Some love stories are not always pleasant,Entertainment & Lifestyle
Govt clarifies on engineering colleges,Politics & Government
Market unimpressed by MTNL-BSNL tie-up talks,Business & Economy
Lighten the load; says the new school of thought,Education & Recruitment
VANITIESbrSean Penn hates Hollywood,Entertainment & Lifestyle
Volvo India eyes diverse roads,Health
CBI to probe forged letter on A-I selloff,Crime & Law/Judiciary
Kadam will be prosecuted in Ramabai Nagar case,Crime & Law/Judiciary
Aslam Khan for inquiry into Arjuna Awards controversy,Crime & Law/Judiciary
Panel moots military term for bureaucrats,Defence & Security
When cupid doesn't strike,Politics & Government
Tamil Tigers attack army camps; 13 dead,Defence & Security
Tagore film exhibited,Entertainment & Lifestyle
Kyun ki; we prefer soaps to cricket and news,Sports
No voting machines; ID cards for MC polls,Politics & Government
HC seeks probe into UTI's investment in RIL,Business & Economy
2 engineers suspended for Hunsur canal breach,Weather & Disaster
Heal the world - we will help,International/World
Three-day cardio workshop begins in city,Education & Recruitment
Workshop on media and gram sabhas soon,Education & Recruitment
Steel ministry seeks Rs 182-cr non-plan loan,Politics & Government
Mahindra; Mohun Bagan in semi-finals,Sports
Improving Cricket,Sports
Jaya writes to PM; Krishna again on Cauvery water,Politics & Government
Report on government schemes to be ready by September,Politics & Government
Goods train mows down 4 workers near Vasai station,Business & Economy
Wide income disparity among Chinese workers,International/World
Girl; 3; killed over petty loan,Crime & Law/Judiciary
Left party members stage walkout in LS,Politics & Government
Photographers' panel opposes service tax,Business & Economy
Cable will be back at 9 pm; but be ready for another strike,Politics & Government
Bhandari storm into three-stroke lead,Weather & Disaster
Women's organization launches creche,"Society, Religion & Culture"
Delhi Police file chargesheet against Laden,Crime & Law/Judiciary
The other; wicked woman of the daily soap,"Society, Religion & Culture"
Bhutan crown prince to visit Ooty,International/World
Post offices to become ' financial supermarkets',Business & Economy
WindRiver ties up with training institutes,Weather & Disaster
Dubai Media City woos Indian firms,Business & Economy
Home ministry checking if Tehelka violated law,Politics & Government
PGI doctors too busy for research work,Health
Private telecom companies playing havoc with city roads,Business & Economy
CBI raids Sidbi officials' premises,Politics & Government
Ghettos of poverty; urban sprawl and new money spawn crime,Crime & Law/Judiciary
AD BIZbrIT slump makes job ads lose their colour,Education & Recruitment
Licence policy for air guns to be reviewed,Politics & Government
Indian traditions mirrored in Israel,"Society, Religion & Culture"
Revenue staff on a war path,Business & Economy
NALSAR to offer cyber law course,Education & Recruitment
Muslim doctors told to undertake Haj,Health
CM seek interim relief for drought affected areas,Weather & Disaster
More Islamic courts planned,Crime & Law/Judiciary
2 killed as lorry hits bike,Crime & Law/Judiciary
Strike cripples facilities at AIIMS; patients suffer,Health
Special Japanese watch for Indian women soon,International/World
90 police chowkies planned,Crime & Law/Judiciary
Kuerten; Hingis top lists for US Open,International/World
Udupi to host world magicians' meet,International/World
MTNL; IIT tie up for better connectivity,Education & Recruitment
Corporation Bank top brass to brush up skills in IIM,Business & Economy
Phone services yet to be restored,Business & Economy
Policemen in jail for harassing Panchkula couple,Crime & Law/Judiciary
KCR to contest from Siddipet,Sports
FI takes 18% stake in AutoMartIndia,Business & Economy
BRIDGING THE GAPbrKampuchean students show the way,Education & Recruitment
'It's time companies focus on security',Business & Economy
Players fees anomalies to be discussed by BCCI,Sports
SACRED SPACEbrOur Wicked WaysVirtues of Moderation,"Society, Religion & Culture"
Anil Kapoor; Actor; On why his film Nayak has been delayed,Entertainment & Lifestyle
Govt to blame for plastic mess; say manufacturers,Politics & Government
PHORENbrSean Penn hates Hollywood,Entertainment & Lifestyle
Indore police may question pop singer in breach of contract case,Crime & Law/Judiciary
Pallav Sheth surrenders before special court,Crime & Law/Judiciary
US curbs on India likely; says Enron chairman,International/World
Charity at home; finally,Sports
India not serious in resolving Kashmir issue: Hurriyat,Defence & Security
State seeks Central aid for sick co-operatives,Politics & Government
Power crisis a wake up call for Govt,Politics & Government
Bellary groups plan strike for water,Politics & Government
Liquor sales soar thanks to panchayat elections,Politics & Government
Boon to millers: New paddy processing unit,Business & Economy
Patrolling on Kerala-Kodagu border soon,Defence & Security
Role reversal in beauty salon,Entertainment & Lifestyle
Woman robbed by auto driver,Weather & Disaster
India charged with scuttling talks on caste,"Society, Religion & Culture"
AIR working overtime for PM's visit,International/World
Court stays GO on headship by rotation,Crime & Law/Judiciary
Some love stories are not always pleasant,Entertainment & Lifestyle
Kapra Municipality to speed up development works,Politics & Government
'I'm a musician and we should be talking about music',Entertainment & Lifestyle
VHP's temple agenda set with eye on UP polls,Politics & Government
Scientists warn of a Great Himalayan quake,Weather & Disaster
Rs 16-cr conditional bail for Ketan Parekh,Crime & Law/Judiciary
Shettar visits drought affected areas,Weather & Disaster
Abolition of Octroi tests Badal's nerves,Politics & Government
Prateek enters AITA semis,Sports
'Assault' video to be sent to Centre: MK,Politics & Government
Court notice to Centre on Arjuna Award policy,Crime & Law/Judiciary
Crackdown confined to 2 sectarian outfits: Pak,International/World
RCF eyes fertiliser units of SAIL; PPL,Health
Online insurance firm Ebix to foray into India,Business & Economy
Measures to revive sick industrial units suggested to Bihar govt,Politics & Government
Free grain for old destitutes from September,Weather & Disaster
2 kids fake kidnapping,Crime & Law/Judiciary
5 killed in village near Muzaffarnagar,Crime & Law/Judiciary
State; ADB discuss assistance plan,Politics & Government
Seminar on latest design; tech trends kicks off,Education & Recruitment
Jaya urges PM to talk to Karnataka about releasing water,Politics & Government
Eye donation campaign from Aug 25,Health
Nurses meet on disaster management soon,Weather & Disaster
Indraprastha varsity to offer IBM course,Education & Recruitment
Govt overhauling defence management,Politics & Government
Pre-paid autos also perform lost & found service,Business & Economy
CPI demands release of foodgrains for the poor,Weather & Disaster
ED seeks details about Ranbaxy's UK subsidiary,International/World
Amend crop insurance scheme; say farmers,Business & Economy
Delhi Police hauled up,Crime & Law/Judiciary
TiE; AIAI jointly market software to 36 countries,Business & Economy
STRAIGHT ANSWERSBRPrasad Bidapa Designer Choreographer on his passion for fashion,Entertainment & Lifestyle
Meet planned to ease tension on Indo-Nepal border,Defence & Security
Kids' paintings on show,Education & Recruitment
Trinamul must grow past politics of the street,Politics & Government
Ad agencies bank on healthcare to stay fit,Health
Lecturers' strike from Sept 10,Politics & Government
Amrut MaQintosh AITA tennis from Aug 27,Sports
Bihar assembly etiquettes,Politics & Government
BoI revises interest rate on deposits,Business & Economy
Little hope of extradition of ex-Union Carbide chief,"Society, Religion & Culture"
Pak favours opening up trade with India,Business & Economy
When Cupid doesn't strike,Politics & Government
The many facets of Lord Ganesha,"Society, Religion & Culture"
Adoption scam: Savitri in custody till Aug.27,Crime & Law/Judiciary
MCC appeal on Ganesha immersion,Crime & Law/Judiciary
Centre plan on more HC benches opposed,Politics & Government
Computer training for women soon,Weather & Disaster
BT; micro-bio courses launched,Education & Recruitment
Sino-US talks not satisfactory: US,International/World
Life snuffed out; they get clean cloth,Entertainment & Lifestyle
MUMBAI NEWSbrSiemens goes to police commissioner,Crime & Law/Judiciary
Centre indifferent to jewels museum,Politics & Government
Will the govt boot up Simputer?,Politics & Government
Congress demands judicial probe into Krushi Bank scam,Politics & Government
'Missing' RDX prompts Hazira units to beef up security,Defence & Security
Junior golf needs nurturing,Sports
Karthki sends Iciri packing; Prateek in final,Sports
Volvo eyes diverse roads,Health
AISA to resist US bids to 'enslave',International/World
BJP; NDA leave George high and dry,Politics & Government
Try Johari case in Mumbai; say activists,Politics & Government
Hegde's birthday bash to be an all-party affair,Entertainment & Lifestyle
Flexi-banking will soon be a reality,Business & Economy
3 killed as Bangalore bus overturns in TN,Crime & Law/Judiciary
Pak not to ban militant groups,Defence & Security
US online insurance firm sets eye on India,Business & Economy
Tax hike to strike at roots of transport industry,Business & Economy
TCS to set up development centre in Hungary,Politics & Government
Bharti offers bank guarantee to DoT,Business & Economy
Watch out for movie wreckers,Entertainment & Lifestyle
Parties looking for political mileage: CPI,Politics & Government
Daily reports on water quality,Politics & Government
Solapur rickshaw driver succumbs to his burns,Weather & Disaster
Sad end to monumental love stories,Entertainment & Lifestyle
We will ask Centre to write-off SCCL's dues: CM,Politics & Government
Malkajgiri civic body to hold strategy workshop in Sept,Education & Recruitment
Rupee steady against Dollar,Business & Economy
Girl student harassed in full public view,Education & Recruitment
CAs held for criminal nexus with IT; ED officials,Politics & Government
VHP threatens to start temple work,"Society, Religion & Culture"
Little mayor has big dreams,Politics & Government
Forest guards to get insurance cover,Business & Economy
Give us more too; say state legislators,Politics & Government
4 more Hindus killed in Doda,Crime & Law/Judiciary
MIDDLEbrSignal Service,Business & Economy
CBI registers case on alleged forged letter,Crime & Law/Judiciary
Women's self-help groups formed in Shimoga,"Society, Religion & Culture"
No pain no gain; and they can't even complain!,Health
Bank team in city to survey rehabilitation,Sports
Contract killer dies in police encounter,Crime & Law/Judiciary
20-rupee notes coming soon,Business & Economy
Many appointees to KPCC panel aren't members,Politics & Government
Sensex moves in small range at early stages,Business & Economy
No inspector on state Medical Council board,Health
BJP wanted political mileage from Ayodhya,Politics & Government
Tax lawyers threat to boycottcourt,Business & Economy
Operation Guinea Pig takes hold in Bollywood,Entertainment & Lifestyle
Israeli film fest opens,Entertainment & Lifestyle
Six-year-old girl raped; murdered,Crime & Law/Judiciary
Watch out for movie wreakers,Entertainment & Lifestyle
Living on through his eyes,Health
Defence procurement board set up,Defence & Security
FIR filed against Rohini councillor,Crime & Law/Judiciary
Crime in Rangareddy district on the rise,Crime & Law/Judiciary
Talks still on with UK for AJTs: Defence secy,Defence & Security
Dawood's presence forced pullout: Uma,Defence & Security
Krishna accused of not utilising Centre's aid,Politics & Government
Self finance course in banking and finance,Business & Economy
Pulling out of ATC no indicator in policy shift,Politics & Government
Are you brainy? Mensa is coming,Weather & Disaster
BWSSB to collect bill arrears,Politics & Government
Sangli telecom scam being probed 17 externed from Sangli; Miraj,Business & Economy
Disinvesment proceeds to service debt,Business & Economy
MS eXPerience the Kannada way now,"Society, Religion & Culture"
Chandrika names team for talks with UNP,Sports
3 members of Dawood gang held in UP,Defence & Security
Militants attack truck in Assam; 1 hurt,Defence & Security
China's crude oil imports up 92 per cent,Business & Economy
East Delhi tops in power theft; reveals raid,Crime & Law/Judiciary
PU no to 'screening' of Ph D degree-seekers by inter varsity board,Education & Recruitment
Owner of Dawood website traced,Defence & Security
Calling tender for completed fort; HDMC lands in dock,Defence & Security
Cabinet reshuffle on the cards?,Politics & Government
CM urged to protect dalit Christians,"Society, Religion & Culture"
Yamaha expands ring melody service in Taiwan,Business & Economy
Centre's decision on 'shehjdharis' upset SGPC,Politics & Government
Court stays GO on headship by rotation,Crime & Law/Judiciary
College students threat to stir on elections,Education & Recruitment
STRAIGHT ANSWERSbrEklavya Prasad on the launch of CSEs new book,Entertainment & Lifestyle
CPM defends arrest; Opp. calls it vendetta,Crime & Law/Judiciary
C. Rly.; Central Bank split points,Politics & Government
Court directs A-I to amend service rules,Crime & Law/Judiciary
Sushma Kumari enters semi-final,Sports
Lord Ganesh ascends throne of modern India,"Society, Religion & Culture"
Five drown in river at Jhanjri,Weather & Disaster
Father of Krushi Bank chief gives police the slip,Crime & Law/Judiciary
Leaders say no to MCD polls,Politics & Government
Businessmen moving out of Ahmedabad to evade octroi,Politics & Government
Avadh varsity implements GO on headship by rotation,Education & Recruitment
Howrah gets a management college for girls,Education & Recruitment
DU staff extends strike for a week,Politics & Government
3-D mythological film; now at a cinema near you,Entertainment & Lifestyle
Army commander calls on CM,Defence & Security
NDA corners Congress for supporting Rabri,Politics & Government
Surat textile markets observe bandh,Business & Economy
WLL service by telecom department,Business & Economy
Pandit's appointment as DGP challenged,Politics & Government
KPTC vigilance books cases,Crime & Law/Judiciary
Reveal latest on water dispute issue: Hooda,Sports
It hurts to be a girl at LU campus,Education & Recruitment
US lauds probe into Laden's bombing plan,Defence & Security
Branch out and realise your dollar dreams,Business & Economy
In CID custody,Crime & Law/Judiciary
DM penalises absent DIOS officials,Politics & Government
2 killed during Ganesh immersion,Crime & Law/Judiciary
Road terror: Speeding motorists stop at nothing,Defence & Security
UP Govt's gift of grab to land votes,Politics & Government
Strike call paralyses courts in city; district,Crime & Law/Judiciary
For this inmate; the cell is his college,Education & Recruitment
SP calls for bandh; CM's ouster,Politics & Government
Upa-sarpanch poll turns violent,Politics & Government
Abdullah defies Advani; books rights violators,Politics & Government
One killed; five 'missing' in MCC-PWG clash,Crime & Law/Judiciary
SACRED SPACEbrEnds and Means,"Society, Religion & Culture"
Congress needs young blood,Politics & Government
NDA will fight UP election unitedly: Paswan,Politics & Government
Health wing dispensing injustice to druggists,Health
Best Ganesh mandapams to be awarded,"Society, Religion & Culture"
Law will take own course: Badal,Education & Recruitment
Sikh militant sentenced to death,Defence & Security
Fisheries industry needs solutions; says CPM,Business & Economy
Pak media flays crackdown on jehadis,International/World
Technocratic Nirvana brPrelude to End of Economic Freedom,Business & Economy
Goon in the Garden,Crime & Law/Judiciary
Japan researchers find stroke-causing gene,International/World
11 injured in Kolkata train blast,Weather & Disaster
Senior police officials accused of indifference,Politics & Government
AWWA celebrations concluded,Entertainment & Lifestyle
Cauvery panel meet on Sept 6 in Delhi,Politics & Government
MSU students leaders prevent freshmen from entering classes,Education & Recruitment
Corporates should adopt city schools: education secretary,Education & Recruitment
Nationalism at the tip of the nails,"Society, Religion & Culture"
Major tourism project in state planned,Politics & Government
Split in SP over Muslim leadership,"Society, Religion & Culture"
Court reserves order on main accused's bail plea,Crime & Law/Judiciary
'We cannot challenge Govt.'s sovereignty',Politics & Government
India rebuts Pak charge on J&K arrests,Crime & Law/Judiciary
Railways order probe into mishap,Crime & Law/Judiciary
India has failed to effectively market IT,Business & Economy
CPM protests price rise,Sports
Dr Reddy's to launch anti-acid tablets in US,Defence & Security
Knit govt sections to provide better services: Rangarajan,Politics & Government
It's business as usual for pumps failing petrol test,Business & Economy
Chunua worked with kidnap gang,Crime & Law/Judiciary
Flood in Swan river inundates villages,Weather & Disaster
EMERGENCY SERVICESbrWaiting for medical help yours patiently,Health
Police top brass growing merrier; heavier,Crime & Law/Judiciary
UGC ends varsity franchise,Education & Recruitment
Lax govt employees punished,Politics & Government
Office XP with Indian language support launched,"Society, Religion & Culture"
Krishna; Naidu will share dais at last,Politics & Government
Arrest of activists flayed,Crime & Law/Judiciary
MS eXPerience the Kannada way now,"Society, Religion & Culture"
4 held after student groups clash,Education & Recruitment
No solution in sight as AIIMS strike drags on,Politics & Government
Ex-MLA; 7 family members murdered,Crime & Law/Judiciary
ICAI seminar on tax base today,Business & Economy
Notice to govt on Arjuna awards,Politics & Government
BSNL; COAI row hits cell phone services,Business & Economy
MCH; Railways agree on garbage clearance,Business & Economy
1 killed in Bellary group clash,Crime & Law/Judiciary
Govt figures hide more than they reveal,Politics & Government
Deterioration of library culture reflects devaluation of scholarship,Education & Recruitment
State Congress passes resolution to the effect Sonia to appoint CLP leader,Politics & Government
Lok Janshakti taunts Sonia on support to RJD,Politics & Government
BCC to offer eco-friendly Ganesha immersions next year,"Society, Religion & Culture"
Auditors get threat calls in wake of CAG report,Politics & Government
Use of sacred thread at Ganesh festival raises controversy,"Society, Religion & Culture"
Plan to blackmail businessmen,Business & Economy
Telangana gets one more party for its cause,Politics & Government
CAREER CONSCIOUS brWhen office alone is coupled with home together,Education & Recruitment
HC asks CBI to complete probe into fodder scam case,Crime & Law/Judiciary
SHUTTLER SUPREMEbrGopi holds court without making a racket,Crime & Law/Judiciary
IHF down Railways 6-5 in final,Business & Economy
Nirupa Roy's bail plea case adjourned,Crime & Law/Judiciary
UP poll result crucial: Thakre,Politics & Government
Badal govt defiling SGPC,Politics & Government
Deviations were reported a year before fire,Politics & Government
Pay your bills; tax through e-Seva,Business & Economy
Drive to spare bonafide religious places,"Society, Religion & Culture"
New conversion firm enters fray,Business & Economy
Legal notices sent to police over alleged failure to control noise,Crime & Law/Judiciary
VIP bags Rs 4 cr order from German firm,Business & Economy
Munde warns DF govt. over drought in state,Politics & Government
Patrolling on Kerala-Kodagu border soon,Defence & Security
Alleged forged letter in A-I case under scrutiny,Defence & Security
Govt's plan to sell sick sugar mills resented,Politics & Government
BJP dashes off telegram to PM on Cauvery,Politics & Government
SP activist 'raped' by goon,Politics & Government
Saurav passes the Test; for now,Sports
Case against DSN College principal,Education & Recruitment
Tehelka denies using women staff as decoys,"Society, Religion & Culture"
We can't spare water: Krishna,Politics & Government
Police museum coming up in APPA campus,Crime & Law/Judiciary
LCP state chief claims support of 18 MLAs,Politics & Government
House to discuss GoM security report next week: Advani,Politics & Government
Pain of building a 'beauty business',Business & Economy
Reining in militant labour will be Antony's acid test,Defence & Security
Lockers of Sidbi officials sealed,Politics & Government
DSC test in Krishna to begin tomorrow,Politics & Government
A glimpse of Hollywood in the City of Life,Entertainment & Lifestyle
Anti-corruption drive picks up momentum,Crime & Law/Judiciary
Gandhians harbour doubts on BBC film,Entertainment & Lifestyle
An industry spreading on the wings of perfume,Business & Economy
Onam celebration in Udupi today,Entertainment & Lifestyle
Naval official arrested on espionage charges,Crime & Law/Judiciary
Naidu asks officials to speed up Yeleru probe,Politics & Government
Govt placid over troubled waters of the Sagar,Politics & Government
Security will be provided to Nizam.s jewels: CM,Politics & Government
Special train,Weather & Disaster
Govt may not last long: Sonia,Politics & Government
Varsities; colleges to be linked via Net,Education & Recruitment
Centre turns down Sikkim request for peace bonus,Politics & Government
All savings go down the drain,Weather & Disaster
Delay in repayment of loan hits SC/ ST schemes,Business & Economy
Israel ties up with state institutes for education,Education & Recruitment
Rajnath writes to PM on EWS housing schemes,Politics & Government
Organised crime needs special laws,Crime & Law/Judiciary
Giani Kewal for Indo-Pak unity,International/World
Gehlot protests to Badal on river water issue,Weather & Disaster
CBI starts probe into 'forged' letter,Crime & Law/Judiciary
Shanta puts blame on states,Politics & Government
India has failed to effectively market IT,Business & Economy
Govt alert against J&K militants: Dhumal,Politics & Government
Indian pharma firm to launch anti-acid tablets,Business & Economy
Who hiked the land revenue rates?,Business & Economy
Jail officials found Phoolan tough,Politics & Government
2 Bollywood stars get death threats,Entertainment & Lifestyle
SP to field 'clean' candidates: Amar,Politics & Government
Justice Chopra to decide Naina's case,Crime & Law/Judiciary
HC rejects havildars' plea for pay parity with head constables,Crime & Law/Judiciary
Prime accused escapes from police custody,Crime & Law/Judiciary
BCCI to introduce contract system from SA tour,Sports
FASHION FILEbrEvery fabric has a story to tell,Entertainment & Lifestyle
Antony completes eventful 100 days,Defence & Security
Students forced to buy sports kits,Education & Recruitment
Cooperative polls completed in J&K,Politics & Government
Karunakara Guru birthday celebrated,Entertainment & Lifestyle
Maharashtra govt to aid co-op banks,Politics & Government
Depoliticise cooperative institutions: PM,Politics & Government
President indisposed,Politics & Government
CM inspects restoration works at Charminar,Politics & Government
Howrah gets a management college for girls,Education & Recruitment
Govt has failed to protect democratic rights: Togadia,Politics & Government
BHU teachers' stir enters seventh day,Education & Recruitment
Hospital's logo kicks up row,Health
Rains bring hope for farmers in Warangal,Weather & Disaster
Ration card mistake may cost boy his hand,Business & Economy
Tiger cubs exposed to outside world,International/World
Mumbai police trace 'Dawood' website owner,Crime & Law/Judiciary
One-stop service for tourism projects in AP,Business & Economy
WB funds for two city hospitals,Health
Call all-party meet on SYL; says Brar,Politics & Government
Woman's body exhumed after dowry complaint,"Society, Religion & Culture"
Art of lobbying: Washington knows best,Entertainment & Lifestyle
Nureses' association on war-path,Defence & Security
Properties of rape accused attached,Crime & Law/Judiciary
PM to present Akashwani excellence awards,Politics & Government
State seeks right to all-India quota in medical colleges,Health
EVENTSbrHappy birthday with adda,Entertainment & Lifestyle
CC investors to stage stir,Business & Economy
IWAI to raise funds from market,Business & Economy
Panel accuses govt of 'communalising' text books,Politics & Government
SC quashes reservation in AIIMS PG courses,Education & Recruitment
CM appeals to panchayats to shun communal feelings,Crime & Law/Judiciary
Govt policies remain a big secret,Politics & Government
HUJ elections on Aug 31,Politics & Government
Mason training scheme finds many takers,Weather & Disaster
Dyers chemicals a threat to eyes,Health
Art of theft,Crime & Law/Judiciary
BJP will correct shortcomings,Politics & Government
Ketan Parekh gets bail on condition to pay back MMCB depositors,Crime & Law/Judiciary
Jayarajs Shantam for London film fest,Entertainment & Lifestyle
Police efforts to track Neeta's murderer bear little fruit,Crime & Law/Judiciary
4 Dalit girls gangraped,"Society, Religion & Culture"
BJP leader flays minister over remark,Politics & Government
Aks in real life ?,Entertainment & Lifestyle
11 injured in Kolkata train blast,Weather & Disaster
SLICK SERVICEbrNamaste your visas ready when you are,Business & Economy
Krushi Bank vice-chairman remanded to custody,Crime & Law/Judiciary
Washington and the world of lobbying,International/World
Asiatic Society still awaits grant after 7 yrs,"Society, Religion & Culture"
Militants kill 7 policemen in Jammu,Defence & Security
An industry spreading on the wings of perfume,Business & Economy
Kunjarani tests positive; suspended for 6 months,Sports
Test tube baby centre helps Mangalore couples,Entertainment & Lifestyle
Abandoned new-borns cry for nectar of love,Entertainment & Lifestyle
LEGAL VIEW brCorruption widens its tentacles,Crime & Law/Judiciary
Mayor's move gets no support from Oppn,Politics & Government
MBCs to get quota facility next month: Minister,Politics & Government
Drought: Govt expects copious central aid,Politics & Government
Eye witness,Health
The bizarre world of 'fictual' TV,Entertainment & Lifestyle
Railways follow passenger-care track,Business & Economy
What counts: Public eye or private I?,Health
Tamarind soured TDP poll prospects,Politics & Government
FashionWise,Entertainment & Lifestyle
Heart care drug banned in US on sale in India,International/World
AICC observer to review party's show in elections,Politics & Government
Subsidies retarding investment process in agriculture,Business & Economy
Govt's intervention sought in institute's appointment matter,Politics & Government
2 boys hurt as gun goes off,Crime & Law/Judiciary
BJP sees red over Sonia's visit,Politics & Government
Of celebrity superstitions and luck that lasts,Entertainment & Lifestyle
Happy birthday with adda,Entertainment & Lifestyle
Laloo's bid to enter national politics scuttled,Politics & Government
Bush tries out business skills on US govt,Politics & Government
Censors refuse to clear FD film on Kargil,Entertainment & Lifestyle
Advani main hurdle to solving Kashmir issue,Politics & Government
Pervi Raj back in police net,Crime & Law/Judiciary
Chandran flays Centre for 'curbing' free power,Politics & Government
PM to meet Musharraf in New York,International/World
Fine ToningbrLakshmi gopalaswamy Dancer model actress,Entertainment & Lifestyle
Electoral code may mar Congress meet,Politics & Government
Lorry; maxicab collide head-on; 3 killed,Crime & Law/Judiciary
Anaida to be Hollywood's next babe!,Entertainment & Lifestyle
CBI questions Tehelka reporter,Crime & Law/Judiciary
Man strangles lover in public,Entertainment & Lifestyle
J&K Congress leader survives attempt on life,Politics & Government
CERS seeks NHRC inquiry into drug trials on patients,Crime & Law/Judiciary
Police top brass growing merrier; heavier,Crime & Law/Judiciary
A Week In The Life Of brMy heart skips a beat Im going to be Mrs Centofanti,Entertainment & Lifestyle
It's the culture; stupid,"Society, Religion & Culture"
Corporate Cup from Sept 15,Sports
Musharraf meets PPP vice-president,Politics & Government
India placed in Group A,Sports
President cancels public engagements,Politics & Government
1 killed; 19 injured as tempo rams bus,Crime & Law/Judiciary
Experts panel to monitor drought-relief: Kharge,Weather & Disaster
SI to be booked in firing case,Crime & Law/Judiciary
Emission testing goes mobile,Sports
BJP dashes off telegram to PM on Cauvery,Politics & Government
Enrolments in municipal schools down 50 pc,Education & Recruitment
New drug policy to be finalised by October,Sports
Decks cleared to appoint retired medical professors,Health
Infiltration bids foiled; 7 killed in J&K,Defence & Security
Students to raise funds; for art's sake,Education & Recruitment
Inflation jumps to 5.41%,Business & Economy
CITYLIGHTSbrMaths Olympiad prizes given to 170 students,Education & Recruitment
Eat healthy; play better!,Health
Rains hit Belgaum; Dharwad districts,Weather & Disaster
Surathkal murder: CoD team arrives,Crime & Law/Judiciary
Zee whiz; it's another party!,Politics & Government
ABC in talks with HLL for stake sale,Business & Economy
ABC in talks with HLL for stake sale,Business & Economy
Two women under watch in Salt Lake,"Society, Religion & Culture"
Probe ordered into Poonch police station attack,Crime & Law/Judiciary
PG course for surgeons,Education & Recruitment
Police arrest 2 in bank burglary case,Crime & Law/Judiciary
Lord Ganesh arrives in various forms this year,"Society, Religion & Culture"
Catering contract lands mayor in a soup,Politics & Government
Rotary Club funds school project,Education & Recruitment
Scientists seek marriage of dharma and grey cells,Entertainment & Lifestyle
Missile threat a chilling reality: CIA official,Defence & Security
HC issues notices in Mother Dairy case,Crime & Law/Judiciary
Bhutan to participate in Ladakh festival,"Society, Religion & Culture"
Howrah gets a management college for girls,Education & Recruitment
Bihar seeks Rs 735-cr aid to fight flood; drought,Weather & Disaster
States told to have own anti-terrorist laws,Defence & Security
SCCL workers likely to strike work again,Politics & Government
Chunua worked with kidnap gang,Crime & Law/Judiciary
Pain of building a 'beauty business',Business & Economy
Children turn doctors,Health
Bengal to wind up 64 loss-making units,Business & Economy
Shops in Surat textile markets observe bandh,Business & Economy
BJP to monitor its ministers,Politics & Government
VHP; BMAC dig in heels over temple,"Society, Religion & Culture"
High cost prevents govt from total dredging of lake,Politics & Government
Gujarat team to visit Pak for release of fishermen,International/World
Love in Corsica,Entertainment & Lifestyle
VINTAGE VILLAINSbrA few good ol baddies we love to hate,Entertainment & Lifestyle
Law panel chief urges NGOs to fight corruption,Crime & Law/Judiciary
Disappearance case disposed of after CBI gives up,Crime & Law/Judiciary
Industrial courts sit on settlement funds for lack of authorisation,Crime & Law/Judiciary
In Britain today; the landscape holds as many mosques as churches,International/World
HOLLYWOOD BRIEFSbrEverything I do,Entertainment & Lifestyle
Five drown in river at Jhanjri,Weather & Disaster
Around the state,Politics & Government
Bollywood booked!,Entertainment & Lifestyle
FestivalBuzz,"Society, Religion & Culture"
CM trying to save Ambanis,Politics & Government
Oppn fire failed to singe government,Politics & Government
Railways remove illegal huts,Business & Economy
Auditors get threat calls in wake of CAG report,Politics & Government
His deft management of AMC changed the face of the city,Crime & Law/Judiciary
China to give major thrust to IT,International/World
Ford India eyes profits after fourth model launch,Health
CPM defends arrest; Opp. calls it vendetta,Crime & Law/Judiciary
Woman killed in car-truck smash,Crime & Law/Judiciary
Funds allocated to cultural affairs dept meagre,"Society, Religion & Culture"
Few loopholes in new police redressal plan,Crime & Law/Judiciary
BJP meet on UP called off,Politics & Government
Change in CM's attitude,Politics & Government
It's dial-a-movie time again as DVDs invade the city,Entertainment & Lifestyle
BigBuzzbrWinslet to replace Ryder,Defence & Security
Furniture: It's official now,Politics & Government
One-day session of Sikkim Assembly tomorrow,Politics & Government
TiE and AIAI on software export,Business & Economy
Teachers to wear black badges from today,Education & Recruitment
Centre rejects SBI's IT subsidiary proposal,Politics & Government
Taluks to get blood testing facilities,Health
CNG stations at 50 petrol retail outlets: Naik,Defence & Security
Merger move gathers dust as PMT; PCMT eye market,Business & Economy
Organised crime needs special laws,Crime & Law/Judiciary
Frames from Iran,International/World
Travel agents allege foul play by Air India,Crime & Law/Judiciary
MMCB depositors on hunger strike,Politics & Government
Iran Society celebrates Khordadsal,"Society, Religion & Culture"
'Counter-service' questioned,Business & Economy
Policemen lodged in jail assaulted by cellmates,Crime & Law/Judiciary
Genome of Indian Hepatitis C virus sequenced,Health
The bizarre world of 'fictual' TV,Entertainment & Lifestyle
Hospet hospital services in coma,Health
KPTC readies to file tariff revision plea,Crime & Law/Judiciary
DVB action plan for east and central Delhi ready,Politics & Government
Borde congratulates team over Lanka win,Sports
Law to curb misuse of money by NBFCs soon,Business & Economy
Amnesty move brings police excess on centrestage,Crime & Law/Judiciary
10-day world telecom meet to be held in Bangalore,Business & Economy
High investment in fisheries fails to yield results: CAG,Business & Economy
Indiatimes sings a Swing song,Entertainment & Lifestyle
Government washes its hands of revival of other sick banks,Politics & Government
Cashew traders want 'false' cases scrapped,Crime & Law/Judiciary
Bihar govt responsible for Mataurha; Dutt-Mai massacres: Paswan,Politics & Government
Now; Calmati strikes Indian basmati growers,Politics & Government
2 former CMs make up in court,Crime & Law/Judiciary
SAARC letter-writing contest,Defence & Security
Centre to monitor implementation of health projects,Health
For this inmate; the cell is his college,Education & Recruitment
Lagaan director does a post mortem of his film,Entertainment & Lifestyle
Jaya's pleas against conviction to be heard tomorrow,Crime & Law/Judiciary
The politics of sleaze,Politics & Government
DISCOS make hay while the rain pours,Weather & Disaster
Congress dubs CM's Old City visit a gimmick,Politics & Government
PHDCCI moots Fiscal Responsibility Bill,Politics & Government
Two-wheeler sales drop as bikes zoom ahead,Business & Economy
A Muslim 'Brahmin' who loves Ganesha,"Society, Religion & Culture"
If I were CM brArundathi Nag Theatreperson,Politics & Government
Failure to define law on privacy could cost society dear,"Society, Religion & Culture"
ACTOR FACTORbrFor Chan Hassan the box office has no boundaries,Entertainment & Lifestyle
Woman harassed for dowry; murdered,Crime & Law/Judiciary
CIL ties up with Apollo for hospital,Health
MCA students in a quandary,Education & Recruitment
Centre undertook several development works: Naidu,Politics & Government
New Zealand A in final after narrow victory,Sports
To Your HealthbrTake stock of your health,Health
Kannada MS Offce XP launched,"Society, Religion & Culture"
Nationalism at the tip of the nails,"Society, Religion & Culture"
Set them free and let them fly high in the wild,Defence & Security
BSNL; COAI row hits cell phone services,Business & Economy
CM orders zoo office's demolition,Politics & Government
CEPT releases quake damage assessment data,Weather & Disaster
Civil court set up in T Narsipura,Crime & Law/Judiciary
Employment exchange card must for govt jobs,Politics & Government
Immunotherapeutics help control malaria,Health
Mason training scheme finds many takers,Weather & Disaster
SUNDAY SPECIALbrA marathon man from a different walk of life,Entertainment & Lifestyle
Woman killed in car-truck smash,Crime & Law/Judiciary
Seminar-cum-workshop on universities in city tomorrow,Education & Recruitment
A joint birthday bash!,Entertainment & Lifestyle
Furniture: It's official now!,Politics & Government
Matinee MasalabrAt the movies,Entertainment & Lifestyle
British law against Sai Baba sought,International/World
Slain former Haryana MLA's daughter held,Politics & Government
Sarita Devi in Asian boxing final,Sports
Essay writing; elocution contest in Hindi,Sports
Revolver of BJP MLC's kin snatched,Politics & Government
Nutrition education camp ends,Education & Recruitment
Reliance; Bangalore lab to supply stem cell lines for US research,International/World
Mayawati accused of sellout,Crime & Law/Judiciary
Nana Patekar's debut film to be auctioned,Entertainment & Lifestyle
Opera Theatre row: Complaint lodged against MLA; inspector,Politics & Government
Govt asked not to backtrack on Temple,Politics & Government
New twist in Aarti rape case,Crime & Law/Judiciary
Happy Birthday Ms Montessori,Entertainment & Lifestyle
Unique trust formed to preserve heritage,"Society, Religion & Culture"
Poll victory gala turns tragic for 8,Politics & Government
Lucky escape for train passengers,Weather & Disaster
Ganesha shlokas album released,Entertainment & Lifestyle
Ex-police chief Tyagi; 17 others chargesheeted,Crime & Law/Judiciary
Bharti introduces service initiative with Whirlpool,Business & Economy
Rly officials; workers and panel members to meet again,Politics & Government
Bandh paralyses Thane; security tightened,Defence & Security
A Proactive Policy brRaise Cost of Terrorism for Pakistan,Defence & Security
Coop banks' depositors on withdrawal spree,Business & Economy
Centre to provide foodgrains to Bihar,Politics & Government
70;000 HIV positive patients in Kerala,Health
Drink to your health,Health
President cancels public functions for 2 weeks,Politics & Government
Flood situation worsens in Bihar,Weather & Disaster
AIDS education planned for rural areas,Education & Recruitment
Suttur school reaches out to poor children,Education & Recruitment
WHAT AILS OUR MEDICAL EDUCATION?,Health
IT sector will continue to spawn jobs,Education & Recruitment
Swaraj for audio-video research centre at LU,Politics & Government
THE BAD MAN GOING GOOD IN HOLLYWOOD,Entertainment & Lifestyle
Anjali and the art of dress design,Entertainment & Lifestyle
359 securitymen killed in J&K this year,Crime & Law/Judiciary
Banks' association ready to revive Krushi,Business & Economy
TN road mishap toll rises to seven,Crime & Law/Judiciary
Soldier from Mysore killed in Kashmir valley,Defence & Security
Satyam ties up with US firm for web solutions,International/World
Post HastebrIts not Cricket,Sports
Plea for Airbus-320 for Haj pilgrims,Crime & Law/Judiciary
3 killed in wall collapse,Crime & Law/Judiciary
Eve-teasing unabated on LU campus,Education & Recruitment
Crime TrailbrRage rides roughshod over etiquette in city of tehzeeb,Crime & Law/Judiciary
IOC president expects superb Beijing Olympics,International/World
EYEBALL ESTIMATEbrKyunki we prefer soaps to cricket news,Sports
State may hike fine on use of gutka; tobacco,Politics & Government
MS course counselling tomorrow,Education & Recruitment
Modi Rubbers restrained from transfer of assets,Weather & Disaster
Ministers didn't instigate transfer: Centre,Politics & Government
Despite starvation; states fail to lift grains,Politics & Government
Farooq should step down before polls,Politics & Government
Powell to skip racism conference in Durban,International/World
China building world's 2nd longest underwater tunnel,International/World
Govt not saffronising education: Paswan,Politics & Government
Former PMs take Vajpayee to task,Politics & Government
Banjara community produces an IAS officer,"Society, Religion & Culture"
RS passes Indian Divorce (amendment) Bill,Politics & Government
Aankhen: 'Eye'ing reasons,Health
Reported missing,Politics & Government
Mandela's book to be translated in several languages,Entertainment & Lifestyle
Anand Dighe dead; Sainiks set hospital on fire,Health
AIDS may soon have a cure by year-end,Health
House Trained MPs,Weather & Disaster
Rs 125 crore package for Bundelkhand,Other
Indian techies do it again,Other
Sumo mows down little girl on NH4,Other
'It's all just a sham',Other
Phoolan had embraced Buddhism,Other
BCC treads cautiously over khata issuance,Other
Apache Indian's Karma Cola,Other
System's Slave,Other
Maxicab men were behind Peenya rampage,Other
Phoolan's pet looks for her,Other
Phoolan's village wants ticket for her kin,Other
Rachel Shelley has first 15 minutes of fame,Other
Shadow of Dandupalya resurfaces,Other
Rajkumar's farmhouse is hauntingly deserted,Other
Two die in road accidents,Other
More phones for Davanagere soon,Other
Four ex-PMC commissioners chargesheeted,Other
Mumbai fishing harbour only for fisherfolks of metropolis,Other
Egyptian Eves crush unimpressive India,Other
Phoolan's husband doubtful whether Pankaj is real culprit,Other
Phoolan's personal staff gives description of assailants,Other
Vets oppose AHD decision,Other
Call to encourage khadi and village units,Other
Duraline to hike capacity at Goa plant,Other
'Star Shine' wins fair wood trophy,Other
Hrithik: Doing an Amitabh!,Other
LNN proposes license system,Other
ISI fomenting trouble; says Bajrang Dal,Other
Rail tourism needs to be put on track,Other
Demand raised for HC Bench at Rajkot,Other
Experts differ on Ganguly's suspension,Other
Anil Sharma: Hot and happening!,Other
Filmmaker complains of neglect,Other
Sunny Deol: It's Indian after Gadar!,Other
Lanka oppn snubs Chandrika's invite to meet,Other
Dunlop threatens suspension of operations,Other
Green moments in a troubled city,Other
Wipro chief prescribes recipe for success,Other
BY THE WAYbrUmesh Anand,Other
Amitabh: All this; and modesty too?,Other
Taxing times are here again,Other
Pulpit Pleases,Other
Mysore zoo gifted 2 male wallabies,Other
GU back to square one on affiliation issue,Other
PMK's return to NDA worries DMK front,Other
Philips carbon stops operation,Other
HC sets 2-week deadline for toddy decision,Other
Evenings in Paris with Phoolan,Other
New excavations show an older Lucknow,Other
Close shave for A-I passengers,Other
Antony offers aid to Kargil martyrs' parents,Other
Remembering Sheila,Other
An Independence Day of their own,Other
HEADS TALESbrThe Vulcan has landed,Other
33 lose partial vision after cataract operation,Other
Eerie silence at Rajkumar's farmhouse,Other
Close encounters of the paranormal kind,Other
Is he two different men?,Other
Eerie silence at Rajkumar's farmhouse,Other
A-I valuation may fall way below expectations,Other
Only 80 fishermen avail wireless facility,Other
To Sir; with hate,Other
Yet another media institute in city,Other
PSUs spearhead growth in Q1,Other
Jamir for talks with Naga underground groups,Other
Net reach fast-hitting PC speedbreaker,Other
Youth Cong worker attacked,Other
HC building inspected for disabled-friendliness,Other
Tambdi Surla to be developed,Other
Ganguly benched for bat wagging,Other
Torture sans scars from UP cops,Other
Phoolan and Veerappan: Studies in contrast,Other
FICCI promises more help in Kutch,Other
ONGC board clears recast plan,Other
I-Day gift: Rice; wheat to cost less,Other
Kissa kursi ka?,Other
Rage spills into sporting arenas,Other
Dengue buzzes into Dharwad; citizens warned,Other
Live bombs; rocket recovered from scrap heap,Other
Victory at last for India,Other
Indira Goswami wins Jnanpith,Other
ABC basketball tourney from July 30,Other
Maharashtra's offer unrealistic: DPC,Other
Humidity hits track practice,Other
Karnataka unit no longer BAI associate,Other
Negotiator should know area: N-E CMs,Other
HC issues notice to BDA for demolition,Other
Jashn-e-Bahar mushaira revives memories of Mughal Era,Other
Akshaye Khanna: Looking good!,Other
Bajaj Auto Q1 net inches up to Rs 121cr,Other
MUDA plans 4-lane road long Kankanady Bypass,Other
Supporters of BSP leaders confident they'll be taken back,Other
Stick to 3 engg branches; advises VTU V-C,Other
Goubert birth anniversary celebrated,Other
God's little acre,Other
'The Great Escape' in Goa,Other
India to take part in Junior baseball meet,Other
MIDDLEbrGoat vs Rat,Other
Sun takes Microsoft by the horns,Other
Five missing in Lucknow,Other
Mamata; PMK return to NDA fold,Politics & Government
Funds for drought relief not yet released: CM,Weather & Disaster
CBI questioned me: Bahal,Crime & Law/Judiciary
Air Force hospital to have physiology Dept soon,Defence & Security
Young doctors with age-old problems,Health
Temple talks on; PM tells Lok Sabha,"Society, Religion & Culture"
Inter vocational supplementary exam results,Education & Recruitment
Edward VII pleaded poverty over tax bill,Business & Economy
Dalit woman paraded naked in Karnataka,"Society, Religion & Culture"
Political Manoeuvres,Politics & Government
Govt ready to vest panchayats with more powers,Politics & Government
Karuna sends video of attack on DMK to centre,Politics & Government
CBI refusal spells trouble for parties,Crime & Law/Judiciary
FILM FORMULAbrScary Movies tickle the American teen,Entertainment & Lifestyle
GP poll likely in December or January,Politics & Government
Govt asked to resolve AIIMS crisis within 36 hrs,Politics & Government
Govt bans supply from Karnataka Antibiotics,Politics & Government
Centre; state govt to finalise joint CNG proposal,Politics & Government
Heal the world -- we will help,International/World
Kyun ki; we prefer soaps to cricket and news.,Sports
BOLLYWOOD BRIEFSbrTwo of a kind,Entertainment & Lifestyle
Greek holds sway at C'wealth chess,Sports
Brickbatting in Begusarai jail; 3 injured,Crime & Law/Judiciary
Police spread net for 'society users' after drug bust,Crime & Law/Judiciary
Court stays bund blasting,Crime & Law/Judiciary
1 killed as Ganesha devotees clash,Crime & Law/Judiciary
Five held for murder; robbery,Crime & Law/Judiciary
Bihar govt ill-equipped to control malaria menace,Health
SCR annex Ghulam Ahmed Trophy,Sports
Police recover ornaments stolen from jeweller,Crime & Law/Judiciary
Four ultras among nine killed in J&K,Crime & Law/Judiciary
Multiple varieties to boost wheat exports,Business & Economy
SP youth protest against BJP policies,Politics & Government
Its Rungta vs Dungarpur over cricket,Sports
Food being distributed to drought-hit,Weather & Disaster
Remand of Phoolan murder accused extended,Crime & Law/Judiciary
Nothing stops Pak from raising Kashmir at UN,International/World
SI; aide arrested on robbery charge,Crime & Law/Judiciary
SC exempts appearance in court in special cases,Crime & Law/Judiciary
Govt inaction on Tehelka angers Samata,Politics & Government
ICICI to merge financial companies,Business & Economy
Striving to take city on world heritage map,International/World
PPP leader denies moves to oust Benazir from party,Politics & Government
Muslim delegations meet PM,"Society, Religion & Culture"
Animal smuggling at Howrah station,Crime & Law/Judiciary
Nitish attacks Congress for massacres,Politics & Government
V P Singh to depose before Ayodhya panel,"Society, Religion & Culture"
Top 10 companies net up 25 % in Q1,Business & Economy
CM promises support to SMEs,Politics & Government
Amnesty writes to Advani on relief to security personnel,Politics & Government
RSS welcomes PM's remarks on Ayodhya,"Society, Religion & Culture"
Naxals attack police station in Orissa,Defence & Security
ZP wants drought-hit tag for Kolar,Weather & Disaster
Medical reps take out rally,Health
Korean film fest offers interesting platter,Entertainment & Lifestyle
American expelled in Belarus for seeking to oust president,Politics & Government
Hospital staff questioned about defunct elevator,Health
US MNCs fail to ensure privacy: Study,International/World
City down with AIDS; TB,Health
Rifts erupt among Pak militant outfits,Defence & Security
Temple will be built at disputed site: VHP,"Society, Religion & Culture"
PM lauds efforts to keep city clean,Politics & Government
Mayawati accused of overlooking party's interest,Politics & Government
Breaking the Bank,Business & Economy
Bihar Police live in the past,Crime & Law/Judiciary
CITU plans strike against NDA policies,Politics & Government
NDA women's rally against Tehelka on Sept 3,Politics & Government
ECO LOGICbrKiran Rao model,Entertainment & Lifestyle
China to start genome sequencing of rice; pig,International/World
Govt clears JSS Institute of Speech and Hearing,Politics & Government
PM to meet Musharraf in New York on Sept 19,Politics & Government
Police guidelines for people in Kodagu,Crime & Law/Judiciary
RPI will protest govt's non-inclusion of caste in UN conferance,"Society, Religion & Culture"
Militant among four killed in Kashmir,Defence & Security
Bail plea in Mahabaleshwar murder case will be heard this week,Crime & Law/Judiciary
Bandh in Chitradurga over demand for water,Politics & Government
J&K minister Kitchloo dies,Politics & Government
LS Rules Committee endorses code for House,Other
Jayalalithaa and other believers in numerology,Politics & Government
Problem of plenty at PM's function,Politics & Government
Students convert to bag B.Ed. seats,Education & Recruitment
Govt inaction on Tehelka angers Samata,Politics & Government
Criminal confesses to have shot at top police officer,Crime & Law/Judiciary
The doctor is important; too,Health
Investigation is the exclusive domain of police: SC,Crime & Law/Judiciary
US to lift curbs on India; set example for Pak,Education & Recruitment
Dalits deprived key posts; says Srinivas Prasad,"Society, Religion & Culture"
Opposition to continue agitation on water issue,Politics & Government
BSP leaders flay harassment of Dalits,Crime & Law/Judiciary
Police spread net for 'society users' after drug bust,Crime & Law/Judiciary
Teetime TalkbrOn a golf green he forgets those cricket blues,Sports
Cong not averse to temple construction,"Society, Religion & Culture"
AGP panel members to resign en masse,Politics & Government
Alamito for colts trial stakes,Crime & Law/Judiciary
Studying drought at what cost?,Weather & Disaster
Cong to intensify protest against BJP Govt,Politics & Government
CBI gets translated Bofors documents from Sweden,Crime & Law/Judiciary
Drug smuggler arrested,Crime & Law/Judiciary
Farooq in no position to ditch the NDA yet,Politics & Government
Punjab police told to investigate Jagroan custodial death,Crime & Law/Judiciary
Bridal Booty: One-stop shopping for your wedding!,Other
Harikrishna new C'wealth chess champion,Sports
Govt downs RDCI&S shutters,Politics & Government
Teacher; VC tussle continues in BHU,Education & Recruitment
2 policemen killed in encounter with naxals,Defence & Security
CM's assurance to Secretariat Assn,Politics & Government
Sabarimala temple to open,"Society, Religion & Culture"
SSI slips into red; incurs Rs 14 cr Q4 net loss,Business & Economy
China to revise Trade Unions Law,Business & Economy
Police crack kidnapping case,Crime & Law/Judiciary
Didi is back for PM's 'love and affection',Politics & Government
CBI turning heat on investors in CC scam,Crime & Law/Judiciary
BJP; SP bid to woo traders,Politics & Government
Occupancy rate falls as patients leave AIIMS,Health
Two priests among 9 killed in J&K,Crime & Law/Judiciary
Police on payment track,Crime & Law/Judiciary
Deserters a big problem for Naxalite outfits; police,Defence & Security
US should stop biopiracy: Shiva,International/World
Army plans 'surgical operations' against J&K militants,Defence & Security
Govt completes 66% of borrowing in 5 months,Politics & Government
VOIP to power telecom revolution,Business & Economy
Mrs World and the American beauty,International/World
No polls for Christ Church College students' union,Education & Recruitment
6 militants; Army jawan killed in Kashmir,Defence & Security
Wanted: Qualified teachers and more accountability,Education & Recruitment
ACTOR FACTORbrFor Chan Hassan the box office has no boundaries,Entertainment & Lifestyle
Efforts to promote Marathi films; culture failed: CAG,"Society, Religion & Culture"
PVC Scam: Govt in dock for inaction,Crime & Law/Judiciary
Manisha Koirala: On The Blacklist!,Other
Two sentenced to life term,Crime & Law/Judiciary
Mel B bares all about her failed marriage,"Society, Religion & Culture"
Asian vote acquires cosmetic gloss again,Politics & Government
PUTA poll to be verdict on VC's policies,Crime & Law/Judiciary
BJP chief rules out snapping ties with DMK,Politics & Government
Sena faces uphill task in choosing Dighe's successor,Politics & Government
'We can't prevent murder',Crime & Law/Judiciary
Theatre festival from Sept 12,"Society, Religion & Culture"
Rupee ends marginally higher against US dollar,Business & Economy
MiG-21 upgradation successful: HAL chief,Other
Harried teachers face principal's wrath,Education & Recruitment
IOC market share increases to 54% in July,Business & Economy
AIIMS doctors end strike,Health
Gloom shrouds World Bank-IMF meet,Business & Economy
Bankers wait for industries; say goodbye to rural finance,Business & Economy
LF students win Bournvita Quiz,Education & Recruitment
Minister distributes aid to handicapped,Politics & Government
Shops; schools remain closed during Allahabad bandh,Politics & Government
BJP chief urges partymen to make yatra a success,Politics & Government
IB to probe communal clashes in Ahmedabad,Crime & Law/Judiciary
Financial markets shows enhanced signs of integration: RBI,Business & Economy
Industry bodies hail convergence bill clearance,Business & Economy
Hooch trader murdered,Crime & Law/Judiciary
US restores duty-free access to Indian products,International/World
Orissa Cabinet approves changes in VRS,Politics & Government
On golf green Kapil forgets cricket blues,Sports
I was implicated due to political reasons: Virbhadra,Politics & Government
SI; 1 criminal sent to jail,Crime & Law/Judiciary
Tendulkar & Co chase a housing dream,Sports
'It's proud hour not only for us but AP too',International/World
A marathon man from a different walk of life,Sports
Vajpayee to meet Bush; Musharraf at UN,International/World
UP Congress rules out alliance with SP; BSP,Politics & Government
Bail of Mumbai blast accused cancelled,Crime & Law/Judiciary
Pak forces to keep watch on militants,Defence & Security
AIDS situation in Maharashtra not worsening: Governor,Health
Govt was cautioned of possible crash in co-op banks,Politics & Government
US warns China against missile build-up,Defence & Security
Black badge protest by PUC teachers,Education & Recruitment
Two militants killed; IED defused in Poonch,Defence & Security
Thousands pay homage to fallen soldier,Defence & Security
Sonia to appoint CLP leader,Politics & Government
Man killed in clash; curfew in Shimoga,Crime & Law/Judiciary
120 centres for Group C exams identified,Education & Recruitment
NHRC urged to probe testing of drugs on patients,Crime & Law/Judiciary
The political side of Narayanan's health,Health
I got the letter from govt source: Dasmunshi,Politics & Government
China to revise trade union law,Business & Economy
J D Power to start two-wheeler industry surveys,Business & Economy
MSU German dept to organise seminars with foreign embassies,International/World
Bellary bandh over Tunga waters total,Politics & Government
Former IPS officer joins Samata Party,Politics & Government
Not by Force Alone brTransparency Best Counter to Insurgency,Defence & Security
Varsities bill: Parameshwar reassures teachers,Education & Recruitment
Question paper anomalies hit VTU students,Education & Recruitment
Court working paralysed,Crime & Law/Judiciary
UGC to set up Sanskrit speaking centres: Joshi,Education & Recruitment
ZP releases Rs 1 crore for drought relief,Weather & Disaster
Police plaint filed against obscene ad,Crime & Law/Judiciary
No headway in Khadim case worries police,Crime & Law/Judiciary
Police set time limit for Ganesha immersion,Crime & Law/Judiciary
Magisterial custody for Kartik killers,Crime & Law/Judiciary
State govt warned against direct deals with pvt builders,Politics & Government
Sena activists disrupt rail; road traffic,Politics & Government
Govt to honour students,Education & Recruitment
Businessman's bail plea dismissed,Crime & Law/Judiciary
One lakh bank staff opt for VRS in 2000-01,Business & Economy
Rowdyism at its worst on LU campus,Education & Recruitment
MRL to discuss revamp; Alok Modi likely to be CEO,Business & Economy
Smugglers attack 3 policemen near Belgaum,Crime & Law/Judiciary
Zip Telecom to set up 50;000 Zip Media Avenues in India,Business & Economy
Thane police caught napping,Crime & Law/Judiciary
No Ayodhya solution unless guilty are booked,"Society, Religion & Culture"
Tank bed encroachers won't be tolerated: CM,Politics & Government
Gram panchayat repoll likely in 130 stations,Other
NHRC urged to probe testing of drugs on patients,Crime & Law/Judiciary
'US must find ways to limit India's N-ambitions',International/World
Kudremukh closure: MP sees a 'plot',Politics & Government
Former minister's kin abducted; assaulted,Politics & Government
3 held for kidnap and murder,Crime & Law/Judiciary
Army orders probe into leak of letter,Defence & Security
Abhays music unleashed,Entertainment & Lifestyle
Govt guarantees potential source of financial risk: RBI,Business & Economy
Police officers felicitated,Crime & Law/Judiciary
Editor's Notebook: Protest Politics,Politics & Government
Agitations banned on campus,Education & Recruitment
FIs planning out-of-court settlement in Enron project,Crime & Law/Judiciary
Don't preach 'Q' system to us,International/World
'Vajpayee's Russia visit will be a milestone',International/World
GCG vs UGC guidelines,Education & Recruitment
SP's Vyapar Sabha chief quits party,Politics & Government
Police custody for illegal phone exchange operators,Crime & Law/Judiciary
KCF militant on parole arrested,Defence & Security
Drug syndicate kingpin arrested,Crime & Law/Judiciary
China to deploy new generation radars in Tibet,International/World
Raw sugar production better way to enter Pak market,Business & Economy
Governor keeps govt in good humour,Politics & Government
Vaccine stocks await clearance,Health
Bengal police take Gabbar on remand,Crime & Law/Judiciary
Four ultras among 9 killed in J&K,Crime & Law/Judiciary
Cabinet okays Convergence Bill,Politics & Government
BU considering slabs for affiliation fees,Other
BMP-II gun system defect-free: Govt,Politics & Government
Institute told to compensate IT student,Education & Recruitment
EYEBALL ESTIMATEbrKyunki we prefer soaps to cricket news,Sports
Carpet export dip 28% in the Q1,Business & Economy
MeritIgnoredbrHSC topper denied admission to college of choice,Education & Recruitment
Brig Samantaray takes over as Secy NDA,Politics & Government
CM to take part in IT convention,Politics & Government
HC asks govt to review PPA with Nagarjuna,Politics & Government
Hot weather takes its toll at US Open,International/World
Indiatimes sings a'Swing' song,Entertainment & Lifestyle
RBI action against 17 major defaulting NBFCs,Business & Economy
Election fever grips colleges,Politics & Government
Kyun ki; we prefer soaps to cricket and news,Sports
Mild tremor in Kottayam,Weather & Disaster
Crude oil royalty hike inadequate: GCCI,Business & Economy
PM rules out economic reservation,Politics & Government
Cabinet discusses minister-officer tussle,Politics & Government
PMK MLA enters House without shirt,Politics & Government
Agitators clash with police; one killed,Crime & Law/Judiciary
Now; check office files on your home PC,Other
Bush may ease curbs before meeting Vajpayee,Politics & Government
Time to imbibe the accounting culture,"Society, Religion & Culture"
Good Lord! In bad taste?,Other
NC's support to NDA to continue: Abdullah,Politics & Government
MSU ex-student wins international award,Education & Recruitment
UN preparing to lift sanctions against Belgrade,International/World
'Give us land as per '74 fiat',International/World
Lift sanctions against India: US Congressman,International/World
Eight more Army men killed in J&K,Defence & Security
Govt ready to vest panchayats with more powers,Politics & Government
PM's Mamata,Politics & Government
Police to take Prabhakar to Indore,Crime & Law/Judiciary
SACHIN TENDULKAR; SUPERSTAR,Sports
Pak troops fortifying bunkers on Jammu border,Defence & Security
Valpoi health centre stays,Health
CRIME FILE,Crime & Law/Judiciary
SAD men shoe out BJP councillors,Politics & Government
Tendulkar to wear special boots,Sports
Judicial custody for Wadhera,Crime & Law/Judiciary
Take your bad back to this school,Education & Recruitment
School drop-outs can look to 'open' system soon,Education & Recruitment
Come clean on NMD; Cong tells Govt,Politics & Government
Police pin down law-breakers with good behaviour bonds,Crime & Law/Judiciary
CM condoles Jiva Gaunkar,Politics & Government
Skewed ratio queers police pitch,Crime & Law/Judiciary
4 bank accounts of Bharali frozen,Business & Economy
Sonia arrested for family's murder,Crime & Law/Judiciary
No anti-incumbency factor: BJP,Politics & Government
Travelling on a song,Entertainment & Lifestyle
Govt clears FDI proposals worth Rs 880 cr,Business & Economy
In Gujarat ex-officials eye political clout,Politics & Government
MSU carving out 'corporate' identity for self,Business & Economy
Husband; parents get jail terms for demanding dowry,Crime & Law/Judiciary
More shops in Meena Bazar demolished,Other
SP leader criticises government,Politics & Government
Added areas in civic tax net,Business & Economy
BJP MP attacks Marandi govt,Politics & Government
'Operation Polo' and Police Action in Hyderabad,Crime & Law/Judiciary
Many Patna areas hit by power cuts,Other
Sena will assign duties to party activists in Thane,Politics & Government
Unlike Japan; India tries new way to fight slowdown,International/World
Doctors treating AIDs patients infected,Health
US economic slowdown to extend up to middle of 2002,International/World
Govt to reduce proposed one-time vehicle tax,Business & Economy
Schoolteachers hold rally; announce indefinite bandh,Politics & Government
What's wrong with Govt spending; and why,Politics & Government
MKSP rally demand arrest of massacre accused,Crime & Law/Judiciary
Stem cell research promises to revolutionise 21st century medicine,Sports
Badal to celebrate Ranjit Singh's coronation in UK,International/World
Is violence child's play for the new school of thought?,Education & Recruitment
Jamnadas Patel BJP candidate from Sabarmati,Politics & Government
A-I poised to make net profit of Rs 23 cr,Business & Economy
Medical community cries out against Sena; parties go into mute mode,Health
Govt can do little to check thalassaemia,Politics & Government
Hurriyat General council meets,Politics & Government
Two Congress MLAs suspended till Friday,Politics & Government
Christian delegation meet Advani,"Society, Religion & Culture"
Govt to help revive MMCB only,Politics & Government
DCA moves against vanishing companies,Business & Economy
Govt. may rethink MUL divestment plan,Politics & Government
Kabila urges more trade between DR Congo; Zimbabwe,Business & Economy
Rupee extends overnight gains against $,Business & Economy
Korean film festival offers interesting platter,Entertainment & Lifestyle
Drought divides NDA; TDP slams Centre,Weather & Disaster
Principal assaulted by students,Education & Recruitment
BOI opens housing finance branch in city,Business & Economy
An inspirational icon: Sach is Tendulkar,Sports
Govt unaware of the plight of 5;000 refugees,Politics & Government
Probe Aurai firing by legislators panel,Crime & Law/Judiciary
Oppn attacks govt over starvation deaths,Politics & Government
Mulayam asks PM to clarify statement on Ayodhya,"Society, Religion & Culture"
'Shotgun' Sinha holds forth on politics and theatre,Politics & Government
World Rap,International/World
Govt to modify anti-terrorism legislation,Politics & Government
Working women prone to heart disease,Health
Probe indicts Bathinda schools,Crime & Law/Judiciary
Starvation deaths cast shadow over Lok Sabha,Politics & Government
US fails to make breakthrough on Osama issue,International/World
Samastipur advocate shot dead; bandh today,Politics & Government
No snapping ties with DMK: BJP,Politics & Government
NHRC notice to Orissa govt on hunger deaths,Politics & Government
Growingold old disgracefully,Other
IN BLACK AND WHITEbrShould the private lives of politicians be open to public scrutiny,Politics & Government
Global Nurse Programme launched,International/World
Cabinet reshuffle round the corner,Politics & Government
Singhania wants Thackeray to apologise to hospital staff; patients,Health
Rally for recruitment of soldiers in Sept,Defence & Security
Cinema; cinema!,Entertainment & Lifestyle
Lifeline for govt in Yeleru scam,Crime & Law/Judiciary
Gang smuggling tortoise busted,Crime & Law/Judiciary
Weather you like it or not; it's hot,Other
Blue film bits sneak into theatres,Entertainment & Lifestyle
Govt too will own Haj House: Farooq,Politics & Government
India; China seen driving insurance growth in Asia,International/World
Breathing efficiency into government,Politics & Government
Poachers kill ranger in Corbett,Other
CM replies to readers,Politics & Government
Davenport reaches US Open third round,International/World
Dattu case: Police officer's bail plea rejected,Crime & Law/Judiciary
Govt to reduce proposed one-time vehicle tax,Business & Economy
Rabab for world museum,International/World
Painting the world larger than life,International/World
Govt accused of being anti-trader,Politics & Government
Film-makers question real worth of Indian Panorama,Entertainment & Lifestyle
Court blows whistle on players testing positive,Crime & Law/Judiciary
A yen for Bollywood,Entertainment & Lifestyle
Probe ordered into trainee PSI's charges,Crime & Law/Judiciary
Bengal's criminal-politician nexus,Politics & Government
Heal the world we will help,International/World
Cong leader criticises BJP employment plan,Politics & Government
One-way system's biggest casualty is police chief,Defence & Security
China condemns assassination of Palestinian leaders,International/World
Antony to ask party to pay flight bill,Politics & Government
BJP vice-president exudes confidence,Politics & Government
NGOs to campaign against Indian caste system,"Society, Religion & Culture"
Cabinet okays coastal and hill devpt bodies,Politics & Government
Phone owners top list of tax payers,Business & Economy
No move to ban Hurriyat leaders' visit: Antony,Politics & Government
Admission hassles peak up parents' anxiety,Education & Recruitment
Police clueless in Gonda murder case,Crime & Law/Judiciary
Oppn's bid to corner Govt nullified: PM,Politics & Government
Fanta Fiesta: St Soldiers bag day's honour,Defence & Security
Border firing claims jawan's life,Defence & Security
Rift between Pak govt; judiciary over military courts,Politics & Government
Teachers' boycott,Education & Recruitment
3000 students take to the streets,Education & Recruitment
Action sought against rape accused,Crime & Law/Judiciary
City cinemas need to improve standards for film fest,Entertainment & Lifestyle
Is violence child's play for the new school of thought,Education & Recruitment
Flood waters inundate fresh areas of North Bihar,Weather & Disaster
Social forestry in full swing in Mehsana,Other
Ruling party MLA advises citizens to stop tax payment,Business & Economy
Number of HIV-positive cases shots up to 142,Health
Six-year old raped murdered in Patiala cantonment,Crime & Law/Judiciary
700 poor killed during Laloo-Rabri regime: CPI,Crime & Law/Judiciary
Hurriyat's impossible rider,Politics & Government
Orientation camp on cleft lip surgery held,Health
PM condoles Moopanar's death,Politics & Government
Country's first Cyber crime police station opens,Crime & Law/Judiciary
CNG could be MCD poll plank,Politics & Government
Film buffs like fare from 'land of lady of directors',Entertainment & Lifestyle
SC issues notice to Centre on Bofors trial,Crime & Law/Judiciary
Wardlaw College emerge champs in Bellary sports meet,Education & Recruitment
Budding netas do BA after BA or MA for political PhD,Politics & Government
Cabinet discusses power situation,Politics & Government
Country's first Cyber crime police station opens,Crime & Law/Judiciary
Police deny lock-up assault,Crime & Law/Judiciary
Factionalism galore in BJP's Basti unit,Politics & Government
Humpy wins world junior chess title,Sports
Army stores goods surface in open market,Defence & Security
We don't know what the BJP is upto: Dalmia,Politics & Government
BJP wants compensation for horticulturists,Politics & Government
Tilak Nagar mandal has violated permissions,Politics & Government
CRIME FILE,Crime & Law/Judiciary
Music therapy fails to stop suicide,Entertainment & Lifestyle
Geelani put under house arrest,Crime & Law/Judiciary
HOLLYWOOD HOTLINE: Michael Madsen's tribute film,Entertainment & Lifestyle
HC asks CBI to submit report,Crime & Law/Judiciary
CPM MP thrown out for attending PM's dinner,Politics & Government
Mystery shrouds Pervi Raj's arrest,Crime & Law/Judiciary
Archies; Indiatimes to market paid eCards,Business & Economy
Govt moves against Tehelka financiers,Politics & Government
Hegde: I will reform society till the end,"Society, Religion & Culture"
I am completely fit for World Cup: Pillay,Sports
Charity concert today,Entertainment & Lifestyle
Judicial custody for Tyagi,Crime & Law/Judiciary
Rickshaw-pullers' Congress raises many questions,Politics & Government
Sensex fluctuates in small range at early stages,Business & Economy
Parliament okays Divorce Amendment Bill,Politics & Government
Music; literature fest in Dharwad soon,Entertainment & Lifestyle
To rename or not to rename roads: BCC evolves policy,Politics & Government
Ten prisoners escape from Rly police station,Crime & Law/Judiciary
AIDS situation in state under control; says Alexander,Health
Govt mulls making conditional access mandatory for pay channels,Politics & Government
Rotary Club meeting on pulse polio held,Health
CM visiting Bellary dist today,Politics & Government
'A third of world's malnourished children in '20 will be Indians',International/World
Waiting for medical help; yours patiently,Health
12 held in bank robbery case,Crime & Law/Judiciary
Singhania wants Thackeray to apologise to staff; patients,Health
Seminar acquaints students with industrial scenario,Education & Recruitment
Six convicts still at large,Crime & Law/Judiciary
Rs 7 cr okayed for power grid at Kishanganj,Business & Economy
Whistance Memorial cultural festival from today,"Society, Religion & Culture"
CM denies misusing helicopter,Politics & Government
NAAC team visits Maharaja's college,Education & Recruitment
Stick to uniform settlement - SEBI tells BgSE,Business & Economy
Nugas allowed to convert any diesel bus,Business & Economy
Politicians have to be CEOs too: CM,Politics & Government
Submit all records on temple: Panel tells VHP,"Society, Religion & Culture"
Govt extends IAS officer's tenure,Politics & Government
Rs 100 lakh for Virajpet to fight drought,Weather & Disaster
Navy invites short service candidates,Defence & Security
Doctors gherao health minister,Health
Low-key police response to high decibel levels,Crime & Law/Judiciary
Mrs World and the American beauty,International/World
BJP wants compensation for horticulturists,Politics & Government
Advani backs SSI deservation; labour law changes,Politics & Government
Opera row: MLA denies allegations,Politics & Government
State may export sugar to UK; Belgium,Business & Economy
Brad caste-offs create chaos,"Society, Religion & Culture"
Top PW naxal; wife surrender,Defence & Security
Govt school shifted; Kannada organisations livid,Education & Recruitment
CM to make another appeal for drought relief at NDC meeting,Weather & Disaster
Hiriyur's exclusion from drought-hit list irks DC,Weather & Disaster
Govt to dismantle APM,Politics & Government
Cong decides poll strategy,Politics & Government
BJP to chalk out UP poll strategy at Jodhpur meet,Politics & Government
Jhunjhunwala kidnapping accused gets bail,Crime & Law/Judiciary
State govt hikes water charges,Politics & Government
Tilak tank to turn into world-class pool,International/World
A marathon man from a different walk of life,Sports
CD sees pit as natural calamity,Weather & Disaster
Rail surcharge draws flak from opposition,Politics & Government
CM promises better infrastructure at Mapusa,Politics & Government
20 feared killed as bus falls into river,Crime & Law/Judiciary
CM assures industry of improved policing,Business & Economy
Drought: Govt asks district officers to obey DCs,Weather & Disaster
Vigilance Bureau to probe into drug supply irregularities,Crime & Law/Judiciary
4 killed; 44 injured in road mishaps,Crime & Law/Judiciary
Government to arrange funds for the new Mithapur bus stand,Politics & Government
Poste Haste Tehelka Storm rages on,Weather & Disaster
Militancy in J&K in last phase: BJP,Politics & Government
Wah Taj! Bollywood romances the stones,Entertainment & Lifestyle
Ramai for inquiry into Jainandan's political links,Politics & Government
SP guns for BJP on Dalit atrocities,"Society, Religion & Culture"
Magisterial probe ordered into Shimoga clashes,Crime & Law/Judiciary
GDP growth unlikely to exceed 6%: ICRA,Business & Economy
55-year-old's marriage plan with minor thwarted,"Society, Religion & Culture"
India got N-equipment from US firm,International/World
Clogged town lives in fear of floods,Weather & Disaster
HC asks govt to combat AIDS,Health
Telecom exhibition begins,Business & Economy
MCC draws flak for favouring pvt hospital,Health
Militants aim to encircle Jammu,Defence & Security
CITY BRIEFS: Bank seminar,Business & Economy
Govt initiates changes in civic poll rules,Politics & Government
MPs join global movement for children,International/World
Devouts throng Church of Our Lady,"Society, Religion & Culture"
Skeletons in the Left Front cupboard,Politics & Government
Left MP faces expulsion,Politics & Government
Seminar on disaster management today,Weather & Disaster
Sangli youth arrested for cheating,Crime & Law/Judiciary
Indore police to leave for Dehradun to arrest Prabhakar,Crime & Law/Judiciary
SC notice to Centre on tardy Bofors trial,Crime & Law/Judiciary
SIMI activists remanded in bomb case,Defence & Security
Bonanza for film buffs,Entertainment & Lifestyle
Amritsar mental hospital refuses chained patients,Health
Seized fake TB drug could spread disease,Health
Bank unions plan to disclose defaulters name,Business & Economy
Open violation of poll code,Politics & Government
Hi-tech weapons mooted to fight crimes,Defence & Security
VHP asked to deposit Ayodhya records with Liberhan,"Society, Religion & Culture"
Bid to revive SKU teachers' body,Education & Recruitment
Assamese film selected for Film Fest,Entertainment & Lifestyle
Sena concerned at failure of bigwigs to pacify activists,Politics & Government
DC sore over 'no-drought' tag for Hiriyur,Weather & Disaster
Govt clears 4 units worth Rs 90 cr,Politics & Government
Govt rules out ordinance on CNG,Politics & Government
4 dacoits arrested; cash recovered,Crime & Law/Judiciary
TMC poser on judge,Crime & Law/Judiciary
KPTC chief warns of loadshedding; tariff hike,Business & Economy
Court asks Govt to reply on embassy in Brazil issue,Crime & Law/Judiciary
Talent search exam results,Education & Recruitment
Rs 7-cr released for school buildings,Education & Recruitment
MCC was inviting action from Giridih police,Crime & Law/Judiciary
Nude parade: CPM wants judicial probe,Crime & Law/Judiciary
Government all set to abandon water charges committee,Politics & Government
Sudarshan kriya comes to help of heart patients,Health
Unemployment hits anti-naxal drive,Defence & Security
CM's plea to Centre on AIR,Politics & Government
Student hurt as ceiling fan falls,Education & Recruitment
Virbhadra got cancer patient arrested: CM,Crime & Law/Judiciary
8 more held in mosque desecration case,"Society, Religion & Culture"
Cabinet clears move for energy sector reforms,Politics & Government
LNMU defies court order; fails to pay arrears,Crime & Law/Judiciary
Una Roy seeks quashing of FIR,Crime & Law/Judiciary
NCP names candidates for by-polls,Education & Recruitment
Propagating communal harmony through festival,"Society, Religion & Culture"
Rainfall in kodagu lower than last year,Weather & Disaster
Rajya Sabha adjourned over Moopanar's death,Politics & Government
GO on quota for women quashed,Politics & Government
Roda Mistry in judicial custody,Crime & Law/Judiciary
Rupee weakens slightly against the US dollar,Business & Economy
Man killed in group clash,Crime & Law/Judiciary
Bangalore to have first cyber police station,Crime & Law/Judiciary
9 more Army men killed in J&K,Defence & Security
Property tax reforms on anvil,Business & Economy
Notice to govt for checking noise pollution,Politics & Government
Attack on police station by Jainandan gang foiled,Crime & Law/Judiciary
Hike in payout for victims of naxal attacks,Defence & Security
Samata Party dharna at NN,Politics & Government
Nude parade: Guardians of Nakedness?,Other
Loss-hit EDC to refuse loans to IT units,Business & Economy
Land scam unearthed,Crime & Law/Judiciary
Criminals' hideout raided; 1 arrested,Crime & Law/Judiciary
HC bans showing of Hindi movie Lajja by cable operators,Entertainment & Lifestyle
Security beefed along Indo-Nepal border,Defence & Security
Edinburgh mela: Britain's biggest melting pot,International/World
Govt yet to learn lessons from scams,Politics & Government
Vasant Kunj pays dearly for water,Other
Major; jawan injured in blast in Kashmir,Defence & Security
Earning women are prone to crime,Crime & Law/Judiciary
Aviation security group being raised: Minister,Politics & Government
UCO Bank revises interest rate on term deposits,Business & Economy
State initiates changes in election rules of municipal councils,Politics & Government
Dreaded KCF militant extradited from US,Defence & Security
LLB examination unfair; Rohtas judge tells HC,Crime & Law/Judiciary
Woman raped and murdered in Yaliwal village,Crime & Law/Judiciary
FDI inflows up at $2.3 bn till July,Business & Economy
Teachers mum about primary questions,Education & Recruitment
Serial bomb blast case adjourned,Defence & Security
CM lends voice to Indranil's company,Business & Economy
Country's first Cyber crime police station opens,Crime & Law/Judiciary
Big B plans foreign equity; IPO for AB Corp,Business & Economy
Anti-dumping case against acrylic fibre imports,Business & Economy
Vigilance Bureau to probe into drug supply,Crime & Law/Judiciary
Minister promises regular power,Politics & Government
Convicted ex-minister seeks bail,Crime & Law/Judiciary
HC extends stay on M F Hussain's trial,Crime & Law/Judiciary
Folk theatre will be used to publicise govt schemes,Politics & Government
BJP trying to exploit Hindus' sentiments: BSP,Politics & Government
Drought relief works in Gadag planned,Weather & Disaster
'PM's efforts on Ayodhya will be fruitful',"Society, Religion & Culture"
Campaign winds up; DUTA poll today,Politics & Government
Students skip classes against fee hike,Education & Recruitment
IT searches in branches of health clinic,Health
Just what the doctor was ordered,Health
Temporary transfer of lecturers leave students in a quandary,Education & Recruitment
Govt admits security lapse,Politics & Government
Housing policy within 10 days: Minister,Politics & Government
Court issues contempt notice against lawyer in Gulshan case,Crime & Law/Judiciary
Withdraw GO on land revenue; govt urged,Politics & Government
HC allows Tyagi to stay on in hospital,Health
RBI's Warning,Business & Economy
MIDDLEbrOh Noh Its Japan,International/World
A-I's US expansion hits an air pocket,International/World
9th century Jain temple unearthed,Sports
Govt to ease tariffs on Pak imports,Business & Economy
Probe ordered into Vizag custody death,Crime & Law/Judiciary
Govt not to crack whip on power defaulters for now,Politics & Government
Tobacco Board planning to bail out ryots,Crime & Law/Judiciary
Punish MS for delaying treatment of kidney patient,Health
The two young jewels in India's chess crown,Sports
Kerala celebrates Onam amid gaiety,Other
Police agree to relax meter rule for autos,Crime & Law/Judiciary
Opening for teachers in UK under fire,Education & Recruitment
Farmers oppose BUDA plans to acquire land,Other
Ronen Sen will be new envoy to Pakistan,International/World
Kamal all set to cross Bollywood barrier,Entertainment & Lifestyle
'China's railway line poses a threat',International/World
Govt staff to get salaries today,Politics & Government
No rabies vaccine in govt hospitals,Health
Wireless sets for MYsore police,Crime & Law/Judiciary
Govt fears violence could spread,Politics & Government
Cong leader berates govt on Yeleru scam,Crime & Law/Judiciary
21 killed; 25 hurt in bus mishap,Crime & Law/Judiciary
SC/ST panel orders probe,Crime & Law/Judiciary
Varanasi hero loses out to govt,Politics & Government
1;200 students participate in state talent search exam,Education & Recruitment
Businessman killed,Crime & Law/Judiciary
Security guard held for rape at Verna,Crime & Law/Judiciary
BJP; SAD washing dirty linen in public,Politics & Government
BJP fields Meghwal for Tonk Lok Sabha bypoll,Politics & Government
Salma and her Hollywood hunks!,Entertainment & Lifestyle
Give us mango kernel; we'll give rice,International/World
MCI to screen foreign degree holders,International/World
Wheat exports to Iraq likely to resume,Business & Economy
Caste Consciousness BRInitiate an Open Discussion in Durban,"Society, Religion & Culture"
'Osho' an enigma even after arrest,Crime & Law/Judiciary
CM greets Malayalees on Onam,Politics & Government
Kidnapping bid in city; four arrested,Crime & Law/Judiciary
Police attack naxal camp in Adilabad,Defence & Security
Police HQ staffer gets phone bill of Rs 12. 39 lakh,Crime & Law/Judiciary
BS-4 declares war against Mayawati; Dalits join in,"Society, Religion & Culture"
Power cut in city areas on Sept 1; 2,Business & Economy
Govt says no to genetically engineered seeds,Politics & Government
CM wants Centre to rein in banks,Politics & Government
Shiv Sena corporator held for violence,Politics & Government
NDA rejects Rabri's invitation to meet PM,Politics & Government
Court refuses injunction on library's closure,Crime & Law/Judiciary
Strive to attain social justice: Agnivesh,Other
Ex-MP's son Cong nominee for Vuyyuru,Politics & Government
2 fishermen injured in firing by Lankan navy,Defence & Security
Bharti in talks with China firms,International/World
Sonia asks PM to provide grains for the famished,Politics & Government
Govt plans complex to give tourism a boost,Politics & Government
Students exhibit their talent at poets' meet,Education & Recruitment
Court stays Lajja release,Crime & Law/Judiciary
CM launches health card,Health
17-hour-old baby undergoes heart surgery,Health
Court stays release of Lajja,Crime & Law/Judiciary
Mineral water sellers' plea to reduce sales tax,Business & Economy
Nugas allowed to convert any diesel bus,Business & Economy
Sumptuary allowance of PM; ministers to be doubled,Politics & Government
Mutual fund industry to grow by 25%: AMFI,Business & Economy
Life term for 6 convicted in 1993 Kolkata blast,Crime & Law/Judiciary
MLA's charge: Youth Cong to wait and watch,Politics & Government
Stay on Hussain's trial extended,Crime & Law/Judiciary
STATESCAN: Health programme to be introduced,Health
China is our spitting image,International/World
HC stays order summoning AIIMS director; doctor,Health
India rejects Musharraf's claim,Politics & Government
KC canal farmers to lose a crop season to drought,Weather & Disaster
1 killed; 4 children hurt in Srinagar blast,Crime & Law/Judiciary
Govt stops grants to Goa University,Education & Recruitment
VHP to target Ram Temple opponents in UP polls,"Society, Religion & Culture"
Dental congress to discuss oral health in rural areas,Health
Serial diet at 7 am: Simple Soul Curry,Entertainment & Lifestyle
Prabhakar gets anticipatory bail in cheating case,Crime & Law/Judiciary
Britney's film debut!,Entertainment & Lifestyle
GCCI hails govt efforts to promote industries,Politics & Government
People asked to keep local police phone nos.,Crime & Law/Judiciary
BJP meet on in Madikeri on Sept 18,Politics & Government
TDP fields late MLA's wife for Vuyyuru bypoll,Politics & Government
WTO panel to examine US anti-dumping amendment,Education & Recruitment
HC stays CMM's order summoning AIIMS director; doctor,Health
Net4india's new tariff,Business & Economy
Krishna govt has failed on all fronts: Tanga,Politics & Government
China destroys 16.4 mn copies of pirated CDs,International/World
CM's intervention sought,Politics & Government
Mood in the Industry,Business & Economy
No time frame for my return: Tendulkar,Sports
Inter-school badminton tourney in mid-Sept,Sports
Propagating Malayali culture through Samaikya,"Society, Religion & Culture"
SSB forces to man border in Madhubani,Defence & Security
Police have no kit to test cocaine use,Crime & Law/Judiciary
Telecom exhibition inaugurated,Business & Economy
Kerala drafting new IT policy,Politics & Government
Knee replacement surgery in Mysore now,Health
Soz meets Vajpayee on J&K,Politics & Government
New Disney comedy fails to amuse Indians,Other
Govt says no to genetically engineered seeds,Politics & Government
Low-cost health checkup camp from Sept 1 to 30,Health
Kerala drafting new IT policy,Politics & Government
Ex-Cabinet secy plans PIL to teach Sena a lesson,Politics & Government
For IT; it's China advantage,International/World
Govt invites intitial bids for 32.6% stake in HOCL,Politics & Government
Convergence bill introduced in Lok Sabha,Politics & Government
Police have no kit to test for cocaine use,Crime & Law/Judiciary
NGOs will raise issue of casteism at UN meet,International/World
An engineering student who runs an IT major,Education & Recruitment
Disaster management draft policy in final stages,Weather & Disaster
Rural youth to fill teachers' posts: DC,Education & Recruitment
Doctor prescribes feed for dead baby,Health
Teachers to intensify stir,Education & Recruitment
Vaishali women; killed for dowry; recovered alive,Crime & Law/Judiciary
Malayalee migration since the 15th century,Sports
Bomb rips through car; driver injured,Defence & Security
3 killed in mishaps,Crime & Law/Judiciary
Police personnel set to lose increments,Crime & Law/Judiciary
Bollywood Tarzan fined for assault,Crime & Law/Judiciary
Police advice to children; old people,Crime & Law/Judiciary
Ministers face tough time in Jharkhand assembly,Politics & Government
Former hockey star slams IHF,Sports
Lone condemns burqa diktat,Other
Varsity students' strike 'partial',Education & Recruitment
Minister urged to allay fears on Singatalur,Politics & Government
Honey; this biz isn't phone(y),Other
Allegations against power minister,Politics & Government
Rupee weakens further against US dollar,Business & Economy
Session ends; Vajpayee; Sonia trade charges,Business & Economy
SAD-BJP coalition in dilemma,Politics & Government
One arrested in SP activist's murder case,Crime & Law/Judiciary
Hospital foots hefty bills for 2 needy patients,Health
Officials keep CM 's find in dark,Politics & Government
42 police officers lose stars HC ruling,Crime & Law/Judiciary
Hurriyat enjoys mandate of Kashmiri people,Politics & Government
12 infiltrators among 17 killed in Valley,Defence & Security
Police officer's drive ensures peaceful Ganeshotsav,Crime & Law/Judiciary
Pak court acquits two MQM members,Crime & Law/Judiciary
Travel agents make hay as yellow fever vaccine is in short supply,Health
Reception for Hurriyat team today,Politics & Government
CM's assurance to panchayat officials,Politics & Government
Clash over property: 2 killed,Crime & Law/Judiciary
Discrimination against Dalits a genocide,"Society, Religion & Culture"
Rs 500 cr investment proposals for Jharkhand in a week,Business & Economy
Folk-tale rich India should be good animation market,Business & Economy
Russia not to take lead in resumption of nuclear tests,International/World
One killed; two injured in Kashmir firing,Crime & Law/Judiciary
Govt orders recruitment of teachers; strike continues,Education & Recruitment
Tandon flays PWD working,Other
Fishing boat explodes; one killed in Lanka,Crime & Law/Judiciary
Militants attack tea estate in Assam,Defence & Security
Lebanese children call for UN protection of Palestine children,International/World
Vajpayee should prepare well for New York talks,Politics & Government
Clashing Dalit outfits caned,"Society, Religion & Culture"
Bank officer gets 2-year RI,Business & Economy
Art of living lessons for jail inmates,Crime & Law/Judiciary
SIA withdrawal a setback: Govt,Politics & Government
Hariprasad is new AICC secy,Other
2-day CMAG meet in London from Monday,International/World
Not for lack of rules; but political will,Politics & Government
7 civic body chiefs face arrest over corruption,Crime & Law/Judiciary
Tata to take over Indian Bank's MF unit,Business & Economy
Sonia raises pitch for state elections,Politics & Government
Academics divided on Ayodhya inscription,"Society, Religion & Culture"
Vajpayee to meet Bush on Sept. 24,Politics & Government
India; Russia to sign document on Sukhoi-30,International/World
MCD officials to be penalised for not obeying order,Other
CPM suspends errant MP,Politics & Government
2;410 applications valid after scrutiny in Bangladesh,International/World
Back to school!,Education & Recruitment
Studying at the Nizam's College,Education & Recruitment
Festival expresses the imagination of Mumbai through local talent,"Society, Religion & Culture"
Cops' transfer raised in Assembly,Politics & Government
BJP fields Upendra Trivedi from Sabarkantha,Politics & Government
MFs Jilt Equity; Court Debt,Crime & Law/Judiciary
PM harping on Ayodhya issue: Mulayam,"Society, Religion & Culture"
BJP leader's house attacked,Politics & Government
Beur jail AIDS camp a flop show,Crime & Law/Judiciary
New Reliance regenerative medicine centre in Thane,Health
Police put brakes on inter-state gang of car-lifters,Crime & Law/Judiciary
Moulin Rouge rocks London Pub,International/World
Centurion Bank denies reports about merger,Business & Economy
Fake encounter: CID yet to arrest accused policemen,Defence & Security
CM pleads helplessness on HC bench issue,Politics & Government
Petrol adulteration unit raided,Business & Economy
Rivals clash on campus,Education & Recruitment
Sonia lashes out at NDA govt on price rise,Business & Economy
Centurion Bank denies merger with HDFC,Business & Economy
Supreme court allows S.P. Hinduja to go abroad,Crime & Law/Judiciary
SCHOLARSHIP WATCHbrThe Gates Cambridge Scholarships,Education & Recruitment
Fardeen Khan: Doing Music Videos?,Entertainment & Lifestyle
Maneka's absence in LS embarrasses govt,Politics & Government
Power problem in Jharkhand electricity board,Business & Economy
Stiglitz for reform of World Bank,Business & Economy
Stone writ could hold key to Ayodhya,"Society, Religion & Culture"
PM unveils 14-point reform agenda,Politics & Government
PCB to hire private agency for entry tax collection,Business & Economy
Death of salesgirl: HC orders CoD probe,Crime & Law/Judiciary
Govt announces Rs 50;000 compensation,Politics & Government
Europe happily plays the racism charade,International/World
Can't say when I'll return: Sachin,Sports
JCO; 2 ultras killed in J&K encounter,Defence & Security
CM caught between TD leaders;officials,Politics & Government
Public poll for charnock site,Politics & Government
And now; MCI will screen foreign degree holders,International/World
Names of former naxalites removed from police records,Defence & Security
Engg questions weren't part of syllabus; say students,Education & Recruitment
Suresh Jain re-elected co-op bank chief,Business & Economy
The Curator as Investment Advisor,Business & Economy
Leaders getting disillusioned with BJP: Rai,Politics & Government
Special FD scheme for senior citizens,Other
Hurriyat leaders to visit Kerala amid protests,Politics & Government
BJP may deny tickets to MLAs with criminal links,Politics & Government
Dighe's death: Sena plans to sue Singhania hospital for 'negligence',Health
Park memories fading due to neglect,Other
World Bank team begins study in Gulbarga,Business & Economy
Vanaspati industry presents wishlist to govt,Business & Economy
Govt gesture makes MLA rethink on border row,Defence & Security
Morocco calls to fight illegal immigration,Other
4 kidnapped persons; 5 ultras killed in J&K,Crime & Law/Judiciary
Tilak Nagar mandal seeks time to reply to police charges,Crime & Law/Judiciary
Two doctors arrested for 'selling' baby to Kalina resident,Crime & Law/Judiciary
Tansi case has echo in Assembly,Politics & Government
Jalgaon transportation contract was not overpriced; says food minister,Politics & Government
Servant found murdered in Vikas Nagar,Crime & Law/Judiciary
Govt mulls taskforce on conditional access system,Politics & Government
BJP to hold Janata Adalat on drought,Weather & Disaster
3 die as bus; auto collide,Other
CAG indicts Keshubhai for turning private foreign tour into an official one,International/World
'Good monsoon' re-kindles hopes for market revival,Weather & Disaster
Europe happily plays the racism charade,International/World
US to shift over 60;000 troops to Asia,International/World
Cannes won over; director trains lens on Swamiji,Entertainment & Lifestyle
Over 300 Hindus killed in Doda in last 7 years,Crime & Law/Judiciary
Indian students jostle for slots in top U.S. B-schools,Education & Recruitment
Tehelka probe: Panel records evidence in binocular deal,Crime & Law/Judiciary
Goon lynched after robbing passenger,Other
A season of fashion,Entertainment & Lifestyle
5 held for theft of gold biscuits,Crime & Law/Judiciary
Rajnath may announce quota policy before dissolving UP House,Politics & Government
CBI crawls out of tardiness,Crime & Law/Judiciary
No chance of AIADMK-BJP alliance: Ganesan,Politics & Government
Use of lethal police force to control riots questioned,Crime & Law/Judiciary
HC stays order summoning AIIMS director,Entertainment & Lifestyle
Gujarat police let down by poor intelligence network,Crime & Law/Judiciary
Basavaraj Bommai; Srinivas to tour drought-hit dists,Weather & Disaster
India may not side with Russia on NMD: Report,International/World
Students go berserk in Hamirpur; 1 killed,Crime & Law/Judiciary
Naxalite menace: Central team in Orissa,Defence & Security
Test cricket under floodlights now,Sports
Split in AICF leaves chess in disarray,Sports
Thailand calls for more AIDS fund,Health
US slaps sanctions on Pak; China entities,International/World
Minister visits drought-hit Kundgol,Weather & Disaster
Jabbar militants extend burqa deadline till Sept 10,Defence & Security
Govt wakes up to minerva,Politics & Government
Gujarat Govt fears violence could spread,Politics & Government
At last a Theatre Festival,"Society, Religion & Culture"
11 killed as bus falls into gorge in Chamoli,Crime & Law/Judiciary
BJP criticises Amarinder,Politics & Government
Srikanta's wheel rolls on with Hindi album,Entertainment & Lifestyle
Cannes won over; director trains lens on Swamiji,Entertainment & Lifestyle
FDI in US comes down drastically,Business & Economy
Bihar govt wants banks to chant rural mantra,Politics & Government
Four persons killed in separate mishaps,Crime & Law/Judiciary
CBI inspector alleges threat by Laloo lawyer,Crime & Law/Judiciary
Eco-friendly school,Education & Recruitment
BMS-affiliated unions to oppose RBI strike on Sept 6,Business & Economy
Muslim League to field bomb blasts accused in civic polls,Defence & Security
Centre needn't monitor state schemes: CM,Politics & Government
Abandonment of psychiatric patients increasing in Assam,Health
Vasan is not new to politics,Politics & Government
Dismissal of Rabri govt demanded,Politics & Government
'Which 'mad person' said BJP will do poorly in UP?',Politics & Government
Traditional Muslim leaders upstaged by hawkish younger lot,"Society, Religion & Culture"
Just what the doctor was ordered,Health
Proposal for intensive care complex at cantt. hospital rejected,Health
Asoka to debut at Toronto film fest,Entertainment & Lifestyle
The govt is with you; Kharge tells nude parade victim,Politics & Government
15;000 diarrhoea; gastro patients treated,Health
Daughter confesses to killing ex-MLA; family,Politics & Government
Malik permitted to go to US for operation,International/World
Ghising attack case reopened on arrest of GLO activist,Crime & Law/Judiciary
Fake orders land smuggler in trouble,Crime & Law/Judiciary
Two held for extortion attempt,Crime & Law/Judiciary
Congress may join Left agitation,Politics & Government
Apex court orders states to pay revised scales to judicial officers,Crime & Law/Judiciary
2 inter-state gang members killed in encounter,Defence & Security
Rinwa seeks probe into bungling of MC funds,Crime & Law/Judiciary
Indian scientists decry U.S. step on N-imports,Business & Economy
Probe ordered into police firing,Crime & Law/Judiciary
Song sung true,Entertainment & Lifestyle
Govt mulls speed limit for vehicles,Politics & Government
Team Vajpayee gets a facelift; not makeover,Politics & Government
Minor's rape surfaces after six months,Crime & Law/Judiciary
Sikkim govt signs MoU for manufacturing power transistors,Politics & Government
MSU student leaders gear up for 'high-tech' election,Education & Recruitment
Modi left out of CM's all-party team,Politics & Government
Indian pull out doom for Bangla cricket,Sports
RPF recovers 350 kg foreign cigarettes,International/World
Dalit students lock up welfare office,Education & Recruitment
Govt embarrassed over Maneka's absence,Politics & Government
Youth Cong call to unseat NDA govt,Politics & Government
doctoranywhere.com links city hospital to experts,Health
VAT to replace sales tax from next year,Business & Economy
8 Pak soldiers killed in firing along LoC,Defence & Security
150 world peace figures to meet in Bali,International/World
Century investor hurt in attack,Sports
Uttam had written two film scripts based on short stories,Entertainment & Lifestyle
Ganesh Mandals play key role: Minister,Politics & Government
Jurisdiction of tax payers reorganised,Business & Economy
Opposition willing; Govt has its bills,Politics & Government
'Sky-bus' gets the nod from govt committees,Politics & Government
Customs raids to stub out foreign cigarette sale,International/World
Ayodhya will not be a poll issue: Rajnath,"Society, Religion & Culture"
John Abraham: Off to London for his D-Day,International/World
It is election time at DU,Politics & Government
Political Wannabes,Politics & Government
Union finance minister backs Digvijay,Business & Economy
Women control half of drug trade,Business & Economy
Ladies Special,Other
The angry Sikh,"Society, Religion & Culture"
Level of defiance worries Sena strategists,Politics & Government
Thackeray condemns attack on Thane hospital,Health
Koneru Humpy eyes world title,International/World
TMC MP among members nominated to Congress Trust,Politics & Government
Dacoits kill guard; loot college,Education & Recruitment
Sessions court to hear Tyagi's bail plea tomorrow,Crime & Law/Judiciary
Memorials to terrorists dot Punjab villages,Defence & Security
Awards for retired school teachers,Education & Recruitment
VMC; BJP on collision course,Politics & Government
ICICI Bank seminar for exporters,Business & Economy
Expose more important than Tehelka method,Business & Economy
The astound of music,Entertainment & Lifestyle
Hurriyat leaders fail to turn up in Kerala,Politics & Government
Vijay Goel gets a cabinet berth,Politics & Government
Concert pays tribute to musician,Entertainment & Lifestyle
Champions of the world,International/World
Telecom workers threatens agitation,Business & Economy
States' vision must be yardstick for Central aid: CM,Politics & Government
1 naxalite killed; police repulse attack,Defence & Security
Students stay home as teachers' strike continues,Education & Recruitment
Royal Nepal Airlines resume flights,International/World
Sons of policemen held for extortion,Crime & Law/Judiciary
One killed in clash during Ganesh idol immersion,Crime & Law/Judiciary
Making it to the global top league in IT education,International/World
Party needs violence to sustain itself,Politics & Government
In two smart moves; CM wins over rivals & hushes critics,Politics & Government
Gogoi files nomination for Assam by-election,Politics & Government
Rs 30 crore scam detected in health dept,Crime & Law/Judiciary
Court rejects bail plea of bomb blast accused,Defence & Security
13 cops get anticipatory bail in custodial death case,Crime & Law/Judiciary
CPA covers university services also,Education & Recruitment
TADA court pulls up doctors,Crime & Law/Judiciary
Young artists contract malaria in Jharkhand,Health
Filmi Fundas Festival to be held in London,"Society, Religion & Culture"
Family feud turns violent; one killed,Crime & Law/Judiciary
CM releases book on youth,Politics & Government
Nude parade victim shifted to Bangalore hospital,Health
Fighting crime on a bicycle,Crime & Law/Judiciary
Women's writings find place in Sanskrit syllabus,Education & Recruitment
4 monitors of Sec 37 school endure slap marathon,Sports
School bus operators strike leave students stranded,Education & Recruitment
The China syndrome,International/World
Minister performs bhoomi puja for 2 maternity homes in Bellary,Politics & Government
Congress to go alone in UP polls,Politics & Government
Caste; class cast them aside,"Society, Religion & Culture"
Brain behind robbery caught,Crime & Law/Judiciary
Just you wait Henry Higgins; Global English's on its way,International/World
HC restrains medical centre from using Parliament's picture,Health
Illegal occupants driven out of hospital,Health
Uncertainty clouds fate of Class III posts' examimation,Education & Recruitment
VAT to replace sales tax from next year,Business & Economy
CPM happy over non-BJP parties' participation in meet,Politics & Government
Jail inmate enters into wedlock,Crime & Law/Judiciary
DSS to block minister's vehicle,Politics & Government
Josh: A festival of films,"Society, Religion & Culture"
BJP campaign picks up pace,Politics & Government
IT.Com-2001 focus on bio-tech and agriculture,Other
8 pc hike in power tariff likely,Business & Economy
Doctors helpless as kin refuse to part with donor's eyes,Health
Govt to act on smoking ban after nod to Bill,Politics & Government
Inflation shoots to 5.48 per cent,Business & Economy
I am passionate about my team: Ganguly,Sports
8 killed in J&K incidents,Crime & Law/Judiciary
IndusInd bank prepares for shedding Hinduja stake,Business & Economy
BRAOU Urdu classes on TV,Other
Mass child marriage in Rajasthan,"Society, Religion & Culture"
Scam detected in drought relief,Weather & Disaster
Left attacks govt's flood handling,Weather & Disaster
Temple wall ransacked,"Society, Religion & Culture"
Moopanar's son elected TMC president,Politics & Government
Confusion over crackdown on ultras in Pakistan,International/World
Trans-border smugglers as guides to militants,Defence & Security
Mahesh Manjrekar: Next step Hollywood?,Entertainment & Lifestyle
Doctors target labourers in baby racket,Health
Allum's resignation demanded,Politics & Government
Madhuri: Recommending marriage?,"Society, Religion & Culture"
Fatorda MLA given police protection,Crime & Law/Judiciary
ULFA commander among three killed in Assam,Crime & Law/Judiciary
Concessions for SSIs of non-resident Keralites on anvil,Other
Rules no bar; cash flows freely for DUSU poll,Politics & Government
Four more hours of power cut by GEB,Business & Economy
V P Singh to depose before Ayodhya panel,"Society, Religion & Culture"
ZP kidnapping: PCC secy flays police,Crime & Law/Judiciary
CM seeks more subsidy for state,Politics & Government
NCC student drowns while training,Education & Recruitment
BCCI's contract to IMG challenged in court,Crime & Law/Judiciary
Nag missile successfully test fired,Defence & Security
Jana Krishnamurthy welcomes cabinet reshuffle,Politics & Government
Power cut in city tomorrow,Business & Economy
Two arrested for impersonation,Crime & Law/Judiciary
AIIMS can confer degrees but is not a university,Education & Recruitment
TOTAL TIMEPASSbrThe Buddhas of Afghanistan,International/World
Tech varsity to hold special examinations,Education & Recruitment
SC; law cannot root out corruption,Crime & Law/Judiciary
'Agony Uncle' rushes to rescue harassed policy-holders,Politics & Government
Sena unable to dismount the tiger,Politics & Government
PM to mediate in border row,Defence & Security
PM warns against degeneration of culture,"Society, Religion & Culture"
Militants warn tailors on burqa,Defence & Security
Gilat seeks govt nod for selling V-SAT equipment,Politics & Government
'Aakasmik' violence in Nepal after royal palace massacre,International/World
State seeks more funds to tackle drought,Weather & Disaster
Howzzat! Lagaan XI versus Parliament XI,Politics & Government
Talent search exam rank holders felicitated,Education & Recruitment
Where Are The Facts; Mr Prime Minister?,Politics & Government
RLS' regenerative medicine centre in Thane,Health
400 school buses to stay off the roads today,Education & Recruitment
Implementation of govt order on illegal staff demanded,Politics & Government
Lennon tribute concert turns into benefit,Entertainment & Lifestyle
Flyover: CM to lay foundation this week,Politics & Government
Political parties support ban on trucks,Politics & Government
Delhi is talking about/Men in black hold court,Crime & Law/Judiciary
Teacher booked for sexual harassment,Crime & Law/Judiciary
Enron imbroglio may restrict FDI: Ernst & Young,Business & Economy
BCCI asks for tax exemption from government,Business & Economy
High Court stays order summoning AIIMS director,Crime & Law/Judiciary
CBI busts inter-state arms licence racket,Crime & Law/Judiciary
Taylor for more surgery,Health
China asks Pakistan to ensure safety of UN arms monitors,International/World
Stone writ could hold key to Ayodhya,"Society, Religion & Culture"
CM asks Centre to revise GAIL pricing,Politics & Government
NRI murdered in city,Crime & Law/Judiciary
Youth ghearo ministers; want Kannada school back in village,Education & Recruitment
CRIME FILE,Crime & Law/Judiciary
Chinese scholars upbeat on China-India-Russia ties,International/World
4 killed in karachi,Crime & Law/Judiciary
'West won't send us solar energy when it's cutting edge',International/World
Nadiad municipal teachers demand pending salary,Education & Recruitment
Sales tax rates revised,Business & Economy
World Rap: Tom and Nicole keep it secret,International/World
No director like Woody; say Hunt and Theron,Entertainment & Lifestyle
Educate both boy and girl; says Dy CM,Politics & Government
Mild tremor in Thiruvananthapuram,Weather & Disaster
Cinema therapy,Entertainment & Lifestyle
Give teachers their due,Education & Recruitment
US may resume nuclear testing,International/World
LNMUTA suspends affiliation to 'defiant' college units,Education & Recruitment
BJP workers ransack Rly station,Politics & Government
1 killed; 12 hurt in Srinagar bus explosion,Crime & Law/Judiciary
Meltron; Router School join hands for new academy,Education & Recruitment
Water meters installed by Congress too,Politics & Government
God is cool; religion is in!,"Society, Religion & Culture"
Marathon Marc!,Sports
4 ultras among 9 killed in J&K,Crime & Law/Judiciary
CM back from Delhi with his bags full,Politics & Government
Sean Penn hates Hollywood,Entertainment & Lifestyle
Call for ban on meat export,Business & Economy
Film producers; artistes feted,Entertainment & Lifestyle
Teachers strike disrupts studies,Education & Recruitment
ACB traps health dept officials,Health
Naxals gun down Andhra leader,Defence & Security
Housing Loans are in Vogue for Tax Planning,Business & Economy
STG to focus on telecom; healthcare; financial services,Health
Awards for govt lecturers; teachers,Education & Recruitment
Punia; wife fired at Sonia,Politics & Government
45 succumb to malaria; gastro in Chhattisgarh,Health
Modern sewer project for Alwal,Other
Minister lambasts militants' ploy,Defence & Security
Pak proliferating nuclear weapon tech,Defence & Security
Cabinet panel to deal with A-I sell-off,Politics & Government
Fashion world mixes it up with lots of contrast,Entertainment & Lifestyle
SEBI to probe Cyberspace share trades,Crime & Law/Judiciary
Bureaucrat takes on Education minister,Politics & Government
Immersion fanfare turns patients nightmare,Health
Wakf probe panel term extended,Crime & Law/Judiciary
Hopes & Help: Cancer patient needs aid,Health
Court rules against releasing Lajja,Crime & Law/Judiciary
Eight hunters killed; 34 injured in truck accident,Crime & Law/Judiciary
Details of PM-Bush meeting being worked out,Politics & Government
CERC warns govt on genetically modified foods,Politics & Government
Neetika weaves fashion into fabric,Entertainment & Lifestyle
Left partner asks govt to look into power cuts,Politics & Government
Fewer pilgrims at Ambaji fair,"Society, Religion & Culture"
Govt dragging feet on phaseout of old vehicles,Politics & Government
Bush govt for transformed Indo-US relationship,International/World
Despite govt claim; it's still mango kernels,Politics & Government
Bomb hoax in newspaper office,Defence & Security
Rupee rules rock-steady against $,Business & Economy
Patna Dental College and Hospital gets a reprieve,Health
Economic reforms not just for the rich: PM,Politics & Government
If you want to make a difference; you surely can,Other
Duo kills friend over a cigarette,Other
They like to party,Politics & Government
Statement on foreign funds for NST draws flak,International/World
Tale of a superstar,Entertainment & Lifestyle
Women councillors worried over loss of reserved seats,Business & Economy
Hurriyat hopeful of Vajpayee-Musharraf meet,Politics & Government
Naxalites in Bihar induct young women into armed squad,Defence & Security
Dalits' demand at racism meet rejected,"Society, Religion & Culture"
Financial planning: Health insurance is imperative,Health
Caste decides; but does not rule in Sabarkantha,"Society, Religion & Culture"
Dalits' demand at racism meet rejected,"Society, Religion & Culture"
Instil sense of 'Indianness' in Northeast: Advani,Politics & Government
Citizens to file PIL against Sena,Politics & Government
Gilts Surprise Investors with Hefty Returns,Other
UK faces pressure to apologise for slave trade,Business & Economy
GSDMA signs MoU on disaster management,Weather & Disaster
Naidu's fiat on Krushi Bank scam,Crime & Law/Judiciary
Policy to tackle drought needed,Weather & Disaster
Manila disaster looms over water board,Weather & Disaster
Doctors strike work,Health
Broadband companies enter IT war,Business & Economy
Reshuffle based on ministers performance; says Vajpayee,Politics & Government
SOG sleuths turn table on LU students,Education & Recruitment
Bachcha dares Samaresh to resign and contest poll,Politics & Government
CPI urges govt. to stop power cuts,Politics & Government
Reshuffle directionless; says Congress,Politics & Government
ITC aiming at Rs 750 cr agri exports,Business & Economy
Students take part in AISF competition,Education & Recruitment
Bakhtiarpur-Rajgir Rly line to be extended up to Gaya,Other
Policy on book sale needed,Politics & Government
Begin Tax Planning Now,Business & Economy
Minority status is due to the composite set-up of society,"Society, Religion & Culture"
Bomb explosion in Aizawl,Defence & Security
For foreign posting; come to UP as IAS,International/World
No fresh probe into Yeleru scam,Crime & Law/Judiciary
Police horses to be stationed at HPS campus,Crime & Law/Judiciary
CM hits Opposition Achilles' heel,Politics & Government
Fake ONGC recruitment racket detected in S Gujarat,Education & Recruitment
Shatru plays politician in Hindi play,Politics & Government
MF industry to grow 25% by July '02,Business & Economy
BJP workers burn posters of Madhuri,Politics & Government
Hail the CM; down with the Mayor,Politics & Government
New hope for GERD patients,Health
Court rules against Lajja release,Crime & Law/Judiciary
Doctors may be allowed to prescribe Viagra clones,Health
Key of Mark Haven with us: British Council,International/World
No negative impact of sanctions on Pakistan,International/World
Prepare action plan for Narmada project; says CM,Politics & Government
Meeting with PM positive: Laloo,Politics & Government
Police gather forces for visarjan,Crime & Law/Judiciary
CM 's office in saffron mix-up,Politics & Government
Students in Belgaum boycott classes,Education & Recruitment
Iraq keen to boost ties with India,International/World
Budding artists lose life's battle to malignant malaria,Health
Municipal tax based on Dutch model proposed,Business & Economy
Teachers in a fix over student dropout rate,Education & Recruitment
Cong raps govt for failing to aid drought-hit ryots,Weather & Disaster
BBA to strike work till Wednesday,Other
India says Pakistan misusing Islam,International/World
Advocates are avoiding professional tax: MCH,Business & Economy
Resident of Kalka held on rape charge,Crime & Law/Judiciary
Wah Taj! Bollywood romances the stones,Entertainment & Lifestyle
BJP wants share in CM 's power,Business & Economy
School-owned buses also off today in solidarity,Education & Recruitment
BJP to draw organisational strategy for UP,Politics & Government
IMC deplores bank's attempt to evict tenants,Business & Economy
Medical fraternity sick over Thane riots,Health
Volunteers give police tough time,Crime & Law/Judiciary
ATKT exam forms,Education & Recruitment
Thackeray slams attack on hospital,Health
CRIME FILE,Crime & Law/Judiciary
Illegal occupants driven out of MGM hospital,Health
Maid's death: Police explain stand,Crime & Law/Judiciary
Hurriyat leader condemns fatwa on burqa,Politics & Government
Rajnath not to make Ayodhya an election issue,"Society, Religion & Culture"
Drug to mop up cancer-causing genes,Health
Telecom firms get breather on dues,Business & Economy
Supreme Court questions 'Jyotir Vigyan',Crime & Law/Judiciary
Agri minister opposes palm oils import duty cuts,Business & Economy
Teachers want to get rid of wheat distribution duty,Education & Recruitment
The world's first lime-mortar building,International/World
Morcha; Cong lambast Badal govt,Politics & Government
From sinews of steel to hi-tech telecom space,Business & Economy
BHEL causes Rs 550-cr loss to TVNL: audit report,Business & Economy
PM; Sushma condole Kamath's death,Politics & Government
Buddhadev NC miffed with cabinet reshuffle,Politics & Government
Hurriyat has 'open mind' for talks,Politics & Government
Sonia; Krishna colonies popular,Politics & Government
US curbs on India linked to China; says expert,International/World
Doctors target labourers in baby racket,Health
Emotion rules over reason for Sena,Politics & Government
Nisha Mohota upsets Wang Yu in Asian chess tourney,Sports
Orissa govt blamed for starvation deaths,Politics & Government
Govt looks to Dhaka for natural gas supply,Politics & Government
Sri Lankan tour disappointing: Ganguly,Sports
Transport minister hospitalised,Politics & Government
My shotgun not aimed at PM: Shatrughan,Politics & Government
Govt slaps inspection notice on Reliance,Politics & Government
Sonia visit could be shot in the arm for Cong,Politics & Government
Police on the look out for journalist,Crime & Law/Judiciary
Pondy Assembly's budget session from Sept 5,Business & Economy
Tisco pulled up for flash floods,Weather & Disaster
Financiers apply brakes on 2nd hand car market sales,Business & Economy
India to participate in Asian sailing championship,Sports
2 militants killed in Assam,Defence & Security
Mahesh Manjrekar: Hollywood calling!,Entertainment & Lifestyle
Musharraf to raise Kashmir at UN,International/World
Army busts militants' camp in Manipur,Defence & Security
Left ally bars Lanka govt from devolving powers,Politics & Government
EDC-ICG stalemate: CM moots compromise formula,Politics & Government
Integrating AIDS; TB programmes need of the hour,Health
Alexandria film festival to honour Big B,Entertainment & Lifestyle
Tourism industry wants Jagmohan,Business & Economy
Manu Sharma denied bail; time bar set on trial,Crime & Law/Judiciary
Procurement from mid-Sept: CM,Politics & Government
Govt to cut spending on MLAs,Politics & Government
Police Welfare Society finds itself in a spot,Crime & Law/Judiciary
Flying Sikh still unmoved,"Society, Religion & Culture"
Students enthused about mercy-cum-marks project,Education & Recruitment
Govt plan to check Goa University expenses,Education & Recruitment
SCs; STs seek more govt jobs; take out rally,Politics & Government
Kashmir police official dismissed from service,Crime & Law/Judiciary
Mild earthquake in Shillong,Weather & Disaster
Army job hopeful killed in stampede,Defence & Security
Concern over high-level of Pak firing along LoC,Defence & Security
Direct recruitment of DySPs: Govt order stayed,Education & Recruitment
5 militants surrender in Kashmir,Defence & Security
VDS scheme for electricity consumers in Hansi,Business & Economy
Fire breaks out in apartment,Weather & Disaster
National racing championship from Sept 9,Sports
Floods have claimed over 40 lives,Weather & Disaster
Govt seeks Transparency in arms deals,Politics & Government
Ramaiah students concoct diesel-like fuel,Education & Recruitment
Probe into underworld funding of Ganesh festivities,Crime & Law/Judiciary
Unemployed may have to register with exchange,Business & Economy
SCHOOL TALK,Education & Recruitment
Caste-ing A Political Net,"Society, Religion & Culture"
Lata meets Advani,Politics & Government
Karnataka beat Hyderabad in Moin-ud-Dowla trophy,Sports
Human dignity as important as borders,Business & Economy
Orissa govt takes action against three officials,Politics & Government
'It's all a bloody conspiracy',Other
Kadam gets interim bail in Ramabai firing case,Crime & Law/Judiciary
Focus on pvt role in public health,Health
When Mohanlal turned cricket coach,Sports
Drug trade in India on a new high,Business & Economy
Three arrested in Kanpur bank scam,Crime & Law/Judiciary
Two children killed; six injured in Kashmir blast,Crime & Law/Judiciary
BJP leader seriously injured in attack,Politics & Government
BJP hopes high in Uttar Pradesh,Politics & Government
Congress in attack mode,Politics & Government
Former MLA's brother arrested,Crime & Law/Judiciary
Britain to hold asylum summit with France,International/World
TRP people meters 'fixed'; industry shocked,Business & Economy
Hallelujah! The police might yet become courteous,Crime & Law/Judiciary
No policy change on encroachment: Govt,Politics & Government
Police to provide list of 'criminal' students,Crime & Law/Judiciary
Wah Taj! Bollywood romances the stones,Entertainment & Lifestyle
IFDP yet to decide on joining NDA,Politics & Government
Honda-Siel PGA golf tourney from November 1,Sports
Teachers' day is another day of starvation,Education & Recruitment
Rohilkhand University closed after firing incident,Education & Recruitment
Roadside ice cubes are a health hazard,Health
India's N-programme needs no foreign help,International/World
Badal should break with BJP: Wadala,Politics & Government
Bihar flood worsens,Weather & Disaster
Move to cut teachers' retirement age flayed,Education & Recruitment
Dissolution of Manipur assembly okayed,Politics & Government
High Court unhappy with govt's version,Crime & Law/Judiciary
Health dept institutes probe into WB project bungling,Crime & Law/Judiciary
Bail plea of cop in firing case adjourned,Crime & Law/Judiciary
Rehab policy needed for major projects: Patil,Politics & Government
Jogi govt denies link with distillery scandal,Politics & Government
Humpy's father to open chess academy,Sports
Bikaner gearing up to implement govt scheme,Politics & Government
Kishanganj district's medical woes,Health
Pvt FM firms to be registered in India: Govt,Politics & Government
Teachers will have to be more accountable,Education & Recruitment
Hearing on Ayodhya case fixed for Sept 26,"Society, Religion & Culture"
Govt modifies order on foreigners,Politics & Government
Dalits' demand at racism meet rejected,"Society, Religion & Culture"
All those who died collected rice quota under PDS,Politics & Government
Primary teachers to boycott Teachers' Day function,Education & Recruitment
PM wants early steps to rev up economy,Business & Economy
PWG urged to shun gun culture,"Society, Religion & Culture"
India regrets US; Israel pullout from racism meet,International/World
1 killed in stampede in Army recruitment drive,Defence & Security
India fail to qualify for World Volleyball Championships,International/World
The Way We Are: Happy Teachers' Day!,Education & Recruitment
Khalistan leader Chohan granted bail,Crime & Law/Judiciary
Rabri interview amuses NDA,Politics & Government
Court tells CBI to furnish papers in Bofors case,Crime & Law/Judiciary
NGOs to campaign against Indian caste system,"Society, Religion & Culture"
Cabinet panel moots PG seat hike,Politics & Government
ISGPC taking shape in UK?,International/World
BJP shows allies who's the boss,Politics & Government
Hurriyat 'thanks' Sangh Parivar for hartal,Politics & Government
Congress-CPM are hand in glove; says Trinamul,Politics & Government
Flood water enters low areas of Bagaha,Weather & Disaster
Distributors wary of mega merger,Business & Economy
3-cornered contest likely in Siddipet by-election,Politics & Government
US lawmakers want curbs on Pak to go,International/World
Talks on to resolve Ayodhya issue: Shahnawaz,"Society, Religion & Culture"
What is Indianness? The culture of the cowbelt?,"Society, Religion & Culture"
Work without pay for health staff,Health
Suspended bank official held for credit card fraud,Crime & Law/Judiciary
Warangal ZP seeks Rs 50 cr for drought,Weather & Disaster
Bail plea in Faizulla case rejected,Crime & Law/Judiciary
Lure of perks led to Army job rush,Defence & Security
Sena scheme to make newborns millionaires at 30,Politics & Government
Paes-Raymond reach last 4 in US Open,International/World
Court urged to expedite proceedings in Coimbatore blast case,Crime & Law/Judiciary
Rupee ends sharply lower against $,Business & Economy
Merger to create Rs 3;300 cr Indian behemoth,Business & Economy
Patent seeker gets a patient ear at last,Health
1;000 students clear NTS exam,Education & Recruitment
Govt to consider re-introducing octroi,Politics & Government
Bandh hits normal life in South Tripura,Politics & Government
MK's maths lesson to minister,Politics & Government
Engg students stumped by out-of-syllabus questions,Education & Recruitment
Drought situation continues unabated,Weather & Disaster
Congress hopes an encore at Vuyyuru,Politics & Government
Financial bodies lock horns; govt in a fix,Politics & Government
Shruthi Dhawan ousted from ITF tennis tourney,Sports
NAAC team visits Punjabi University,Education & Recruitment
US re-think on N-testing causes concern,International/World
South Mumbai is hot property: Mega deals brighten up market,Business & Economy
Stone industry hits a trough,Business & Economy
Digital India unfazed by merger,Business & Economy
Rail budget optimism fading; admits Nitish,Business & Economy
Javed Khan arrested for halting traffic,Crime & Law/Judiciary
Gopalganj; West Champaran areas flooded,Weather & Disaster
Lie detector fails to enthuse police officials,Crime & Law/Judiciary
Now; Tihar deals in school meals!,Education & Recruitment
115 candidates pass soldiers test,Defence & Security
Confusion rules govt handling of agriculture,Politics & Government
Does Indianness mean cowbelt culture; Mr Advani?,"Society, Religion & Culture"
Rajnath; BJP's mascot for UP polls,Politics & Government
Yogesh Gore emerges W Bengal chess champ,Sports
Teachers unhappy with new ways to teach English,Education & Recruitment
US resumes research on biological weapons: Report,Defence & Security
Ronny Mendonca's call to unitedly fight corruption,Crime & Law/Judiciary
Food festival at Chinchinim,"Society, Religion & Culture"
Four of a family killed in blast,Crime & Law/Judiciary
Anti-corruption drive at city govt hospitals,Crime & Law/Judiciary
Minority students most affected by shortage of seats,Education & Recruitment
Industry offer to back modern labs in all universities,Business & Economy
Uddhav flays police action against Sainiks,Crime & Law/Judiciary
Aamir: Kicked butt!,Entertainment & Lifestyle
Panel to probe ticket scam,Crime & Law/Judiciary
Draft policy lays stress on primary health care,Health
Yerrannaidu cautions BJP,Politics & Government
Militants attack police stations in Kashmir,Defence & Security
SEBI nod for futures trading on 31 stocks,Business & Economy
Two's company for a cyclathon!,Business & Economy
Teenager drowns during Ganapati immersion,Other
9 militants killed in Poonch encounters,Defence & Security
CM hints at law for cable operators,Politics & Government
A brush with London,International/World
Technical snag hits 'Dial your CM',Politics & Government
Indiatimes Clubs brings alumni together,Other
Court refuses to extend Lajja stay,Crime & Law/Judiciary
Order on Tyagi's bail plea tomorrow,Crime & Law/Judiciary
CPI-ML ready to join hands with Congress,Politics & Government
Five-judge HC bench to hear handcuffing case,Crime & Law/Judiciary
BSF jawans kill three Bangladeshi intruders,Defence & Security
Court orders day-to-day trial in Jessica case,Crime & Law/Judiciary
Jamshedpur trader seeks police protection,Crime & Law/Judiciary
SI; criminal in police net,Crime & Law/Judiciary
Another hawala man in police net,Crime & Law/Judiciary
Mehta writes to Vajpayee over CAG report on Keshubhai,Politics & Government
Scan facilities: Govt hospitals take private aid,Politics & Government
Lawyer jailed for molesting woman,Crime & Law/Judiciary
Vajpayee-Musharraf meet on Sept 25,Politics & Government
LU hostel provost resigns,Politics & Government
Water; air; politicians & Khera's angst,Politics & Government
No corporate hand in transfer: Paswan,Business & Economy
Cattle disease affects a human,Health
China rejects US role in Taiwan,International/World
CM to visit drought-hit districts,Weather & Disaster
Law to protect security men: Advani,Politics & Government
Bad rainfall in rice-growing states,Weather & Disaster
The indomitable soldier,Defence & Security
Govt firm on rights issue route for Maruti sell off,Politics & Government
Man sentenced for raping daughter,Crime & Law/Judiciary
Das accused loses clinic refuge,Health
BJP condemns burqa ultimatum by militants,Defence & Security
Kalam on religion's higher purpose,"Society, Religion & Culture"
To teachers with love,Education & Recruitment
Making your car theft proof,Crime & Law/Judiciary
CBI indicts two for custody death,Crime & Law/Judiciary
Law students file PIL to expose railway lapses,Education & Recruitment
2 killed; 3 injured as tractor overturns,Crime & Law/Judiciary
Stage set for All India Open badminton tourney,Sports
Sebi norm will hit TCS listing plans,Business & Economy
CLUES helps to solve murder cases,Crime & Law/Judiciary
Police officer swims into Limca book of records,Crime & Law/Judiciary
Robinson lauds NHRC stand on Dalits,"Society, Religion & Culture"
Probe ordered into tunel leakage,Crime & Law/Judiciary
Award for 5 Haryana teachers,Education & Recruitment
Women teachers resent male domination,Education & Recruitment
Agro-exports to be freed from curbs,Business & Economy
Pak air force fleet much more potent today: Chief,Defence & Security
CID yet to submit report on CMC valve scam,Crime & Law/Judiciary
College lecturers decide to boycott September 5 fest,Education & Recruitment
Ex-servicemen file complaint against Army 'obstacle',Defence & Security
Teachers want pay arrears released,Education & Recruitment
Union minister Rudy slaps legal notice on Asian Age,Politics & Government
Govt. policies may affect education; say experts,Politics & Government
Cabinet meet cancelled,Politics & Government
BSF soldier killed in Jammu blast,Defence & Security
New park to boost secular culture,"Society, Religion & Culture"
PM for expediting national highways project,Politics & Government
Sonia to tour drought-hit areas,Weather & Disaster
Teachers for life,Education & Recruitment
Postal dept clueless about fraud,Crime & Law/Judiciary
'I'm the Supreme Court at home',Crime & Law/Judiciary
Khagaria district police ill-equipped,Crime & Law/Judiciary
Wild animals from Patna in Vizag zoo,Other
Sabarmati by-poll fever at AMC,Politics & Government
Bookies bat for Dravid,Sports
The doctor who soldiers on,Defence & Security
Cancer patient needs aid,Health
Bomb recovered from railtrack in Guwahati,Defence & Security
Shanties turn into hotbed of crime,Crime & Law/Judiciary
Mrs World goes platinum,International/World
Oza gives Hindutva edge to Congress campaign,Politics & Government
Sachin upbeat on South Africa tour,Sports
Man held for swindling bank of 2.3 crore,Business & Economy
No change in encroachment policy,Politics & Government
Panel to probe SPPL irregularities,Crime & Law/Judiciary
Vehicle owners asked to pay life tax,Business & Economy
Govt tampering voters' list :BSP,Politics & Government
What if Jaya is removed; apex court asks AG,Crime & Law/Judiciary
Mahanta resigns as AGP president,Politics & Government
The 'devil' is into fashion now,Entertainment & Lifestyle
Tyagi gets bail in Mumbai riots case,Crime & Law/Judiciary
PCMC to administer strong medicine to bogus doctors,Health
Sales tax on gold; silver lowered by 0.5%,Business & Economy
Accept Kashmiris as party to dispute: Lone,Politics & Government
BJP's post-reshuffle blues continue,Politics & Government
Dighe's doctor suffers heart attack,Health
BJP trashes Sukanta; dumps Nazrul,Politics & Government
Russia gears military to rebuff Islamic aggression,International/World
Pak offers Russia $130 m to launch spy satellite,International/World
Alleged Rajan gang member shot dead in encounter,Defence & Security
First cyber crime reported in city,Crime & Law/Judiciary
Biscuit technology needs upgradation: CFTRI chief,Other
Now; Tihar deals in school meals!,Education & Recruitment
CM meets Muslim delegation,"Society, Religion & Culture"
Sena demands ban on Lajja,Politics & Government
Life science tour for students,Education & Recruitment
Hollywood's hot; September's sizzling!,Entertainment & Lifestyle
Aged couple's murder: laundryman; associate arrested,Crime & Law/Judiciary
No biscuits for civic school students,Education & Recruitment
LEADERbrDont Blame Politicians Hara kiri in Social Science Research,Politics & Government
Cotton import; low prices leave farmers down,Business & Economy
'Sachin; Kumble's fitness great news',Sports
Sachin in Warne's dream team,Sports
JD(S) slams govt over drought,Weather & Disaster
RBI calls for swift action by regulatory bodies,Business & Economy
World hears Dalit voices for first time: UNHRC,"Society, Religion & Culture"
Court pulls up MCD official,Crime & Law/Judiciary
Omar not optimistic about PM-Musharraf meet,Politics & Government
Govt collects Rs 1;703 lakh tax from hotels,Business & Economy
SP first to name candidate for poll,Education & Recruitment
CM replies to readers,Politics & Government
Govt printing press in 3 months,Politics & Government
Lure of perks led to Army job rush,Defence & Security
Militant bunkers found in Poonch; Rajouri,Defence & Security
APTransco denies report on losses,Business & Economy
4 ultras killed; bridge blown up in J&K,Crime & Law/Judiciary
1 killed; 3 injured as tempo overturns,Crime & Law/Judiciary
IDBI likely to foray into housing finance,Business & Economy
Narvekar furnishes surety in court,Crime & Law/Judiciary
Govt turns to N-power plan for energy security,Politics & Government
Marandi govt may not return to power,Politics & Government
7-Indians in quarters of ITF tennis,Sports
PM assures Sikkim central help,Politics & Government
Sales tax concessions for Kutch not to be too liberal,Business & Economy
CM pleads guilty for sorry plight of teachers,Education & Recruitment
HC quashes petition against election of Kaushik,Politics & Government
State award for seven teachers,Education & Recruitment
Karnataka will decide on 4% tax for IT software today,Business & Economy
BJP prepares for year-end UP polls,Politics & Government
Hardcourt Championship from Dec 10,Sports
Intl school students fair well in world-level maths exam,Education & Recruitment
3 killed; 4 hurt in separate incidents,Crime & Law/Judiciary
Shastri greets teachers,Education & Recruitment
Court declines Yaseen Malik's plea,Crime & Law/Judiciary
Assurance to Margao Old Market vendors,Business & Economy
CM launches MSIT course,Politics & Government
Patent given to US will in no way affect basmati exports,Business & Economy
Sharon's hubby in therapy,Other
Govt panels clear Sky bus project,Politics & Government
Destination Hollywood!,Entertainment & Lifestyle
Retired teachers to be felicitated,Education & Recruitment
IPO to infuse new life in ABCL,Business & Economy
Desai was attacked for supporting Congress,Politics & Government
BJP wakes up to MBC quota awareness,Politics & Government
Sports policy gathering dust,Politics & Government
Traffic police want helmet rule back,Crime & Law/Judiciary
Teachers for inter-district transfers,Education & Recruitment
CM greetings to teachers,Education & Recruitment
Riot case against Sena MLA filed,Politics & Government
Gujarat Govt's warning to striking teachers,Education & Recruitment
First Malayalam animated serial on DD,Entertainment & Lifestyle
14 get life for man's murder,Crime & Law/Judiciary
5% jobs for Kannada-medium students,Education & Recruitment
Statement on foreign funds available to NST objected,International/World
Minorities complain against police,Crime & Law/Judiciary
LF misguiding masses on astrology: BJP,Politics & Government
Reddy to go!,Other
Kerala to regulate appointment of teachers,Education & Recruitment
Kidnapped trader promises ransom to earn release,Crime & Law/Judiciary
Student ransacks school,Education & Recruitment
Three killed in Andhra railway station explosions,Crime & Law/Judiciary
Court freezes police promotions,Crime & Law/Judiciary
Crime is down; say the cops. Is it really?,Crime & Law/Judiciary
When Mohanlal turned cricket coach,Sports
Checkpoint to help students,Education & Recruitment
Contractors protest outside CM's office,Politics & Government
Hospital accreditation: Just what the doctor ordered,Health
Cautious response to Musharraf's invite,Politics & Government
Powell to visit India soon,Other
Two Pak groups seek UN mediation,International/World
CBI clarifies telephone threat episode,Crime & Law/Judiciary
Mandal & Kamandal,Politics & Government
Be role models; Shastri tells teachers,Education & Recruitment
Samita's World,International/World
2 militants shot dead in Manipur,Defence & Security
Kolar farmer jumps before train,Other
Ranvir Sena man killed,Crime & Law/Judiciary
Congress to review ties with RJD,Politics & Government
Roshans for more Coke,Other
4 soldiers killed in J&K blast,Defence & Security
NST flays statement on foreign funds,International/World
Decision on Dasara soon: Minister,Politics & Government
Patna Dental College and Hospital gets a reprieve,Health
Low rate of conviction attributed to less courts,Crime & Law/Judiciary
8 chargesheeted in Ticketgate scam,Crime & Law/Judiciary
DPC problems to darken US investment,Business & Economy
Killed over right of way,Crime & Law/Judiciary
Thrills Frill,Other
Violence shocks Hansraj College,Education & Recruitment
CM okays IFS promotional pay scales,Politics & Government
PM briefed about security scenario in J&K,Politics & Government
BJP workers ransack Rly station,Politics & Government
Illegal occupants driven out of MGM hospital,Health
Sangli hospital seeks police cover amid attacks,Crime & Law/Judiciary
Rahul Dravid is firm favourite,Sports
Flood-hit areas hit by starvation,Weather & Disaster
Blackwill spells out big idea behind Indo-US ties,International/World
Officer to exclusively fight crime,Crime & Law/Judiciary
BCs want quota in legislative bodies,Politics & Government
Teachers honoured,Education & Recruitment
Probe ordered into don's funding of Ganesh fete,Crime & Law/Judiciary
Dalit woman molested,Crime & Law/Judiciary
Blast accused to contest election,Politics & Government
AIDS awareness drive in Solapur,Health
Celebrating Teachers' Day sans teachers,Education & Recruitment
40 pc MLAs will be denied ticket: BJP,Politics & Government
Sachin should switch to backfoot play: Expert,Sports
Witnesses fail to appear in Jessica murder case,Crime & Law/Judiciary
Narcotics trade taking wings at Amritsar airport,Business & Economy
Ex-MLA; NC activist escape militant attack in J&K,Defence & Security
Conflicting treatment plans confuse poor patients,Health
Hope And Faith for 1000 Guineas,Other
Bollywood blunders,Entertainment & Lifestyle
City police bust marksheet racket; 3 held,Crime & Law/Judiciary
Magistrate to probe woman's suicide,Crime & Law/Judiciary
The Economy; Atalji,Business & Economy
BJP leader attacked in Gondal town,Politics & Government
K Subrahmanyam It's the politicians that we must guard against,Politics & Government
GEB starts buying power from Goa; Chattisgarh and IPPs,Other
Off the assembly line,Politics & Government
Police torture suspects to solve crimes,Crime & Law/Judiciary
Ganguly defies odds once again,Sports
Dist police marry legal literacy with art,Crime & Law/Judiciary
Ranvir Sena member's death triggers arson,Politics & Government
Teachers want to get rid of wheat distribution duty,Education & Recruitment
Making your car theft proof,Crime & Law/Judiciary
Shah Rukh: Doing Kamal Hassan's film?,Entertainment & Lifestyle
HC notice to forest minister's son,Politics & Government
With love from Andhra to Hindi cinema,Entertainment & Lifestyle
Rupee closes at all-time low,Business & Economy
Verdict on HC judgment reserved,Crime & Law/Judiciary
LNMUTA suspends affiliation to 'defiant' college units,Education & Recruitment
Global prosperity linked to India; China: CIA,International/World
Canada questions CBI probing Dymally in Toronto,Crime & Law/Judiciary
Film festival countdown,Entertainment & Lifestyle
Militant storms police camp; CRPF man killed,Defence & Security
Logistics discussed for Vajpayee-Pervez meet,Politics & Government
Teachers' Day with a difference,Education & Recruitment
Full Monty director back with jail-break adventure,Crime & Law/Judiciary
TODAYS EDITORIALSbrThe Economy Atalji,Business & Economy
Posh blames Ginger for eating disorder,Other
Police say Eluru blast PW handiwork,Crime & Law/Judiciary
Egyptian art fact,Other
US magazine praises Naidu,International/World
Sebi moots central monitoring authority,Business & Economy
US will remain superpower; claims CIA,International/World
Aamir XI versus Rest of the World,Entertainment & Lifestyle
Constables were not manhandled by SIMI men,Other
'Commissioner has raped councillors' dignity ',Other
A World Music University for Bangalore,Education & Recruitment
BJP demonstration against RMC,Politics & Government
Heed the wishes of Kashmiris: US,International/World
Bachcha dares Samaresh to resign and contest poll,Politics & Government
Major banks extended funds to KP:Sebi,Business & Economy
Political compromise backfires,Politics & Government
Govt seeks CBI probe into boy's death,Crime & Law/Judiciary
A bit of raga may cure your ailment,Health
Musharraf invites PoWs' relatives to Pak,Politics & Government
CORPORATE KIOSKbrOf by and for women,Business & Economy
A bit of raga may cure your ailment,Health
5 youths held for extortion,Crime & Law/Judiciary
Daily trial begins in Jessica Lall case,Crime & Law/Judiciary
Patna University dry amid rain,Education & Recruitment
Varsha Patel elected Nadiad civic president,Politics & Government
Kidnapping accused plea allowed,Crime & Law/Judiciary
10 killed in truck mishap in Bihar,Crime & Law/Judiciary
Indian techies advised to leave US,International/World
PNB officer convicted in cheating case,Crime & Law/Judiciary
Ram Mandir construction from March 12: VHP,Politics & Government
Ensure zero vacancy in schools; HC tells Govt,Education & Recruitment
Women teachers seek separate national policy,Education & Recruitment
CBI welcomes Malaysian court's ruling on Quattrocchi,Crime & Law/Judiciary
Ex-servicemen file police complaint against Army 'obstacle',Defence & Security
100 crore lottery to boost govt's revenue,Politics & Government
CM to visit flood-hit areas today,Weather & Disaster
Depreciation and income-tax,Business & Economy
6 ultras killed; RDX seized in Kashmir,Crime & Law/Judiciary
Government gears up to tackle corruption,Crime & Law/Judiciary
City police bust marksheet racket; 3 held,Crime & Law/Judiciary
RBI refuses TN paddy loan,Business & Economy
High Court summons development secretary,Crime & Law/Judiciary
Election fever grips MSU campus,Education & Recruitment
FIIT-JEE opens its centre in Patna,Other
CIA predicts Pak govt breakdown,Politics & Government
McKinsey presents report on economy to PM,Business & Economy
Admissions to medical college begin,Health
Indian foreign policy growing ambitious: Haider,International/World
Altered state,Other
Hiten Dalal convicted in Canbank case,Crime & Law/Judiciary
HC orders probe into illegal construction,Crime & Law/Judiciary
Recession has hit us hard; say NGOs,International/World
3 cops sing about police service,Crime & Law/Judiciary
RBI staff stir today,Business & Economy
Why Lagaan will be a sports film at fest,Entertainment & Lifestyle
Illegal immigrants issue a poll stunt: SP,Politics & Government
AP blames Krushi bank scam on RBI,Crime & Law/Judiciary
SC reserves verdict on Balco privatisation issue,Crime & Law/Judiciary
MUL to post profit; launch VRS in Sept,Business & Economy
Suicide pact leaves youth with dead girlfriend; jail term,Crime & Law/Judiciary
Character building..Just for One-rupee-a-day,Business & Economy
Share bizarre,Business & Economy
Govt. employees; locals oppose new traffic plan,Politics & Government
Karuna suggests Cauvery panel meet,Politics & Government
Music album,Entertainment & Lifestyle
Snags in missile programme,Defence & Security
Pillay called for AAG hockey camp,Sports
Govt turns to N-power for energy security,Politics & Government
BJP seeks white paper on drought,Weather & Disaster
Aamir: Look out Michael Jackson!,Entertainment & Lifestyle
Naga ultras ambush DIG's convoy in Assam; 2 killed,Crime & Law/Judiciary
Acharyas against using ayurveda to promote tourism,Other
Sabarmati by-poll: Acid test for BJP,Politics & Government
MSU tech students caught copying face penalisation,Education & Recruitment
Dowry victims relive trauma,"Society, Religion & Culture"
Hearing on CM's petition on Sept 18,Politics & Government
Rs 3-cr tax compensation for VMC,Business & Economy
Karunanidhi mum on SC ruling on Jaya's appeal,Politics & Government
Mahesh Manjrekar: Is Hollywood the next step?,Entertainment & Lifestyle
ESMA fails to bring Gujarat teachers to heel,Education & Recruitment
Daughters of this Century for Cairo Festival,Sports
Telangana Dalits feel neglected,"Society, Religion & Culture"
Mangalore college wins Ascent Quiz round,Education & Recruitment
Syndicate Bank offers Rs 15 lakh to study abroad,Business & Economy
Fake coconut oil seized,Other
Restrict import of unsafe food items; govt. urged,Business & Economy
Varsha Patel elected Nadiad civic president,Politics & Government
Police promotions biased: Mayawati,Crime & Law/Judiciary
Congress members shout slogans against BJP,Politics & Government
ESMA invoked against striking school staff,Education & Recruitment
Cong MLAs criticise CM at meet,Politics & Government
AAG hockey to start ahead of inauguration,Sports
Africa group wants apology for slave trade,Business & Economy
Mizo government; BNLF to hold talks,Politics & Government
Oil scam busted; 20 in police net,Crime & Law/Judiciary
Ministers accused of ignoring drought,Weather & Disaster
Bankura court appointments set aside,Crime & Law/Judiciary
MCH unable to contain congress grass menace,Politics & Government
RTA staff strike work to protest inspector's arrest,Crime & Law/Judiciary
PM invites venture capital for biotech research,Politics & Government
Hasten work on thermal units: CM,Politics & Government
POTLUCKbrFood notes from USA,International/World
Dead student 'drawing' scholarship,Education & Recruitment
Mrs World goes platinum,International/World
Flood situation worsens in Bihar,Weather & Disaster
IIT status for BCE; says Thakur,Education & Recruitment
9 killed as bus falls into gorge in Mizoram,Crime & Law/Judiciary
CM to visit Kurnool villages,Politics & Government
Sonia to tour drought-hit areas in state soon,Weather & Disaster
Caste a major factor in Krishna district,"Society, Religion & Culture"
CGHS beneficiaries accuse hospital of overcharging,Health
NGO takes umbrage at foreign funds charge,International/World
UN body clone in city,International/World
Rathi denies Sebi charges of misusing power,Business & Economy
Ex-servicemen told of Army placement nodes,Defence & Security
Busy day for Goa CM,Politics & Government
Fire cry on Society; Khanna; Regal cinemas,"Society, Religion & Culture"
PM spells out plan to boost economy,Business & Economy
PC rat race: Grey market gains upper hand,Business & Economy
NCW may probe nude parade on its own,Crime & Law/Judiciary
Police apprehend a major PW attack,Crime & Law/Judiciary
As Paswan goes packing; TAC members face the music,Entertainment & Lifestyle
Caste menace recognised worldwide; asserts Ilaiah,"Society, Religion & Culture"
Cong wants more working days for Assembly,Politics & Government
Hollywood's hot; September's sizzling!,Entertainment & Lifestyle
Police gun down 3 bandits; rescue businessman,Crime & Law/Judiciary
Indian women's hockey team announced,Sports
High demand for anti-ageing cosmetics in US,International/World
HC asks PUDA to file tax return,Business & Economy
Row over beating up of student,Education & Recruitment
Jagmohan briefs tourism policy amid hazards,Politics & Government
On World Literacy Day; will it be more empty promises?,International/World
Students stage dharna for facilities,Education & Recruitment
Cauvery: TN calls for all-party meet,Politics & Government
Where does the future of Indian football lie?,Sports
Telemedicine OPD helps patients,Health
Musharraf suspects conspiracy against govt,Politics & Government
Panthic morcha to contest all assembly seats in Punjab,Politics & Government
CRPF officer killed in J&K blast,Crime & Law/Judiciary
Police hound couple from Rajasthan,Crime & Law/Judiciary
Depp is the man for us,International/World
Tumkur gets Rs 3 crore for drought relief,Weather & Disaster
CM reviews performance of schemes for SCs,Politics & Government
BJP says TN team didn't press case,Politics & Government
CM gets a shocker at public meet,Politics & Government
PF staff want probe into atrocities,Crime & Law/Judiciary
TCS America registers impressive gains,International/World
Murder: Cops leave in search of duo,Crime & Law/Judiciary
CM for action plan to eliminate blindness,Politics & Government
SC asks Muslim woman to approach Parliament on talaq,"Society, Religion & Culture"
India; China discuss CBMs,International/World
Rs 1.7 lakh luxury tax collected,Business & Economy
Manuel's menu,Other
Patients turned away at Osmania Hospital,Health
Pleasure sips of Paramount importance,Business & Economy
High stress levels put police in fragile mental health,Crime & Law/Judiciary
Another Dalit woman molested; family ostracised,Crime & Law/Judiciary
Brar releases list of CM's bus cos,Politics & Government
4 naxalites surrender,Defence & Security
Politicians work for vote; I work for the law,Politics & Government
Committee to list probable V-C canditates,Other
Soil health cards for farmers,Health
Corruption in buildings dept: Gujarat govt,Crime & Law/Judiciary
India silent on Zionism in UN conference,International/World
Action against teachers after Saturday,Education & Recruitment
58 lakh children outside school ambit,Education & Recruitment
Lawyer held for rape; out on bail,Crime & Law/Judiciary
Pak lobbies hard against US curbs,International/World
Sucked-up Poodle,Other
Now NZ joins race to attract Indian students,Education & Recruitment
Orissa govt edgy as Centre; governor look for truth,Politics & Government
Congress itching to wrest Vuyyuru,Politics & Government
Furnace oil smuggling racket busted,Crime & Law/Judiciary
Fashion friends,Entertainment & Lifestyle
BJP party worker hacked to death,Politics & Government
Jittery Jaya mulls resignation,Politics & Government
Witnesses in Jessica murder case identify Manu,Crime & Law/Judiciary
India; Bangladesh ink inland water transit deal,International/World
Dy CM congratulates Ponda council,Politics & Government
Nayak takes city by storm,Weather & Disaster
Excise; sales tax on anti-AIDS drugs to go,Health
Former Rajya Sabha MP dead,Politics & Government
Alert cashier foils bid to rob Saraswat bank,Business & Economy
EU aid commissioner to visit Afghanistan; Pakistan,International/World
1970 death probe: CBI gets more time,Crime & Law/Judiciary
Cancel strike; CM tells revenue services staff,Politics & Government
Attract more women students for BRAOU,Education & Recruitment
Nazrul was not communal; says daughter-in-law,"Society, Religion & Culture"
Diesel cars to lose sheen,Business & Economy
Doctor found guilty of sexually harassing nurse,Health
8 UK studentships for Indians,International/World
Sonia urged to give economic thrust to Surat industries,Politics & Government
Government finances looking up,Politics & Government
Cable operators to meet film producers,Entertainment & Lifestyle
Navy announces plans for INS Angre jubilee celebration,Defence & Security
S Korea urged to adopt Guwahati IIT,Education & Recruitment
Plan to field blast accused in poll draws flak,Politics & Government
I expected it; says Ganguly,Sports
BJP junks more icons,Politics & Government
Merger of PNB's two offices deferred,Business & Economy
Washington mayor honoured for aid to Gujarat,International/World
Finance; power; law secretaries discuss Dabhol,Business & Economy
Bank terrorises family over loan lapse,Business & Economy
Mother; son murdered,Crime & Law/Judiciary
Govt clears FDI worth Rs 1;118 cr,Business & Economy
Army column sent to Marhaura for fighting floods,Weather & Disaster
Fardeen Khan: Doing music videos?,Entertainment & Lifestyle
6 BSF personnel killed in J&K,Crime & Law/Judiciary
Ranvir Sena orders indefinite closure of Belaganj shops,Politics & Government
Sonia; Krishna on drought-study tour,Weather & Disaster
PM invites firms for biotech research,Politics & Government
TN to sound out PM on Cauvery row,Politics & Government
Baba Farid hockey tourney from Sep 19,Sports
UP floods disrupt train services,Weather & Disaster
New system to assess police image,Crime & Law/Judiciary
Flood situation remains critical,Weather & Disaster
Revolt to cost BJP dear in municipal elections,Politics & Government
Mercedes to import sports coupes,Business & Economy
All party meet on Krishna,Politics & Government
Having designs on the design market,Business & Economy
Suffering little hearts breach LoC,Defence & Security
Corruption in UP: Indicted? Doesn't matter,Crime & Law/Judiciary
City policy detain top hawala racketeer,Politics & Government
Jaiswal criticises govt flood control measures,Weather & Disaster
SGPDA to vendors' aid in Margao market,Business & Economy
Govt softens impact of Fee,Politics & Government
Flood waters inundate more villages in Siwan,Weather & Disaster
JK non Muslim women ordered to don bindi,"Society, Religion & Culture"
Kidnapped businessman rescued,Crime & Law/Judiciary
Putin says will probe Dalai visa denial issue,Crime & Law/Judiciary
Govt talks with revenue employees inconclusive,Politics & Government
Two militants among four killed in Jammu,Defence & Security
Madhuri recommends marriage,"Society, Religion & Culture"
Probe into felling of oldest sandalwood tree,Crime & Law/Judiciary
Hyundai zeroes in on IPO,Business & Economy
Power theft detected in Haveri,Crime & Law/Judiciary
India silent on Zionism in UN,International/World
DD-1 to telecast serial on Veer Savarkar,Entertainment & Lifestyle
CBI asked to file reply in Bangarappa case,Crime & Law/Judiciary
Power cut in city areas today,Business & Economy
ITI will not be privatised; says Union minister,Politics & Government
SEBI moots banning OCBs from market,Business & Economy
Pak plans media blitz at UN meet,International/World
3 killed in Kodinar over land dispute,Crime & Law/Judiciary
VHP flays Christians; Left to attack Antony,Politics & Government
Load-shedding likely from next month,Other
Tea export target for 2001 reduced,Business & Economy
Minister-JSEB chief feud puts BSEB in fix,Politics & Government
Parties brace up for BCC polls,Other
Rs 58 crore released for drought relief,Weather & Disaster
Treat for film buffs,Entertainment & Lifestyle
BJP leaders meet PM; express 'anguish',Politics & Government
World Bank launches Hindi website,Business & Economy
Teachers not paid for 33 months,Education & Recruitment
AAFI doubts age certificates of 15 athletes,Sports
Missing nun found safe,Other
State-wide classical music programmes planned,Entertainment & Lifestyle
Jinx accompanies CM to 2nd milestone,Politics & Government
Pak police arrest 50 Jaish militants,Defence & Security
Belaganj tense after Ranvir Sena commander's killing,Politics & Government
Amitabh Bachchan: No hungama please!,Entertainment & Lifestyle
SC asks woman to approach Parliament on 'talaq',Politics & Government
Power cut as lines trip,Business & Economy
MUSIC REVIEWS,Entertainment & Lifestyle
Govt open to suggestions on literacy,Politics & Government
Govt to abolish divisional commissioner's post,Politics & Government
Dearer diesel has silver lining,Business & Economy
Judge traces lost Sonai trail,Crime & Law/Judiciary
Observe Sep 21 as day of peace: UN,International/World
Uttaranchal CM holds talks with Army,Defence & Security
Crisil downgrades Tata Finance programmes,Business & Economy
Speed up water supply schemes: CM,Politics & Government
Crossing border to cure ailing hearts,Defence & Security
Heavy rains bring taste of hell,Weather & Disaster
Two students get scholarships,Education & Recruitment
Downpour caused floods; says minister,Weather & Disaster
Closer 'Beijing-Delhi-Moscow' ties mooted,International/World
Hiriyur taluk declared as drought-hit,Weather & Disaster
Mankolangal selected for screening in 3 film festivals,Entertainment & Lifestyle
Good rainfall doesn't improve power situation,Weather & Disaster
Taxi driver murdered; Qualis stolen,Crime & Law/Judiciary
Drought may hit paddy crop,Weather & Disaster
Workshops on human rights for police officers,Crime & Law/Judiciary
No headway in fake note cases' probe,Crime & Law/Judiciary
Central funds unlikely for drought relief,Weather & Disaster
Bihar flood toll mounts to 45,Weather & Disaster
Legislature's session from Sept 24,Other
Minister opens Kumbara meet,Politics & Government
Army says J&K has terrorists; not militants,Defence & Security
Govt to scrap licences for rickshaw,Politics & Government
Army regiment's silver jubilee fete,Defence & Security
Stage set for NDA jamboree at Barh,Politics & Government
PM should convene Cauvery Authority meet: Karunanidhi,Politics & Government
Roy abductor produced in court,Crime & Law/Judiciary
Gujarat BJP may pay for CM's excesses,Politics & Government
Film watchdog Bharana to 'strictly' follow norms,Entertainment & Lifestyle
BATF to serve as model for other cities,Entertainment & Lifestyle
Tribals acquitted of rape; dacoity charges,Crime & Law/Judiciary
Nurses on warpath; college teachers may join soon,Education & Recruitment
PCMC targets Rs 50 cr property tax collection,Business & Economy
Concern over lack of doctors at tribal; hilly areas,Health
Gang attempts to loot temple,"Society, Religion & Culture"
Telangana clouds hover over BJP,Politics & Government
FM paints gloomy picture of economy,Business & Economy
CM's package for plastic units,Politics & Government
Army job-seekers; policemen injured as violence mars camp,Defence & Security
Asia Trust moves court over affiliation issue,Crime & Law/Judiciary
TDP flays Congress for criticising relief efforts,Politics & Government
Flood-hit on the verge of starvation,Weather & Disaster
Sonia to visit drought-hit villages tomorrow,Weather & Disaster
Various grants to university remain unutilised,Education & Recruitment
Cohen urges US to re-examine India policy,Education & Recruitment
Sunil Shetty: From action to comedy!,Other
PM untouched by rumblings in party,Politics & Government
MP; 5 women activists hurt in scuffle with cops,Politics & Government
Seminar on cancer,Health
DUSU vote against saffronisation of education: CM,Politics & Government
PM should convene Cauvery Authority meet: Karunanidhi,Politics & Government
Kidnapped boy rescued from Aligarh,Crime & Law/Judiciary
'Scrap ratification of President's rule',Politics & Government
Probe reveals London-based man's involvement in ISD scam,Crime & Law/Judiciary
Ahmedabad LIC achieves target before time,Other
Govt falters again in producing Bailey Road map,Politics & Government
TN to sound out PM on Cauvery row,Politics & Government
PM keen on solution to DPC before US visit,International/World
Govt accused of failing to resolve farm crisis,Politics & Government
Doctor's stir at OGH claims man's life,Health
CM for ban on road; rail blockades,Politics & Government
UGC to focus on teaching skills through IT,Education & Recruitment
Chidambaram demands Jaya's resignation,Politics & Government
Bihar seeks funds for flood control,Weather & Disaster
POLO SPORT: Mixing business with pleasure,Other
Notice issued to police for handcuffing undertrials,Crime & Law/Judiciary
Teachers point to overweight Cabinet,Education & Recruitment
LNN violence: Report sent to govt,Politics & Government
Alternative govt needed: KRRS chief,Politics & Government
TAM; Intam to probe leak,Crime & Law/Judiciary
Bollywood actresses leave Delhiites star struck,Entertainment & Lifestyle
India gears up to thwart embryo trade,Business & Economy
Cave temple discovered near Amarnath shrine,"Society, Religion & Culture"
For us; charity begins at home,International/World
Malhotra joins Delhi BJP's traditional trouble-makers,Politics & Government
Power cut in city tomorrow,Business & Economy
Farmers' union demands relief from govt,Politics & Government
Cable operators will meet film producers,Entertainment & Lifestyle
Police swoop down on two vehicle-lifters,Crime & Law/Judiciary
Dalit BDO accuses minister of calling him names,"Society, Religion & Culture"
Interpol's help sought to arrest Dawood's aide,Crime & Law/Judiciary
TADA court issues contempt notice to League president,Crime & Law/Judiciary
Lashkar tones down rhetoric against Pak govt,Politics & Government
Top classical music stars to regale Patnaites,Entertainment & Lifestyle
For us; charity begins at home,International/World
TCH students keen to appear for entrance exams,Education & Recruitment
Junior hockey camp,Sports
Mod Maharashtrians jive to music makeovers,Entertainment & Lifestyle
5 policemen killed in Andhra blast,Crime & Law/Judiciary
Serial collision on Sankey Road,Entertainment & Lifestyle
Sales Tax personnels' plea,Business & Economy
Govt nod unlikely for ONGC's price claims,Politics & Government
Alternative govt needed: Raitha Sangha,Politics & Government
Army column sent to Marhaura for fighting floods,Weather & Disaster
'Illiterate' BJP shocks city,Politics & Government
MP's call to resist bank privatisation,Business & Economy
I'm tired of begging the Centre: CM,Politics & Government
Tricky Wicket,Sports
Bihar flood situation grim; army deployed,Weather & Disaster
Chandrashekhar flays Centre on employment policy,Politics & Government
BJP launches election campaign for BCC elections,Politics & Government
BJP cashing in on Lagaan; Gadar tunes,Politics & Government
BJP dissidents make a U-turn,Politics & Government
UN compiles report on drug abuse,International/World
Talking golf,Sports
Singhal firm on opposition to Tehri dam,Politics & Government
Counselling woes may jeopardise AIDS control in city,Health
Devotees throng Mt Mary church to offer prayers,"Society, Religion & Culture"
CBI raid on train sparks a row,Crime & Law/Judiciary
CM in Delhi from tomorrow,Politics & Government
Culture club,"Society, Religion & Culture"
The seductive strains of the siren's song,Entertainment & Lifestyle
Californian company to produce Bengali movies,Business & Economy
Cover-up!,Other
Notices to officials on judge's plea,Crime & Law/Judiciary
MSU poll campaigning spills on to streets,Politics & Government
Excise duty; sales tax on anti-AIDS drugs will soon go,Health
Hearing in medical admission chaos to continue,Health
GDP growth unlikely to exceed 5.25% this year,Business & Economy
Thieves trip bank alarm,Business & Economy
DELHI IS TALKING ABOUT...Crystal clear,Other
No RBI guidelines for compensating fake notes,Business & Economy
Inflation falls to 5.27 pc,Business & Economy
Rights body dissatisfied with police answer,Crime & Law/Judiciary
China releases first survey on Net resources,International/World
Retailing industry seminar,Business & Economy
Hiten Dalal is sentenced to three years' RI,Crime & Law/Judiciary
Villagers gherao health centre; lock up doctors,Health
Gujarat teachers' strike continues,Education & Recruitment
Chain-snatcher held by police,Crime & Law/Judiciary
Pakistan TV to launch KBC clone,International/World
We are the world; again!,International/World
Another telecom scam unearthed,Crime & Law/Judiciary
3 killed as lorries collide,Crime & Law/Judiciary
Sasikala cannot be CM: Karunanidhi,Politics & Government
PM's pep pills: Too little; too late,Politics & Government
Bose first to get advance from foreign publisher,International/World
Theft; cable fault hit telephone subscribers,Crime & Law/Judiciary
Parking trouble; civic problems greet police,Crime & Law/Judiciary
Launching the green army,Defence & Security
I am anti-BJP. Why should I attend their seminar?,Politics & Government
Minister promises urgent steps to revive Mumbai port,Politics & Government
Literacy delegates block CM's convoy,Politics & Government
Law on the anvil to check organised crime,Crime & Law/Judiciary
Temple work after March 12,"Society, Religion & Culture"
Marriage as a means of social change,"Society, Religion & Culture"
Monsoon Ironies,Weather & Disaster
Still a model!,Entertainment & Lifestyle
SC brings temple lands under endowments department,"Society, Religion & Culture"
Gold crown of deity stolen from temple,"Society, Religion & Culture"
AP judge is TN Chief Justice,Crime & Law/Judiciary
Helping SSC students crack exams,Education & Recruitment
Service tax to cover all services,Business & Economy
Inter-state Minister to take on temple land sharks,"Society, Religion & Culture"
CM urged to waive farmers' loans,Politics & Government
Inter-state STD calls turn dearer for cellphone users,Business & Economy
Customs; CRCL officials; export firms in CBI net,Crime & Law/Judiciary
Internet vision that is Amit Pradhan's world,International/World
Maharashtra govt asked to explain steps to prevent accidents,Politics & Government
Govt mulls on export subsidies for farm products,Business & Economy
Assam govt to sell off Assam Tea Corporation,Politics & Government
Police set up helpline at OGH,Crime & Law/Judiciary
HC orders early end to Abhinav college teachers' dispute,Education & Recruitment
Shirke is Satara information dy. director,Entertainment & Lifestyle
Two babies sold by doctor duo traced,Health
Telecom engineer killed in mishap,Crime & Law/Judiciary
PUCL wants probe into alleged police torture,Crime & Law/Judiciary
CBI requests extradition of Indian Bank scam accused,Crime & Law/Judiciary
Commandos foil robbery bid at ewellery shop,Crime & Law/Judiciary
State govt. stalls Thane judge's appointment order,Crime & Law/Judiciary
Minister asks mukhiyas to check power wire theft,Crime & Law/Judiciary
2 'associates' of Veerappan arrested,Crime & Law/Judiciary
Police investigating role of Delhi brokers in brothel raid,Crime & Law/Judiciary
City still swears by diesel,Business & Economy
Arabic professor gets President's award,Politics & Government
Forget the album; K3G banks on a single,Entertainment & Lifestyle
Care for the poor; party cadres tell CM,Politics & Government
Global meet to discuss AIDS; laws and ethics,Health
Police seek information about couple,Crime & Law/Judiciary
Trains diverted due to to flood,Weather & Disaster
Students provide kidnap alibi to cover up class bunking,Crime & Law/Judiciary
China pledges to be a 'responsible' WTO member,International/World
CPMT results declared,Education & Recruitment
Man absconding in rape case held,Crime & Law/Judiciary
Thousands of dalits embrace Buddhism,"Society, Religion & Culture"
'Killer' of 9-year-old maid arrested,Crime & Law/Judiciary
Drought severe; relief nil,Weather & Disaster
Talent Search exam winners,Education & Recruitment
Foreigners furious with CBI raid on train,Crime & Law/Judiciary
With an eye on civic polls; CM rushes village merger issue,Business & Economy
CBI may seek Balayogi's nod to quiz Dasmunshi,Crime & Law/Judiciary
Minister lays stone for classrooms,Politics & Government
NET SOLUTIONSbrIT industry is maturing,Business & Economy
An epidemic of missing HIV patients,Health
Govt to harness biotech tools,Politics & Government
CITYSCAN,Other
CRIME FILE,Crime & Law/Judiciary
Anil Kapoor: Bowled over by cricket!,Sports
ITDC: Trapped in a web of Govt making,Politics & Government
Crop insurance policy reform on anvil,Politics & Government
Ayodhya: leave no stone unearthed,"Society, Religion & Culture"
Govt plans to bulk purchase JE vaccine,Health
LEADERbrMonitor Sino US Ties,International/World
Bypassing open heart bypass surgery,Health
Lok Darbar by MP; MLA in Gandhidham,Politics & Government
A-I to hedge ATF requirements in global markets,International/World
Centre to look after NHs' maintenance,Other
No sign of any let-up in flood situation,Weather & Disaster
All districts in Kolar are 'drought-hit',Weather & Disaster
All parties back govt on Telugu Ganga,Politics & Government
Vajpayee has stood by farmers: Badal,Politics & Government
SIMI accused of challenging police,Crime & Law/Judiciary
Kidnapped businessman rescued,Crime & Law/Judiciary
College teachers call off strike,Education & Recruitment
Diploma courses at Kamla Nehru Hospital,Health
Shah says no to Assembly polls,Politics & Government
3 killed; 25 hurt as maxi-cab overturns,Crime & Law/Judiciary
'Don't tamper with school books',Education & Recruitment
BSEB in a fix over minister-JSEB chief feud,Politics & Government
Bollywood blunders,Entertainment & Lifestyle
Lone is lone crusader for Hurriyat now,Politics & Government
Bharti Televentures to offer stake via IPO,Business & Economy
Sharief is right; Dear Chief Minister,Politics & Government
Govt to limit its stake in PSUs to 26%: Joshi,Politics & Government
Corporate India's asset; liabilities up 15.4%,Business & Economy
2 engg students drown in sea,Education & Recruitment
City police help nab killer of UP housewife,Crime & Law/Judiciary
Ayurvedic College in bad shape,Education & Recruitment
Parties not backing drive to build Ram temple will lose,"Society, Religion & Culture"
Corruption on Wheels: Murky deals; easy money,Crime & Law/Judiciary
3 teachers felicitated,Education & Recruitment
It's a slow flow from Bollywood,Entertainment & Lifestyle
Mumbai police serve notices to fishermen associations,Crime & Law/Judiciary
Judge bans children from premises,Crime & Law/Judiciary
Tejpal denies govt charges,Politics & Government
L-G gives go ahead to police in drug trafficking case,Crime & Law/Judiciary
Modi's keeping off canvassing may harm BJP,Politics & Government
Drug trade taking wings at Amritsar airport,Business & Economy
Govt. workers plan stir against retrenchment,Politics & Government
Petrol pumps to run dry on Thursday,Business & Economy
TN attracts 30% FDI in June,Business & Economy
Baramati police bust phone call racket,Crime & Law/Judiciary
PGDCA exams postponed,Education & Recruitment
NE students facing problems,Education & Recruitment
SC tightens bail rules in drug offences,Crime & Law/Judiciary
Judicial probe against Enron to commence,Crime & Law/Judiciary
Pakistani arms supplier's gang busted,Other
Experts warn against opening up of medical education,Health
Police relax rule for teenage criminals,Crime & Law/Judiciary
Jugal Hansraj signed for Barjatya film!,Entertainment & Lifestyle
Escort Heart Institute ties up with Bhailal Amin hospital,Health
SEBI to go slow on recovering turnover fee,Business & Economy
Kidney transplant market thrives in Delhi,Business & Economy
RSS won't play opposition role: Vaidya,Politics & Government
All's not well with the economy: PM,Business & Economy
Govt extends Rs 1.58-cr help to SCs,Politics & Government
Case against 6 rape accused dropped,Crime & Law/Judiciary
PRIME SPACEbrAngels among us,International/World
Holy Time: The Lady of Health,Health
Samata minister sues Tehelka,Politics & Government
PJR produces 'proof' on land scam,Crime & Law/Judiciary
13 ultras among 2O killed in Jammu and Kashmir,Crime & Law/Judiciary
Take a leaf out of China's book: Gartner,International/World
Varsity faces govt apathy,Politics & Government
Kolkata is the best place in the world,International/World
UGC accredition to UPSLET,Education & Recruitment
Dunlop auditors unable to give loss figures,Business & Economy
TO YOUR HEALTH: All about nutrition,Health
Record entries for inter-school golf,Sports
I am a family man: Ganguly,Sports
Spurred by BJP; guardians threaten to counter stirs,Politics & Government
Medical waste management still a far cry,Health
Broad consensus to boost public investment,Business & Economy
Murder case solved,Crime & Law/Judiciary
BJP seeks explanation from Narendra,Politics & Government
Finding out her favourites,Other
Clerics irked by Farooq's statement,Other
Small is big in today's world,International/World
Too simple a syllabus?,Education & Recruitment
A temple for Krishna,"Society, Religion & Culture"
Police; RTA in league with transporters,Crime & Law/Judiciary
More financial powers for state govt,Politics & Government
Concern over transfer of Kandla land to state govt,Politics & Government
Taking off: Sourav Ganguly is on a high,Sports
Caste Aside,"Society, Religion & Culture"
Mamata alleges CESC-SEB-govt link,Politics & Government
BJP dissidents make a U-turn after meeting PM,Politics & Government
CBI makes headway in vinyl fraud case,Crime & Law/Judiciary
Two killed by tuskers,Crime & Law/Judiciary
One court proposes; another disposes,Crime & Law/Judiciary
Morcha seeks resumption of Assembly session,Politics & Government
Even Nehru was not a patriot: VHP,Politics & Government
Man crosses to Pakistan,International/World
World Sindhi Congress demands self-determination in Sindh,International/World
Bihar flood situation remain grim; toll 48,Weather & Disaster
Priyan's new film to be released with more than 4000 prints!,Entertainment & Lifestyle
CM hits campaign trail in Sabarkantha,Politics & Government
The seductive strains of the siren's song,Entertainment & Lifestyle
Kneading branded atta market tough,Business & Economy
No talks on to solve Ayodhya tangle,"Society, Religion & Culture"
No hunger or epidemic deaths: Gehlot,Health
Committed to tradition,"Society, Religion & Culture"
Govt fights shy of using ESMA,Politics & Government
AISF plans rally against education policy,Politics & Government
Network Solutions has a blast in call centre market,Business & Economy
Minister refutes mismanagement charges,Politics & Government
Youngsters try their hand at crime for easy money,Crime & Law/Judiciary
Politics upsets toppers most,Politics & Government
Wary govt bars teachers from by-election duty,Education & Recruitment
Congress goads dalits against SDA-BJP,"Society, Religion & Culture"
State govt moves Supreme Court in PCCF case,Crime & Law/Judiciary
HC issues notices to teachers' unions,Education & Recruitment
Govt mulls declaring AIDS a notifiable disease,Health
Punters pitch bets on tennis courts,Sports
Govt to harness biotech tools,Politics & Government
Protest against delay in teachers' appointment,Education & Recruitment
Bollywood blunders,Entertainment & Lifestyle
Ex-CM seeks spl courts to hear carnage cases,Politics & Government
US jurists' visit,International/World
Property dispute leads to kidnappings,Crime & Law/Judiciary
Money Doctor,Health
World will see a new India: Singhvi,International/World
Villagers migrate due to unrelenting drought,Weather & Disaster
Bomb threat haunts Suman,Defence & Security
TN panel gets assurance from PM over Cauvery,Politics & Government
Police foil murder plot,Crime & Law/Judiciary
Temple construction to begin on March 12; 2002,"Society, Religion & Culture"
Cash in a cyber-trapped world,International/World
Fashion fad,Entertainment & Lifestyle
Special court has powers of sessions court: SC,Crime & Law/Judiciary
FDI key to retail growth in Indian market: McKinsey,Business & Economy
Police told to act against pathology labs,Crime & Law/Judiciary
Govt faces uphill task on labour reforms,Politics & Government
Mamata regrets alliance with Congress,Politics & Government
Das killer arrested,Crime & Law/Judiciary
US asks ISI chief to rein in jehadi groups,International/World
Trapped in a web of Govt making,Politics & Government
Govt opposes Krushi closure,Politics & Government
Police arrest teachers for burning ESMA notification,Crime & Law/Judiciary
Taking policy decisions is no cakewalk,Politics & Government
School of Inertia,Education & Recruitment
Mira Nair hailed by UK media,International/World
Govt stocks receive good response,Politics & Government
Flood situation remains grim,Weather & Disaster
Sub-inspector's bail plea opposed,Crime & Law/Judiciary
Jaya orders probe into copra procurement,Crime & Law/Judiciary
Fake college degree racket busted,Education & Recruitment
Hassan MP writes to PM on Cauvery,Politics & Government
Two in the dock for extortion; murder,Crime & Law/Judiciary
Oppn slams govt on drought relief,Weather & Disaster
Probe sought into police 'brutality' in Suratkal,Crime & Law/Judiciary
Naxals may hide party funds,Defence & Security
Bomb threat haunts Suman,Defence & Security
Dharwad SOS to govt for funds,Politics & Government
Govt to hike R&D funds,Politics & Government
Grasim to enter Chinese market,Business & Economy
Govt apathy leave farmers in a daze,Politics & Government
Seductive strains of siren's song,Entertainment & Lifestyle
Ex-minister booked for corruption,Crime & Law/Judiciary
State seeks to make profit on Centre's rice,Business & Economy
Amendment to exam rules gets good response,Education & Recruitment
Health is new NDMC chief's top priority,Health
BSF-BDR moot intelligence exchange,Business & Economy
BJP has lost ground: Sharma,Politics & Government
Thane police arrest 5 dacoits,Crime & Law/Judiciary
Pondy hopes TN will pass on Cauvery share,Business & Economy
3 unidentified naxals involved in blast,Defence & Security
Thackeray denies being unhappy over Cabinet reshuffle,Politics & Government
Will Pappu Kalani be able to bail out crisis-hit township?,Crime & Law/Judiciary
RUDSETI model entrepreneurship body: Heggade,Entertainment & Lifestyle
Govt draws flak for failure to save weaker sections,Politics & Government
Corrupt inspector's 22-year run ends,Crime & Law/Judiciary
Police crack 2 rape cases,Crime & Law/Judiciary
Border: Sonia puts onus on CMs,Defence & Security
No arrests so far in hospital attack,Crime & Law/Judiciary
PETA videotape to help police crack the whip,Crime & Law/Judiciary
Cops in mufti tone down the ardour on campus,Education & Recruitment
No fax from my place; counters minister,Politics & Government
13 naxals surrender in AP,Defence & Security
A portrait of the actor as a Nayak,Entertainment & Lifestyle
Aamir XI versus Rest of the World,Entertainment & Lifestyle
'Don't thrust the burqa upon us!',International/World
Hit by polio; but standing tall,Health
Former naxal shot dead,Defence & Security
New HC judge takes oath,Crime & Law/Judiciary
Militant remanded to police custody,Defence & Security
Underprivileged need quota in private schools,Politics & Government
Cable operators face harassment,Crime & Law/Judiciary
RJD ally BSP sore about government's functioning,Politics & Government
JD-S leaders lambast Govt,Politics & Government
Flood toll rises to 48; rail services affected,Weather & Disaster
Pakistan TV to launch KBC clone,International/World
Engineer arrested for impersonating bureaucrat,Crime & Law/Judiciary
CBI to probe sub-standard kala-azar drug supply,Crime & Law/Judiciary
ABVP burns Christian booklets in Bengal,"Society, Religion & Culture"
US armed forces in Europe put on high alert,International/World
Junior doctors go on strike at PMCH,Health
Labour takes on Britain's trade union biggies,Business & Economy
Tourism policy to be discussed tomorrow,Politics & Government
CAMPUS EVENTS,Education & Recruitment
CID freezes Krushi Bank chief's 14 bank accounts,Business & Economy
Bid to murder principal foiled,Crime & Law/Judiciary
KCC Bank president gets anticipatory bail,Crime & Law/Judiciary
UK steps up security measures,International/World
Music for the soul!,Entertainment & Lifestyle
Consumers in for diesel shock,Business & Economy
Manisha to make film on grandpa,Entertainment & Lifestyle
US halts all aircraft takeoffs,International/World
Sonia flays Centre for farmers' deaths,Politics & Government
Differences over sale of parking space,Other
NHRC orders probe against police official,Crime & Law/Judiciary
Manipur Assembly dissolved,Politics & Government
Jewargi goes hammer and tongs at minister,Politics & Government
3 new bills introduced in HP Assembly,Politics & Government
Thane police arrest 5 dacoits,Crime & Law/Judiciary
ABVP students protest outside Thane College,Education & Recruitment
Shopping festival will be the biggest ever held,"Society, Religion & Culture"
BJP criticises Cong; RJD on saffronisation,Politics & Government
HEALTH CAPSULE: Keep on running,Health
Samata leaders seek snapping of ties with BJP,Politics & Government
MENTOR'S VOICE: Teachers talk more and do little,Education & Recruitment
Stir against proposed power tariff hike,Business & Economy
Dharna as jeep hits RBI employee,Business & Economy
CBI's refusal shakes Sukh Ram's house,Crime & Law/Judiciary
Pune teacher gets US patent,Education & Recruitment
Telecom equipment worth Rs 65 lakh gutted,Business & Economy
Bihar flood toll mounts to 57,Weather & Disaster
Probe in BNP corrption allegations,Crime & Law/Judiciary
Air America is brought down,International/World
Anti sabotage jeeps for Punjab police,Crime & Law/Judiciary
Power crisis worries state Cabinet,Politics & Government
Cocaine smuggler eludes police net,Crime & Law/Judiciary
Assault on RSS man: MLA warns cops,Crime & Law/Judiciary
Man sentenced to life for killing wife,Crime & Law/Judiciary
Anticipatory bail for four fodder scam accused,Crime & Law/Judiciary
Govt drawing conclusions even before probe: Tehelka,Crime & Law/Judiciary
Men urged to share women's burden of family planning,Business & Economy
61 police inspectors get promotions,Crime & Law/Judiciary
Mira's triumph and the curse of Bollywood,Entertainment & Lifestyle
New health policy will widen inequities,Health
No railway fare hike in near future: Minister,Politics & Government
Hizbul militant killed; 6 injured in J&K blasts,Defence & Security
Jaya hey! The dummy CM for Mummy CM,Politics & Government
Cabinet to decide on desilting,Politics & Government
APCOB against merger of co-op banks,Business & Economy
Surprised Congress now seeks October polls,Politics & Government
World airlines divert; cancel flights to US,International/World
Pakistan TV to launch KBC clone,International/World
Militant remanded to police custody,Defence & Security
Tissue culture lab not hazardous for Patnaites,"Society, Religion & Culture"
Cabinet approves National Sports Policy,Politics & Government
Probe begins into Kolkata theatre collapse,Crime & Law/Judiciary
College quiz on tropical diseases tomorrow,Education & Recruitment
Mental hospital suicide was preventable,Health
Someone please tell what 'pop' music is?,Entertainment & Lifestyle
IT industry is maturing,Business & Economy
Theosophical society centenary inaugurated,"Society, Religion & Culture"
Exim Bank raises Rs 150 cr,Business & Economy
Govt task force to crack down on spurious goods,Politics & Government
Panel hails govt's concern for Wakf's properties,Politics & Government
NMCH doctor kidnapped,Crime & Law/Judiciary
Web-based fraud rising dramatically,Crime & Law/Judiciary
BJP vetoes move on seat rotation,Politics & Government
Delhi to host chess tourney for child relief,Sports
Rise in economic crime in Doaba,Crime & Law/Judiciary
Governor can appoint anybody as CM: Jaya,Politics & Government
UK cancels all flights,International/World
One killed; 6 hurt in family dispute,Crime & Law/Judiciary
KCR misguiding people on drought,Weather & Disaster
Ganguly wants longer tenure for players,Sports
'US can't mediate between India; Pak',International/World
CONFESSIONSbrShivangi Tomar Model,Entertainment & Lifestyle
Govt to tackle water scarcity; says Pawar,Politics & Government
Sonia to urge Krishna to release Cauvery water,Politics & Government
YC leader asks Sonia to snap ties with RJD,Politics & Government
ABVP demo for Ayurvedic students,Education & Recruitment
3 killed as Kolkata theatre caves in,Crime & Law/Judiciary
Dollar falls; Wall St stops; world economy next,Business & Economy
Cong MLA to explain 'anti-party' activities,Politics & Government
Rotary seeks corp funding for polio campaign,Health
Ministers skip meet on drought review in Vizag,Weather & Disaster
ABVP students protest outside Thane College,Education & Recruitment
Rule of law is important but,Business & Economy
Give us water; not tea; TN lawmakers tell PM,International/World
Gora to bring communal harmony,"Society, Religion & Culture"
Let us take the exam; say B.Pharm students,Education & Recruitment
US gives $19 m disaster aid to India,Weather & Disaster
1 killed as house collapses,Crime & Law/Judiciary
Cocaine smuggler eludes police net,Crime & Law/Judiciary
Govt staff out to make life miserable for Naidu,Politics & Government
L-G gives go ahead to police in drug trafficking case,Crime & Law/Judiciary
A cellphone is still a luxury for me,Business & Economy
Rudy seeks all parties help to fight floods,Weather & Disaster
US Pizza looks at overseas expansion,International/World
LU students take out chetna rath,Education & Recruitment
Illegal cottages on MIT campus demolished,Education & Recruitment
IGMC students to surrender,Education & Recruitment
Bellary a forgotten chapter for Sonia?,Politics & Government
Election rolls to be revised,Politics & Government
Lift in govt office crashes; 1 hurt,Politics & Government
CM should quit: BSP,Politics & Government
Pak family questioned in connection with US attacks,International/World
Murder accused's parole plea rejected,Crime & Law/Judiciary
The terrorist organization is US,Defence & Security
A political stunt: BJP,Politics & Government
CM studying proposal on 5-yr term for mayors,Politics & Government
Israel's national security adviser calls on PM,International/World
China Inc gung-ho on Indian IT,International/World
Air-India flight to London tomorrow,International/World
Govt plans to regularise illegal occupation of temple lands,"Society, Religion & Culture"
Drought: BJP to stage dharna,Weather & Disaster
US turbulence makes IT industry jittery,Business & Economy
Bomb hoax in Barrackpore railway station,Defence & Security
Garment exports dip 7.31% during Apr-Aug,Business & Economy
Senior Cong leaders meet Sonia,Politics & Government
Miss India-Canada crowned,Entertainment & Lifestyle
Govt set to take over Roerich Estate,Politics & Government
Information on US-64 muddle came late: JPC,International/World
Court fines Delhi Police,Crime & Law/Judiciary
Sagarika & Shaan: Siblings On Song,Entertainment & Lifestyle
SPEAKING TREEbrChildrens Company Can Be Therapeutic,Business & Economy
PM's tourism meet cancelled,Politics & Government
Vizag only district with power,Other
Govt plans ways to mobilise funds for better education,Politics & Government
'Decoded' invalid vote overturns poll result,Education & Recruitment
Laden's army 35;000 strong,Defence & Security
US embassy to remain closed,International/World
Police bust fake vehicle licence racket,Crime & Law/Judiciary
'Mystery woman' angle baffles police,Crime & Law/Judiciary
Advocate acquitted in murder case,Crime & Law/Judiciary
Students march against nude parade,Education & Recruitment
Narendra resigns from party post,Politics & Government
A common armrest; an uncommon LoC,Defence & Security
Identify the terrorist,Defence & Security
Punjab govt gears up for procurement operations,Politics & Government
Medico advocates new method to treat Parkinson's disease,Health
Drought widespread in Kodagu,Weather & Disaster
Rani Mukherjee; a mobile freak!,Other
Grooms face the music,Entertainment & Lifestyle
Major shift in TN food policy,Politics & Government
Whose life is it anyway?,Other
DMK stage walkout in TN Assembly,Politics & Government
Jehanabad bandh against Sena man's killing,Politics & Government
Colourful end to canvassing on M S University campus,Education & Recruitment
No doctors to attend PMCH patients,Health
Jail term for Kenyan reduced,Crime & Law/Judiciary
Controller to look into student's plaint,Education & Recruitment
Zaffarwal acquitted in shootout case,Crime & Law/Judiciary
Govt may trim Dasara celebrations,Politics & Government
Murder case solved,Crime & Law/Judiciary
PMT-PCMT merger proposal gets the nod,Business & Economy
Students' union election deferred,Education & Recruitment
India makes common cause with US,International/World
US embassy was targeted,International/World
SC asks TN to create more merit seats in medicine,Health
Army team geared for ALH induction,Defence & Security
Miss India-Canada crowned Miss Canadian Universe,Entertainment & Lifestyle
Afghan conflict may escalate after US attacks,International/World
Fishermen allege harassment in Mumbai despite HC order,Crime & Law/Judiciary
Apex court stays HC order in PCCF case,Crime & Law/Judiciary
Government hospitals asked to provide better health care,Health
Lashkar militant killed in Doda,Defence & Security
Britain rallies support for the US,International/World
Terrorists have resources to strike anywhere,Defence & Security
State govt shied away from reality,Politics & Government
Sebi keeps Sensex circuit breaker at 10%,Business & Economy
I am my father minus his moustache and specs: Pratibha Advani,Politics & Government
It's a crime against humanity: Sonia,Crime & Law/Judiciary
Homework on rural life needed: IT minister,Politics & Government
Barh power project to be launched today,Business & Economy
Milk powder import draws minister's wrath,Business & Economy
US ambassador reviews security,International/World
CM hits campaign trail in Sabarkantha,Politics & Government
QAD's ERP solutions hit local market,Business & Economy
Students clash on campus,Education & Recruitment
Spinning the wheel; London style,International/World
India hopes US will now pressurise Pak,International/World
US-bound travellers alter plans,International/World
Drought relief panels a hindrance,Weather & Disaster
Talk on entertainment industry,Business & Economy
State govt moves Supreme Court in PCCF case,Crime & Law/Judiciary
Doctors seeks arms' licences,Health
CBI urges not to make report public,Crime & Law/Judiciary
Teenagers held for robbing marriage parties,"Society, Religion & Culture"
Range police to collect 5000 units of blood,Crime & Law/Judiciary
America keeps all killers,International/World
Dengue fever hits 34 kids,Health
MANISHA TO MAKE FILM ON GRANDPA,Entertainment & Lifestyle
Hit by Polio; but standing tall,Health
Minister catches units adulterating petrol,Business & Economy
Kidnapped boy rescued from UP,Crime & Law/Judiciary
Unforgiveable crime,Crime & Law/Judiciary
US visa aspirants kept at bay,International/World
HC issues notices to teachers' unions,Education & Recruitment
AMC staff seek police cover for risky jobs,Crime & Law/Judiciary
Not just US; humanity the target,International/World
Student selected for Mars exploration training in US,Education & Recruitment
Finish the terrorist,Defence & Security
Govt fights shy of using ESMA,Politics & Government
Govt singles out minority schools; threaten to rescind special status,Politics & Government
Ayurveda; yoga can heal tourism industry,Business & Economy
Low kick on drugs in campus,Education & Recruitment
Lagaan; Deham for film festival,Entertainment & Lifestyle
FDI worth Rs 101cr approved,Business & Economy
China Inc gung-ho on Indian IT,International/World
Politics of price should end immediately; says FCI chief,Politics & Government
News from the world,International/World
Govt irks groups over Srikrishna,Politics & Government
Issue of Mahabodhi temple management leadership in a fix,"Society, Religion & Culture"
Air America is brought down,International/World
Security around US consulate tightened,International/World
CBI yet to register FIR on 'Palace on Wheel' case,Crime & Law/Judiciary
Lakhani scalps 4th seeded Phadke,Sports
Flights to the USA may be short-terminated,International/World
Protest against delay in teachers' appointment in dept of German,Education & Recruitment
Leukaemia patient needs monetary aid,Health
Sophie's Moulin moment,Other
KBC to KABC: Clone banega in Pakistan,International/World
Students will get their daily egg,Education & Recruitment
6 held for murder bid,Crime & Law/Judiciary
Colleges: Govt plans 2-stage screening,Politics & Government
Angels among us,International/World
Anaida tells us all,International/World
Post US attack; Dalal Street hopes to re-exorcise 1993 spirit,International/World
VHP condemns US attacks,International/World
State not utilising Central funds; alleges minister,Politics & Government
US jurists' visit,International/World
Hurriyat condemns terrorist attacks in US,Defence & Security
Kiwis continue the good work,Sports
Complaints cell flooded with inquiries,Weather & Disaster
Raman in for a Lamba innings,Sports
Baba is boon to Malaysian hockey,Sports
'Illegal' faculty status denies results,Education & Recruitment
A chronology of strikes by Laden on US interests,International/World
RSS chief condemns attack on USA,International/World
Flesh trade racket busted; 2 girls saved,Business & Economy
Befitting tribute to teachers,Education & Recruitment
Govt releases Rs 2 lakh for Liberation Day,Politics & Government
Konkani exams for beginners,Education & Recruitment
Do Sehba Musharraf; Benazir; Hasina wear burqas?,Politics & Government
Police told to act against pathology labs,Crime & Law/Judiciary
13 PW naxals surrender,Defence & Security
One held for theft at judge's house,Crime & Law/Judiciary
'Govt will react as a whole on Bush's statement',Politics & Government
Holocaust in America,International/World
Rape incident leads to tension,Crime & Law/Judiciary
Petitions challenging Sonia's election dismissed,Politics & Government
MSU election plank: Leaders offer to have odd-jobs done,Politics & Government
CM unfazed by Mulayam move,Politics & Government
Terrorism is being used as a political weapon,Defence & Security
US will now look for revenge; but against whom?,International/World
Strikes evoke mixed reaction from industry,Business & Economy
Bollywood ki Rani!,Entertainment & Lifestyle
A high for an eye: Enter the cinema boutique,Entertainment & Lifestyle
Date set for cricket team's fitness test,Sports
CM offers to rush doctors to US,Health
Shah Rukh's tryst in Japan,International/World
5;000 teachers march to Surat collectorate,Education & Recruitment
Two militants killed in Manipur encounter,Defence & Security
Modi's keeping off canvassing may harm BJP,Politics & Government
Killings in USA should be condemned,International/World
Congmen say CM has done better than Ananth,Politics & Government
Attack on America may hit aid,International/World
New CJ for Madras High Court,Crime & Law/Judiciary
Rajnath rules out Assembly polls before March,Politics & Government
No security head at Vizag Navy depot,Defence & Security
Arab world accuses Israel,International/World
Search and seizure by income-tax authorities,Business & Economy
47% rise in revenues from Europe: Nasscom,International/World
US pushes NATO to invoke security clause,International/World
Jaya summoned in London hotel case,International/World
Terrorist attacks against US,Defence & Security
UP Assembly witness to many firsts,Politics & Government
Attacks vindicate India's stand: Advani,Politics & Government
Religion not a issue with youth,"Society, Religion & Culture"
US embassy converted into virtual fortress,International/World
Of Monsoon Wedding & the Mira chant of Venice,Weather & Disaster
NCP pooh-poohs Cong mayor election plan,Politics & Government
Salil and Aditi to feature in movie together,Entertainment & Lifestyle
Foreigners in the city stunned at US attack,International/World
Afghan conflict may escalate after US attacks,International/World
Students' union election deferred,Education & Recruitment
34 children affected by dengue,Health
Congress targets Trinamul workers,Politics & Government
St Agnes' students pay ode to the teaching community,Education & Recruitment
India win World Railways athletics championship,Sports
Aamir XI versus Rest of the World,Entertainment & Lifestyle
Vajpayee's visit to New York uncertain,Politics & Government
Wary govt bars teachers from by-election duty,Education & Recruitment
Ranvir Sena men beat villagers; injure 7,Politics & Government
Christian youth performs Ganesh pooja,"Society, Religion & Culture"
Drought: Work at a halt in Raichur,Weather & Disaster
Assailants of former SP MLA killed,Crime & Law/Judiciary
Harkat-ul-Mujahideen ultras arrested in Delhi,Crime & Law/Judiciary
Flood water enters more Muzaffarpur areas,Weather & Disaster
Ex-minister against airport privatisation,Politics & Government
'Double-check' for US-bound passengers,International/World
HC directs govt to act on fishing imbroglio,Politics & Government
US retaliation may be long,International/World
Left MLAs in UP likely to resign,Politics & Government
Indian insurers may be hit after US attack,International/World
SP demands action against graft in Dufferin Hospital,Health
Teachers sore as Goa reduces retirement age,Education & Recruitment
Bomb hoax at airport,Defence & Security
La Martiniere College founder's day today,Education & Recruitment
More that 250 Indians feared killed; list of missing,Crime & Law/Judiciary
Indian economy braces for worst,Business & Economy
Fake certificate scam: Bhatinda DEO transferred,Crime & Law/Judiciary
Bringing teachers up to scratch for top-class education,Education & Recruitment
'Don't thrust the burka upon us',International/World
Hollywood films on terrorism held up after attacks,Entertainment & Lifestyle
Murder fallout of business rivalry,Crime & Law/Judiciary
Citizen Sonia,Politics & Government
Law and Ethics,Other
School board that can't count,Education & Recruitment
10 killed in landmine blast; firing,Crime & Law/Judiciary
Teachers blink first; call off strike,Education & Recruitment
Britain is 'safe haven' for world terrorism,International/World
Sonia's to visit eastern UP today,Politics & Government
Preeti does a S.A. in a Hrithik film!,Entertainment & Lifestyle
CCI gets breather from government,Politics & Government
'Attack will open world's eyes to PM's view',International/World
Murder accused's parole plea rejected,Crime & Law/Judiciary
Ganguly to change bat for SA tour,Sports
Parties fail to decide on poll reforms,Politics & Government
US ambassador meets Musharraf,International/World
Hundreds of Indians may have died,Other
NCP pooh-poohs Cong mayor election plan,Politics & Government
Drought: BJP seeks Ramadevi intervention,Weather & Disaster
Petrol pump raids continue,Business & Economy
Cabinet to okay SJC recommendations,Politics & Government
SC reserves verdict on Jaya's appointment,Crime & Law/Judiciary
Trial by Terror,Crime & Law/Judiciary
Students get lesson in conducting classes,Education & Recruitment
TDP govt leading AP into Dabhol disaster,Weather & Disaster
Cong MLAs complain against govt functioning,Politics & Government
Govt rushes to free chained mental patients,Health
Eight killed in J&K violence,Crime & Law/Judiciary
Global economy recoils from attack,Business & Economy
Visa-seekers have second thoughts about visiting US,International/World
Sachin is a demi-god; says cricket board,Sports
TN Cabinet meet to decide on Cauvery,Politics & Government
Army distributes relief to the flood-hit,Weather & Disaster
Tyagi's bail bond not accepted,Crime & Law/Judiciary
Last date to apply for SSLC exams,Education & Recruitment
Paradox of America,International/World
Surendra Yadav's security a challenge for police,Crime & Law/Judiciary
Warning against attempts to create communal tension,"Society, Religion & Culture"
BJP not to make Ayodhya poll issue in UP,"Society, Religion & Culture"
Advani moots joint working group on terrorism,Politics & Government
US proposes; Pak disposes,International/World
Hoax bomb scare on Mumbai bound flight,Defence & Security
US embassy gets back to business,International/World
If the USA is vulnerable; who is safe?,International/World
US blamed for manipulating facts,International/World
CM wants probe into breakdown,Crime & Law/Judiciary
US crisis clogs phone lines,International/World
AN INTEGRATED APPROACH TO MEDICINE,Health
HP govt will complete term,Politics & Government
BRIEF GRIEFbrWaking up to the world,International/World
Traditional schools of medicine get thumbs-up,Health
Teachers protest against police manhandling,Crime & Law/Judiciary
Diplomats gear to move out of Pakistan,International/World
CBI opposes Ambani's plea in cheating case,Crime & Law/Judiciary
Residents cry for police presence,Crime & Law/Judiciary
Employment schemes to get top priority: Cabinet,Politics & Government
Togadia urges Hindus to back US,International/World
Muslim youth celebrate attacks in US,"Society, Religion & Culture"
Terrorist strike in US condemned,Defence & Security
Five held for gang rape,Crime & Law/Judiciary
Sonia is Indian; rules SC,Politics & Government
Kerala assures trouble-free student polls,Education & Recruitment
Round-the-clock control room on US disaster,Weather & Disaster
PMCH doctors' strike to continue,Health
Idols worth crores stolen from Jhansi temple,"Society, Religion & Culture"
Murder at NCC camp,Crime & Law/Judiciary
Bangalore to witness Monsoon Wedding,Weather & Disaster
US law allows abduction; not killing; of suspects,International/World
How America came to a halt,International/World
Exports to US to be affected: DGTF,Business & Economy
Angels among us,International/World
Servants' children unable to play in Navy Nagar,Defence & Security
5;000 teachers march to Surat collectorate,Education & Recruitment
3 men get jail for attempted robbery,Crime & Law/Judiciary
No arrests in paddy scam,Crime & Law/Judiciary
Taliban appeal to US,International/World
Passengers wait for airports in US to reopen,International/World
US tickets cancelled; bookings fall,International/World
Cashew industry workers pour out their woes,Business & Economy
US attacks: Badal expresses shock,International/World
CM likely to meet PM on drought situation,Weather & Disaster
Special drive to check malaria begins,Health
Students fear no threat to colleges,Education & Recruitment
Indica V2 petrol version,Business & Economy
IDC funds for developing powerloom industry,Business & Economy
No news of casualty yet,Defence & Security
Doctor murdered in car,Crime & Law/Judiciary
US must resolve conflicts,International/World
CBI opposes Ambani's plea in cheating case,Crime & Law/Judiciary
Britain fears hundreds of its citizens dead,International/World
US to work with India to counter terrorism,International/World
KPTC to ask KERC to defer power tariff hike,Business & Economy
Lack of policy implementation to prevent scam: RBI,Crime & Law/Judiciary
NGOs are key to disaster management,Weather & Disaster
2-wheeler boom fuels petrol consumption in city,Business & Economy
Left party MLAs resign from UP House,Politics & Government
France for reducing export subsidy,Business & Economy
11 students of a school clear NTSE,Education & Recruitment
MCC call to protest verdict on Bara,Crime & Law/Judiciary
Gundewar report not to be refered: court,Crime & Law/Judiciary
Mysore hospital gives cancer procedure at low cost,Health
India will help if US strikes,International/World
Pak troops on Afghan border on high alert,Defence & Security
India offers medical help to US,Health
Helpline delayed. Can CM help?,Politics & Government
Tourists to US cancel tickets,International/World
All religion prayer meeting US attack victims,"Society, Religion & Culture"
Lucky escape for IIM students,Education & Recruitment
Nayak: No Chief Minister!,Politics & Government
PM to address the nation tomorrow,Politics & Government
Let's crush terrorism: PM,Politics & Government
Mandal offices wear a deserted look,Politics & Government
Students meet IPS officer-trainees,Education & Recruitment
British death toll in US attacks nearly 100,International/World
Hurriyat executive holds meeting in Srinagar,Politics & Government
Lesson learnt; teachers back in schools,Education & Recruitment
India should support the US,International/World
IT industry is maturing,Business & Economy
Financial markets feel the loss,Business & Economy
'Terrorists aren't psychopaths but use psychological strategy for change',Defence & Security
Pakistan may gain significant concessions from the US,International/World
Judge summons officials in construction case,Crime & Law/Judiciary
Cong worker's arrest sparks violence,Crime & Law/Judiciary
Chitradurga seeks funds for drought relief works,Weather & Disaster
Clear e-commerce tax policy must: experts,Business & Economy
Former Cong minister quizzed on properties,Politics & Government
FBI collects material on Pak militant camps,Defence & Security
MCC by-poll: Poojary asks party workers to support official candidate,Politics & Government
Notices issued to former police officer for defaming Bhujbal,Crime & Law/Judiciary
The world has been awaken,International/World
Spurt in crime: no link; say police,Crime & Law/Judiciary
School student stabbed; critical,Education & Recruitment
Can society demand transfer fee?,"Society, Religion & Culture"
SC verdict negates NCP stand on Sonia: Adik,Crime & Law/Judiciary
Puri bags Coca Cola table tennis Cup,Sports
BJP rallies from Sept 19,Politics & Government
No flights to US before Sunday,International/World
Teachers' day out,Education & Recruitment
Govt rules out petro price hike,Business & Economy
Is China the next stop for Indian tourists?,International/World
Court seeks medical reports of murder accused,Crime & Law/Judiciary
Infiltration bid foiled; 4 ultras killed in Jammu,Defence & Security
Man killed in hit-and-run,Crime & Law/Judiciary
Expert emphasises flood plain management,Weather & Disaster
Charas disappears from police station,Crime & Law/Judiciary
ADA; IIT scientists working to develop airships,Education & Recruitment
BJP to stage rally on Sept 18,Politics & Government
Three more SP legislators resign,Politics & Government
Trouble with Hollywood? It loves terrorists,Defence & Security
CM offers to rush 200 doctors to US,Health
CPI;CPM members quit Assembly seats,Politics & Government
Jaya wants PM to convene urgent meet on Cauvery,Politics & Government
Vice trade: Hotel manager granted bail,Crime & Law/Judiciary
US jurists in A'bad,International/World
Party time!,Politics & Government
Q&Q petrol bunk opens in Kolar,Business & Economy
CM asks officials to speed up drought relief works,Weather & Disaster
Govt to set up institution for development of Indian languages,Politics & Government
PM has agreed to release 10 kg of rice per person,Politics & Government
Sensex; rupee spooked by war talk,Business & Economy
Suvari didn't learn stunts for movie,Entertainment & Lifestyle
Pak generals mum on US request,International/World
Varsity maintains status quo on exams,Education & Recruitment
Travancore Board resignation demanded,Politics & Government
A portrait of the actor as a Nayak,Entertainment & Lifestyle
Range police to send blood to US,Crime & Law/Judiciary
Buddhadeb to leave for Japan,International/World
A taste of their own medicine,Health
Reprisal fear for Muslims relatives in US,International/World
Junior doctors keep hospitals paralysed,Health
Aaj Tak to enter newer market with Sony,Business & Economy
Alensman's world,International/World
Militant outfits oppose Pak move to support US,Defence & Security
Hurriyat resolves to fight terrorism with US,International/World
Vajpayee warns of stern economic decisions,Politics & Government
Advocates slam govt on tenancy act,Politics & Government
Court orders daily trial of PITA accused,Crime & Law/Judiciary
Spinning the wheel; London style,International/World
Man convicted of homicide,Crime & Law/Judiciary
Blackwill postpones visit to Washington,International/World
Survey must before starting new courses; say teachers,Education & Recruitment
CM's effigy wears the pants and burns,Politics & Government
83 Keralites in US are 'secure',International/World
Conviction rate has to improve,Crime & Law/Judiciary
Rajasthan govt on an anti-corruption drive,Crime & Law/Judiciary
BJP to observe Sept 21 as Anti-Terrorist Day,Defence & Security
Rotary brings new project for teachers,Education & Recruitment
Ex-armyman found murdered,Crime & Law/Judiciary
Army to induct Agni missiles,Defence & Security
AIMF expresses grief over attack on US,International/World
MLA to resign if charges are proved,Politics & Government
Man declared untraceable a year after arrest,Crime & Law/Judiciary
Jharkhand govt okays UGC scale for teachers,Education & Recruitment
Defence shares up; airlines down,Business & Economy
Fashion blitz,Entertainment & Lifestyle
Primary teachers to undergo CET now,Education & Recruitment
Bollywood on tenterhooks: Oh God; it's Friday,Entertainment & Lifestyle
No question of dissolving UP assembly: Kalraj,Politics & Government
Pensioners demand medical allowance hike,Health
Road work called off; BJP protests,Politics & Government
Akash missile test-fired,Defence & Security
Tumkur's Siddhartha Institute ties up with US varsity,International/World
WBIDC prepares little for CM's tour,Politics & Government
All-party team will cite TN's 'lapse',Politics & Government
Teachers invited for special education programme,Education & Recruitment
BJP; Cong train guns at each other,Politics & Government
The golf mantra,Sports
Shiv Prakash leads Mahindra golf rankings,Sports
Ad industry regroups after TRP leakage,Business & Economy
Sanjay Dutt's better half in godmen's company?,Business & Economy
JD(U) youth flay Hindu bodies,"Society, Religion & Culture"
Govt. misutilised Rs 130 cr given for roads: Gadkari,Politics & Government
City police seek Ashwin Naik's custody over Neeta's murder,Crime & Law/Judiciary
PM cancels New York trip; Musharraf meeting,Politics & Government
US remains a favourite with Indian students,Education & Recruitment
Promising vaccine for tropical disease found,Health
BJP MPs skip all-party Cauvery meet,Politics & Government
Veteran Cong leader quits party,Politics & Government
Bus blaze: Cops probe sabotage angle,Weather & Disaster
Om Puri felicitated at Telluride film festival,Entertainment & Lifestyle
Govt Deepam scheme proving unprofitable for oil companies,Business & Economy
Show cause to hotel for vice trade,Business & Economy
Musharraf cancels New York visit,Politics & Government
CBI files affidavit on Latvians' release,Crime & Law/Judiciary
Power cut in city areas tomorrow,Business & Economy
Police unearth ISD racket,Crime & Law/Judiciary
Andel has America shall overcome,International/World
Devastation of 'HUMANITY',Other
DD; AIR excluded from disaster plan,Weather & Disaster
Waking up to the world,International/World
Govt.has no land to resettle SSP oustees; says DF panel convener,Politics & Government
Make Chikkaballapur a district; urges MLA,Politics & Government
Committee set up to recommend auto fuel policy,Politics & Government
Togadia urges Hindus to back US,International/World
US attacks relegate Mulayam theatrics to back burner,International/World
attack Pakistan; attack Pakistan,International/World
Schoolboy shot in warning over Indian support to US,International/World
Manisha to make film on grandpa,Entertainment & Lifestyle
Govt denies any starvation death in state,Politics & Government
Govt initiates talks with Secretariat staff union,Politics & Government
Telangana Congress leaders in a dilemma,Politics & Government
Pakistan TV to launch KBC clone,International/World
NDA partners given a raw deal: Prabhunath,Politics & Government
City Scan: Accused in assault case murdered,Crime & Law/Judiciary
CBI files affidavit on Latvians' release,Crime & Law/Judiciary
Raman in for a Lamba innings,Sports
One fourth volunteers test HIV +ve,Health
Ex-MP too lambasts Parriker,Politics & Government
Aamir; Anil & Aishwarya: Safe and sound!,Entertainment & Lifestyle
Indo-US JWG to fight terrorist menace: Advani,Defence & Security
Former BJP corporators join Congress,Politics & Government
Kheda police also to destroy liquor,Crime & Law/Judiciary
CAG faults entertainment tax collection,Business & Economy
Govt bows to opposition demand; extends monsoon session,Weather & Disaster
Siemens to have JV in finance segment,Business & Economy
A rewind of the militant mind,Defence & Security
Electric trolley project gets green signal,Other
Govt to pay contractors' arrears,Politics & Government
Terrorists in Tihar: The Osama connection,Defence & Security
Indian consulate; VHP set up helplines,Politics & Government
Hollywood on the mat,Entertainment & Lifestyle
Railway police officer suspended,Crime & Law/Judiciary
Diary of a Terrorist,Defence & Security
Student shot at by suspected militants,Defence & Security
NDA allies seek clarifications,Politics & Government
Providing jobs to youths first priority: CM,Politics & Government
Of marriage; love and incest,"Society, Religion & Culture"
Left parties oppose Govt move to support US,International/World
Arabs in US worried after attacks,International/World
President to visit Goa tomorrow,Politics & Government
US on high alert after attacks,International/World
Global norms urged to prevent misuse of child helplines,International/World
Decoding the terrorist mindset,Defence & Security
Militant training camps closed in PoK,Defence & Security
Need to stand united: CM,Politics & Government
Finance firms default on repayments,Business & Economy
GCCI opposes industrial bandh,Politics & Government
BJP upbeat about Sabarmati prospects,Politics & Government
Hindu groups protest Shahi Imam's remarks,"Society, Religion & Culture"
US may use Rabbani against Taliban,International/World
Kheda police also to destroy liquor,Crime & Law/Judiciary
Insurgency-free Sikkim first priority: CM,Defence & Security
BJP SC Morcha camp begins,Politics & Government
Landmine blast kills BSF jawan in Udhampur,Defence & Security
Opposition stages walk out in Pondy Assembly,Politics & Government
Admission open to vocational institute,Education & Recruitment
KGMC HoD accused of corruption charges,Crime & Law/Judiciary
Gifted with the magic of music,Entertainment & Lifestyle
A-I to resume US operations from Sept 19,International/World
HDMC man's wife chained; assaulted for dowry,"Society, Religion & Culture"
Meters at transformers to stop theft,Crime & Law/Judiciary
Relief and distress written all over e-mails from US,International/World
Congress cautions Govt on anti-terrorism strategy,Politics & Government
Day surgery centre to be set up,Health
CBI to form core group to assess terrorist activities,Defence & Security
IT'S A MAD WORLD,International/World
US aggression would be counter-productive,International/World
Tremors in Saurashtra spread panic,Weather & Disaster
Doctors to strike work today,Health
Sonia's behaviour invites tighter security,Politics & Government
US should consider Pak support to terrorism,International/World
Under wraps: It's an ad; ad world!,International/World
Shivaji serial off the air,Entertainment & Lifestyle
Crime and baseball,Crime & Law/Judiciary
US rallies behind Bush,International/World
State will sell Ayurveda to foreign tourists now,International/World
Fall in line; US to Arab states,International/World
Police nab Jain's kidnappers,Crime & Law/Judiciary
UN General Assembly session may be deferred,International/World
Surat telecom to have private agencies to collect bills,Business & Economy
Construction of Ram temple on March 12; 2002: Singhal,"Society, Religion & Culture"
Alliance politics taking shape at PU,Politics & Government
Naidu should rethink support to NDA: VP,Politics & Government
ITF junior championship from Sept 17,Sports
High Court disposes off BCCI's petition,Crime & Law/Judiciary
Law upholds rights of terrorists: US judges,Defence & Security
Is Britain riding terrorism tiger?,International/World
BJP bid to check trader's exodus,Politics & Government
It is CPM's turn to criticise Congress,Politics & Government
Awareness about mental health is increasing,Health
Govt flayed for likely action against activist,Politics & Government
Chamber mourns US victims,International/World
Samajwadi Party cautions Govt on support to US,International/World
Miss India-Canada crowned Miss Canadian Universe,Entertainment & Lifestyle
No political crisis in the state,Politics & Government
US marines land in Pak for surveillance: Report,International/World
BJP alleges exorbitant fees paid for Pune Festival events,"Society, Religion & Culture"
Ram Kishan a big kill for city police,Crime & Law/Judiciary
Md Amin to be acting chief minister,Politics & Government
MSU plans to participate in youth festival,"Society, Religion & Culture"
Cricket in India is on a good wicket now,Sports
Range police to collect 5;000 units of blood,Crime & Law/Judiciary
Minister reviews progress of projects,Politics & Government
CERC tells govt to compensate blinding victims,Politics & Government
Dwivedi resigns from NCP,Politics & Government
Guess who's shooting in city...,Other
Bill on education to be introduced in Parliament,Politics & Government
SRNH first to adopt mandatory AIDS testing,Health
Lunatic tries to stab judge in court,Crime & Law/Judiciary
CBI seeks clarification from Dalmiya,Crime & Law/Judiciary
Chauhan to take plunge into politics,Politics & Government
LU authorities to modify astrology syllabus,Education & Recruitment
Govt ignores Bin Laden's Bihar link,Politics & Government
Terrorist attacks handiwork of Zionists: Lashkar,Defence & Security
VHP to intensify Ram temple movement from Monday,"Society, Religion & Culture"
Students resolve not to use polythene bags,Education & Recruitment
Surtis' anxiety over kin in US,International/World
How ice hockey made Jaswinder into Jazzy,Sports
Shourie unhappy with pace of IIT project,Education & Recruitment
Ganguly to resume practice,Sports
SP directed to lodge FIR in Chunnu case,Crime & Law/Judiciary
Step up loan recovery: Bank union,Business & Economy
Back from Pakistan!,International/World
JS develops model for water harvesting,Entertainment & Lifestyle
8 ultras among 11 killed in J&K,Crime & Law/Judiciary
Transcript of US President Bush's remark to rescuers,International/World
Karnataka not to release Cauvery water,Other
Lawyers decide to stage bandh on Sept 21,Politics & Government
Chocolates; roses; 'tilaks' galore at MSU campus,Education & Recruitment
By election no hurdle to MMCB revival scheme: Central registrar,Politics & Government
Electricity dept. begins energy audit,Business & Economy
Flood situation deteriorates,Weather & Disaster
Parking blues on LU campus,Education & Recruitment
Politics of Criticism debated,Politics & Government
Lesson learnt; teachers back in schools,Education & Recruitment
PPS activist murdered in Kothrud,Crime & Law/Judiciary
Planning board asks Kerala govt to tighten belt,Politics & Government
Rape accused sentenced to 10 years' RI,Crime & Law/Judiciary
Student punished for speaking against Osama,Education & Recruitment
All parties back govt on terrorism,Politics & Government
Fireworks over bank scam likely in Assembly,Crime & Law/Judiciary
CM to meet leaders Tungabhadra canal,Politics & Government
BMC targets Rs 300 cr through market redevelopment,Business & Economy
Police to monitor Boat Club 'activities',Crime & Law/Judiciary
Standard Chartered manager arrested,Crime & Law/Judiciary
Miracle man offers cancer cure,Health
HELP; I'M HOSTING A PARTY,Politics & Government
THPI plans foundation day festival,"Society, Religion & Culture"
Journalist granted bail in BSEB scam,Crime & Law/Judiciary
Cancer centre accused of breaking regulations,Health
In-house interaction helps company grow,Business & Economy
US counter-strike: VHP opposes direct role for India,International/World
Meet to draft curriculum for blind ITI students,Education & Recruitment
IOA waits as govt says; games off,Politics & Government
Happy puts sleuths on Nepal trail,International/World
Musharraf briefs US envoy on Pak response,International/World
War against AIDS fought on paper,Health
Muslims feel relatives in the US fear reprisal,International/World
UN nod a must for strike; feels India,International/World
Atlanta may have been a terrorist target,Defence & Security
3 killed in wall collapse,Crime & Law/Judiciary
New executive director of IOC,Entertainment & Lifestyle
Govt biggest hurdle in loan recovery,Politics & Government
Suspected PLA militant killed in Manipur encounter,Defence & Security
College elections: Parties form alliances,Education & Recruitment
New Teachers flay State Govt,Education & Recruitment
CM targets Congress in round two of campaign,Politics & Government
BJP leader joins Congress in Banaskantha,Politics & Government
10 arrested for activist's murder,Crime & Law/Judiciary
Violent birthday for VHP chief: 1 killed,Crime & Law/Judiciary
Govt to set up tri-service command in Andamans,Politics & Government
BJP loyalists discuss party issues,Politics & Government
Shastri promulgates quota ordinance,Politics & Government
An actress for every season,Entertainment & Lifestyle
Local support to militants waning in Rajouri-Poonch,Defence & Security
Sikh shot dead in Arizona,"Society, Religion & Culture"
Pilgrim held for carrying tiger skin,"Society, Religion & Culture"
Sebi likely to make AMFI certification must,Business & Economy
Cong alleges BJP is 'impersonating' them,Politics & Government
Govt. apathetic to welfare of killed policemen's families,Crime & Law/Judiciary
Shah Rukh's tryst in Japan,International/World
Negotiating the virus,Health
China denies links with Taliban,International/World
Citibank tops corporate e-banking list,Business & Economy
Pak will help US; but wants India out,International/World
The man who could have been PM,Politics & Government
Govt plans new ad policy,Politics & Government
BMC will release funds for schools piecemeal fashion,Entertainment & Lifestyle
Govinda: No time for politics,Politics & Government
Advani's arrival to boost BJP morale,Politics & Government
Amin to be acting chief minister,Politics & Government
Lack of fund makes Sangli hospital ill,Health
IFDP to decide soon on joining NDA,Politics & Government
Poll lessons for Sonia,Politics & Government
IT hardware exports rise; despite US dip,Business & Economy
Court reserves order on Ambani's plea,Crime & Law/Judiciary
BSNL cell phones upsets officers,Other
Cops in a bind over false complaints,Other
Bomb scare turns out to be hoax,Defence & Security
Agonising wait for message from the US,International/World
A rewind of the militant mind,Defence & Security
Internet crime,Crime & Law/Judiciary
US economy will not collapse; says S&P,Business & Economy
No formal request for help from US: Jaswant,International/World
Exporters agree on need for productivity,Business & Economy
Amrinder faces challenge for party ticket,Politics & Government
College chic,Education & Recruitment
Court drops fake encounter case,Defence & Security
Taliban officials' bank accounts freezed,Business & Economy
Govt closely monitoring global oil scenario,International/World
bin Laden: World's most wanted,International/World
Specialists make family doctors extinct,Health
Badal meets PM over attacks on Sikhs in US,International/World
Backlash in US worries city Sikhs,International/World
Army on high alert along J&K; Punjab borders,Defence & Security
Bush thanks Musharraf for Pak support,Politics & Government
Mashelkar Committee to recommend Auto Fuel Policy,Politics & Government
New rules for junior inter-zonal athletics,Sports
SIMI flays Musharraf for helping US,International/World
Integrate culture into development process,"Society, Religion & Culture"
Records tampering probe tardy,Crime & Law/Judiciary
Blair fears race riots in Britain,International/World
Sikh leaders angry and stunned over attacks,"Society, Religion & Culture"
School for mentally challenged opens,Education & Recruitment
Sunday school; thanks to teachers,Education & Recruitment
Of marriage; love and incest,"Society, Religion & Culture"
LUSU poll reforms okayed,Politics & Government
Three arrested for activist's murder,Crime & Law/Judiciary
Celebrity spiel,Entertainment & Lifestyle
Delay in power reforms not to hit foreign funding,International/World
A grisly tale of caste oppression,"Society, Religion & Culture"
Tired of admission queues? Just go online,Education & Recruitment
'Saviours' wrestle over hospital site,Sports
First-hand account of how US is recovering,International/World
IT industry is maturing,Business & Economy
Gangster held for firing at police,Crime & Law/Judiciary
Tendulkar on road to complete recovery,Sports
Pak should hand over militants to India,Defence & Security
Police separates law and order duties from crime detection,Crime & Law/Judiciary
PW reorganises party structure,Politics & Government
Madhavpura Bank to start operations,Business & Economy
Police inspector among 3 killed in Jammu,Crime & Law/Judiciary
Bank fraud detected,Crime & Law/Judiciary
Students plant saplings,Education & Recruitment
Police get leads in ex-army captain's murder case,Defence & Security
Students display green concerns,Education & Recruitment
Harassment drives woman to suicide,Crime & Law/Judiciary
Sophiya's world,International/World
Blue bull menace nags Mehsana Dalits,"Society, Religion & Culture"
Govt rules out privatisation of railways,Politics & Government
Telecom officers unhappy with BSNL cell phones,Business & Economy
Teachers' recruitment test key released,Education & Recruitment
Goa prepares to receive President,Politics & Government
Burqa diktat divides militants; mercenaries,Defence & Security
Govt rules out privatisation of Railways,Politics & Government
Bar license: Police pass the buck to Excise,Crime & Law/Judiciary
Expert calls for strong steps to curb growing incidence of cancer,Health
ADR can promote out-of-court settlements: US expert,Crime & Law/Judiciary
Attack on US would hit India,International/World
PM ko mera shakla; akla aur kabiliyat pasant nahin,Politics & Government
'India should play a 'low-key' role in US attacks',International/World
Navy establishments on 'high alert',Defence & Security
Pakistan's dual face,International/World
Unmasking Pakistan,International/World
US; Chinese military officials meet,International/World
Love the ultimate weapon,Defence & Security
Indian economy will be affect: Yashwant,Business & Economy
CII for 100% FII limit,Business & Economy
DPC lenders stop C&P funds to project,Other
Extremists warn Musharraf over support to US,International/World
India's foreign currency inch up to $45;365-m,International/World
Britain to speed up extradition process,International/World
Two more die in Hayaghat floods,Weather & Disaster
Weapon of choice,Defence & Security
Police fails to check ISI activity in Bihar,Crime & Law/Judiciary
Tax Commission recommends VAT for state,Business & Economy
Tyagi granted bail in Suleman bakery case,Crime & Law/Judiciary
Presence of Dawood; aides in Karachi becomes embarrassment to Pak govt.,Politics & Government
Bihar flood toll rises to 89,Weather & Disaster
US has not even sought help,International/World
No US request for logistical support,International/World
Medical meet urges compassion,Health
Poll lessons for Sonia,Politics & Government
Journalist granted bail in BSEB 'marksheet scam',Crime & Law/Judiciary
Dengue; brain fever in Bellary,Health
Jaswant likely to visit US,International/World
Manipuris find ways to live with AIDS,Health
Starring role for money and caste,"Society, Religion & Culture"
Damodaran assures US-64 investors,International/World
Minister appeals for peace in Hubli,Politics & Government
Sikh attacks deliberate,"Society, Religion & Culture"
China might demand UN nod for US strikes,International/World
Small units trade fair from tomorrow,Business & Economy
Bangalore is crucial in any global equation,International/World
IT industry is maturing,Business & Economy
Ten bills given President's assent,Politics & Government
TN will have to relieve IPS officers: Minister,Politics & Government
BJP state leaders in Delhi for talks on ticket distribution,Politics & Government
Salman Khan: Weighting time!,Entertainment & Lifestyle
Surf the Net; pick up flowers; also buy petrol,Business & Economy
US may set up military tribunals,International/World
Pak set no terms; US tells India,International/World
Food; funds abound; but no meals for students,Education & Recruitment
Yes; we party since life must go on,Politics & Government
Call for calamity relief fund,Weather & Disaster
Pakistan appears to have the wrested the initiative,International/World
Attacks result of destructive emotion,Education & Recruitment
Church ransacked; miscreants at large,"Society, Religion & Culture"
US assures safety of Sikhs,International/World
Mercedes Benz likely to improve profit,Business & Economy
Govt finds 3 key reasons to allow liquor shops,Politics & Government
Mob holds health minister captive for 2 hrs,Health
SCHOLARSHIP WATCH,Education & Recruitment
Student's suicide sparks stir,Education & Recruitment
Charge against MK: Court seeks DVAC report,Crime & Law/Judiciary
Industrial policy soon: CM,Politics & Government
Need for innovation in industry stresssed by convention,Business & Economy
J and K govt to switch to e-governance,Politics & Government
Indian Colts win hockey series,Sports
Church ransacked near Kannur,"Society, Religion & Culture"
Sikhs assaulted in Britain,International/World
Congress against use of Indian territory,Politics & Government
US markets crash despite rate cut,International/World
No request from US for use airspace: Bangladesh,International/World
PM reviews housing initiatives,Politics & Government
Congress has lost political credibility: Keshubhai,Politics & Government
Minister visits troubled areas; condemns Singhal,Politics & Government
America; look before you leap into war,International/World
A-I losses could be Rs 20 cr,Business & Economy
The tears & fears of branches without roots,Other
UK Sikhs face backlash; launch campaign,International/World
4 killed as lorry hits auto,Crime & Law/Judiciary
Police accused of dropping names from complaint,Crime & Law/Judiciary
PSU banks bale out rupee from historic-lows,Business & Economy
US sensitive to Pak problems: Powell,International/World
Stripped woman heaps abuse on govt,Politics & Government
OSAMA BIN LADEN: World's most wanted,International/World
21 killed in road accident in Hardwar,Crime & Law/Judiciary
US stocks plummet 7%,International/World
Govt accepts withdrawal of Hinduja bid for A-I,Politics & Government
UN nod a must for strike; feels India,International/World
VHP gears up for Ram temple,"Society, Religion & Culture"
Bottoms up for superwomen,Other
Dharam Singh visits drought-hit Raichur villages,Weather & Disaster
Cabinet wants integrated defence staff,Politics & Government
Pepsi Storm 2001 finale,Weather & Disaster
Honey; was it you who dropped the bomb?,Defence & Security
Uttaranchal BJP divided over Speaker's post,Politics & Government
34 trapped coal miners rescued in China,International/World
US aggression would be counter-productive,International/World
Kumartuli fears order cancellation by US Bengalis,International/World
UP minister's servant shoots himself,Politics & Government
Revenge motive studied in Sikh's killing,"Society, Religion & Culture"
Two naxalites killed in group rivalry,Defence & Security
US war decision portends threat to peace,International/World
America cries with you,International/World
Jaswant laughs off US-Pak deal,International/World
'US should support India's fight against terrorism',International/World
Abdullah meets Advani over rise in militancy,Politics & Government
Terrorists kill thousands in US carnage,Defence & Security
Attack on Sikhs a crime: US,Crime & Law/Judiciary
Senior BJP leader Deshmukh dead,Politics & Government
UAE for global alliance against terrorism,International/World
Indian insurers may be hit after US attack,International/World
9 policemen; 7 militants killed in Kashmir,Defence & Security
Discontinuation of midday-meal results in increased drop-out rates,Education & Recruitment
Prashant Nagar residents set example,Education & Recruitment
Govt is all for Urdu promotion,Politics & Government
Minister's reply on bridge far off the mark,Politics & Government
CM encouraging violence: Congress,Politics & Government
Children kidnapped; Rs 2 cr ransom sought,Crime & Law/Judiciary
Seafood festival kicks off tourist season,"Society, Religion & Culture"
IITians unanimous in blaming America for WTC attacks,International/World
TN to move Supreme Court on Cauvery issue,Crime & Law/Judiciary
School owners demand a panchayat,Education & Recruitment
Baseball makes an emotional return to US,International/World
Govt to give modern tools to artisans,Politics & Government
Congress parivartan yatra lodged,Politics & Government
Minister's servant found dead,Politics & Government
Consumer forum asks school to pay compensation,Education & Recruitment
Security stepped up for Musharraf,Politics & Government
Model school lies in ruins,Education & Recruitment
Advani's MMCB meeting cancelled,Politics & Government
Training college hacks down campus trees,Education & Recruitment
Govt to press charge against Tehelka,Politics & Government
NDA constituents warn against hasty decisions,Politics & Government
Accused booked under MCOCA gets bail,Crime & Law/Judiciary
China sets terms for backing US,International/World
Govt sets right to information rolling,Politics & Government
BJP MLA canvasses for TRS chief,Politics & Government
Police to render paid service,Crime & Law/Judiciary
Is your cat in good health?,Health
Pak buying time to clear militant camps: Abdullah,Defence & Security
Congress out to woo UP electorate,Politics & Government
Terrorism in US to affect J&K: Shabir Shah,International/World
Media props up real estate market,Business & Economy
DA for Central Govt employees; pensioners hiked by 2%,Politics & Government
Heart disease is number 1 killer,Health
Kurnool TD to revive trade union,Business & Economy
Will Singhania Hospital restart?,Health
Welcome to my world,International/World
Congress seeks better deal for farmers,Politics & Government
Muslim body office-bearers,"Society, Religion & Culture"
Man sentenced to two-year RI,Crime & Law/Judiciary
3 killed in encounter,Defence & Security
BJP eyeing full majority in polls,Politics & Government
Now; plastic cutlery on A-I's US flights,International/World
HC seeks details of Govil; Debnath's achievements,Other
First ever film on Veer Savarkar to be released,Entertainment & Lifestyle
US will now appreciate Indian stand on Kashmir,International/World
It was the success of the masses: SOCOG CEO,Business & Economy
Police grill families of suspects,Crime & Law/Judiciary
Management school bubble bursts,Education & Recruitment
Local economy will witness a great slump,Business & Economy
CRIME FILE,Crime & Law/Judiciary
Fresh tension on Cauvery issue; PM convenes meet,Politics & Government
Kutch on high alert; US vessels may come close,International/World
30 pc of civic school students addicted to gutkha: Study,Education & Recruitment
Family planning issue rock assembly,Politics & Government
Heavy rain; high tide flood city,Weather & Disaster
Five hijackers trained in Britain,International/World
Probe into controversial vaccine,Crime & Law/Judiciary
Tight security for Indo-Pak match in World Cup,Sports
Pavarotti up for tax evasion,Business & Economy
Disaster management authority to be made statutory body,Weather & Disaster
Dawood aid on extortion mission arrested,Crime & Law/Judiciary
Notice to govt on credit society,"Society, Religion & Culture"
Attack on US a divine wrath: Jama Masjid imam,International/World
Attacks in US will have impact in J&K: Shabir Shah,International/World
Gujaratis should tap Hong Kong market,Business & Economy
Militants entering city in tourist vehicles,Defence & Security
Once I was cute; now I am hot: Aamir Khan,Entertainment & Lifestyle
'It's easier to be an actor than a sportsman',Entertainment & Lifestyle
BJP misusing govt machinery,Politics & Government
CVC to frame norms for insurance companies,Business & Economy
Jharkhand Naxalite MLA alleges threat to life,Defence & Security
TB patients being taken for a ride,Health
Shift in Sino-Pak; US-Iran ties,International/World
India identifies air bases for US,International/World
Shahi Imam warns against aiding US,International/World
Target terror leaders in Pak: India tells US,International/World
For the US it's a tough war,International/World
Trainee Indian pilots get their wings clipped in the US,International/World
Families shattered over arrest,Crime & Law/Judiciary
Indian chess has seen dramatic growth,Sports
NTR-TDP flays govt on drought,Weather & Disaster
Mulayam slams PM for offering help to US,International/World
Krushi Bank official in judicial custody,Crime & Law/Judiciary
Perspective: From an Indian in America,International/World
Hindi Day at Syndicate Bank,Business & Economy
Four locals held for beating up foreign students,Education & Recruitment
Man killed in slab collapse,Crime & Law/Judiciary
A murder that shook Kidderpore,Crime & Law/Judiciary
Speaker accepts resignations,Politics & Government
Narendra draws parallel with Telangana to temple,"Society, Religion & Culture"
Govt denies any mistake on SC order,Politics & Government
HC takes note of favouritism in jail,Crime & Law/Judiciary
Sachin; Rahul Castrol nominees,Sports
Battlefield Afghanistan: Then and now,International/World
TI zooms in on audio; digital camera market,Business & Economy
Post-monsoon; boats begin plying to Alibaug,Weather & Disaster
Congress to kick-start yatras today,Politics & Government
Dress codes for the corporate curmudgeon,Business & Economy
Condon keen to ensure corruption-free WC,Crime & Law/Judiciary
Playback singers to feature in concert,Entertainment & Lifestyle
CULTURE SCAPE,"Society, Religion & Culture"
Attack on media: Probe team meets Governor,Crime & Law/Judiciary
MiG-21 crashes; pilot killed,Crime & Law/Judiciary
India to help US in fight against terrorism: Advani,International/World
TN govt to move SC on Cauvery issue,Politics & Government
Uppal Kalan faces water shortage,Other
ICC meeting shifted from Pakistan,International/World
J&K BJP unit demands clarification on Kashmir policy,Politics & Government
Students clash on campus,Education & Recruitment
Undertrial dies in jail,Crime & Law/Judiciary
Rupee ends at another new low,Business & Economy
4 ultras among five killed in Kashmir,Crime & Law/Judiciary
Religious parties in Pak vow support for Taliban,"Society, Religion & Culture"
Free medical consultations,Health
Mulayam slams PM for supporting US,International/World
CBI urged to probe Krushi fraud,Crime & Law/Judiciary
2 killed; 15 injured as bus overturns,Crime & Law/Judiciary
Rail mobile hospital,Health
Bangla nationals can't vote for Dhaka,Politics & Government
Annamacharya Vahini sets up US branch,International/World
Dental students protest against terrorism,Education & Recruitment
Cabinet okays authority to save Hampi,Politics & Government
Govt permits one more engg college,Education & Recruitment
Jelousy; lumpen elements behind attacks on Sikh,"Society, Religion & Culture"
Debt Tribunal chief to stand trial for contempt,Crime & Law/Judiciary
Trade unions form committee to oppose labour reforms,Business & Economy
Cement industry declared public utility service,Business & Economy
Stranded Pankaj Udhas returns from the US,International/World
Eight ultras killed in J&K,Crime & Law/Judiciary
Kerala House okays UK-aided water scheme,International/World
A taste of their own medicine,Health
The gifts from China,International/World
FIH set Champions Trophy deadline,Sports
Govt cancels 250 airport access passes,Politics & Government
Countries offering help unconditionally: US,International/World
Probe to be ordered into Nandanavanam project,Crime & Law/Judiciary
Kenyan law student runs amok,Education & Recruitment
Christian priest; others 'attacked' in Kheda,"Society, Religion & Culture"
Industry ire reaches boiling point,Business & Economy
Model college TYBA results will be declared,Education & Recruitment
Law school keeps pace with changing times,Education & Recruitment
Trader killed; robbed,Crime & Law/Judiciary
AIADMK MLA resigns from Andipatti,Politics & Government
State Govt employees begin strike,Politics & Government
Jharkhand expects a lot from Tandwa power project,Business & Economy
Maurya to be Oppn leader in Assembly,Politics & Government
Deshmukh plans cabinet reshuffle,Politics & Government
3-year jail for idol lifter,Crime & Law/Judiciary
Boy killed in leopard attack,Crime & Law/Judiciary
Gang leader; two associates killed in encounter,Defence & Security
Bringing some joy to cancer patients,Health
Fashion fanfare: JJ on a ramp-age,Entertainment & Lifestyle
Village with 800 families in US now breathes easy,International/World
Student killed in Junnar bus mishap,Crime & Law/Judiciary
Seminar on bio-medical wastes,Health
Two jewellers in income tax net,Business & Economy
Parsi girl found murdered near Tower of Silence,Crime & Law/Judiciary
3 policemen attacked with swords in Hubli,Other
Talent search exam on Dec 2,Education & Recruitment
Terms of Enron PPA probe announced,Crime & Law/Judiciary
PM's call evokes cold response on solidarity day,Politics & Government
Shahrukh's Asoka goes international,Entertainment & Lifestyle
Police stations to be upgraded,Crime & Law/Judiciary
Duo acquitted of attempted murder,Crime & Law/Judiciary
City students addicted to gutkha,Education & Recruitment
Power theft detected in raid,Crime & Law/Judiciary
JU recruitment under fire,Education & Recruitment
Kidnapped child traced in Kalyan,Crime & Law/Judiciary
Rajnath drops another minister,Politics & Government
10 per cent seats in Punjab University still vacant,Education & Recruitment
Bank chief beaten up; forced to resign,Business & Economy
HPCL plans IPO for Bhatinda refinery,Business & Economy
Bogus film agent held for extortion,Crime & Law/Judiciary
Most desired place for religious events,"Society, Religion & Culture"
TRS watching event in BJP,Politics & Government
Only the poor are left in Afghanistan,International/World
Yerramma not neglected by govt: DC,Politics & Government
Police solve boy's kidnapping casev,Crime & Law/Judiciary
Roll on Kolkata; the bowling alley is here,Sports
Plea against medical college charges fails,Health
Prohibitory orders near Assembly,Politics & Government
Sensex crash: FIIs not the only reason,Business & Economy
Coming home to a wounded America,International/World
Left to launch agitation against NDA's policies,Politics & Government
Police to rein in auto drivers,Crime & Law/Judiciary
US attackers are not liberation fighters: Mbeki,International/World
Drought-hit Kolar suffers rain damage worth Rs 50 lakh,Weather & Disaster
Drought: State wants IFFI off,Weather & Disaster
Madhubani traders observe bandh,Politics & Government
Our power tariff structure is grossly distorted,Business & Economy
Security along Indo-Nepal border tightened,Defence & Security
Haveri college starts diploma course in computers,Education & Recruitment
CTU second most profit making,Business & Economy
The US Aftermath,International/World
No crime record of terror suspects found,Crime & Law/Judiciary
THE SPEAKING TREEbrViolent Images Make Us Insensitive,International/World
'It's easier to be an actor than a sportsman',Entertainment & Lifestyle
Sachin confident of a good show,Sports
WB-funded project to desilt tanks from Dec,Other
Cops prevent robbery bid,Crime & Law/Judiciary
RBS told to ensure transparency in recruitment,Education & Recruitment
Corruption is cause of illegal constructions,Crime & Law/Judiciary
When music takes over...,Entertainment & Lifestyle
Protest against Sikhs in US,International/World
Bail granted to accused booked under MCOCA,Crime & Law/Judiciary
Tonk Lok Sabha by-poll tomorrow,Politics & Government
CEO's song,Business & Economy
Attacks were meant to shatter US pride,International/World
SIO concerned over threats to Muslims in US,International/World
Nariman Point multiplex plan sparks protest,Other
Illegal passage to US costs Rs 10 lakh,International/World
Rambha Ho! Bollywood beckons,Entertainment & Lifestyle
China continues to lead over India in FDI,Business & Economy
India cautions US on seeking Pak help,International/World
India garners most FDI among S Asian nations,Business & Economy
Prayers for victims of US terrorist attacks,Defence & Security
Horatti flays foreign tours in times of drought,Weather & Disaster
AI's dos and don'ts for US-bound passengers,International/World
Eight more SP MLAs resign,Politics & Government
Congress plays up Punjab fears on SYL,Politics & Government
Police custody for Krushi scam accused,Crime & Law/Judiciary
Jethmalani faults Indian reaction to US crisis,International/World
Attacks in US may affect disinvestment,International/World
Plans to revamp ailing health dept,Health
Terrorists strikes in US to effect economy,Defence & Security
Parents rush for 'tatkal' passports to go to US,International/World
State to go in for spare Dasara worth Rs 10 lakh,Other
Shah Rukh and Aamir add Lustre to film festival,Entertainment & Lifestyle
TN Govt moves SC over non-release of Cauvery water,Politics & Government
Flood situation worsens,Weather & Disaster
Anti-dumping duty imposed against China; Nepal,International/World
US forming action plan for strikes,International/World
India; Iran discuss cooperation in security matters,International/World
Breakthrough for police in idol theft case,Crime & Law/Judiciary
Panel to probe 'use of influence' by DPC,Crime & Law/Judiciary
Staying alive: a few important tips,Business & Economy
CIEFL offers German culture course,"Society, Religion & Culture"
A film faithful to our wartime heroism?,Entertainment & Lifestyle
Rebel BJP leaders to hold meeting today,Politics & Government
US pressured Pak to fight terrorism,International/World
Sachs concerned over Indian FDI flow,Business & Economy
The secret script of militant messages,Defence & Security
Police caught napping as passenger clears security carrying bullets,Crime & Law/Judiciary
Dowry death: 3 arrested,Crime & Law/Judiciary
Pak forces stationed in Afghanistan: Reports,International/World
Beyond armies & arms; bombs & blasts,Defence & Security
Rival gangs clash in Chapra jail; one hurt,Crime & Law/Judiciary
TMC rules out merger with Congress,Politics & Government
Islam cannot be equated with terrorism: Jaswant,"Society, Religion & Culture"
Medicine needs grass root approach,Health
No change in upper age limit for govt jobs,Education & Recruitment
Art festival in Kerala in Nov,"Society, Religion & Culture"
Police fail to rein in woman-bashers,Crime & Law/Judiciary
Parents stall bid to de-recognise Symbiosis school,Education & Recruitment
Turmoil hits aviation industry; A-I sell-off,Business & Economy
Christian missionaries thrashed at BHU,"Society, Religion & Culture"
Agro- industry exempted from purchase tax in Punjab,Business & Economy
Bias against girl child getting stronger,"Society, Religion & Culture"
The Pakistan Card,International/World
City susceptible to water-borne diseases,Health
Campaigning ends; tight security for bypolls,Defence & Security
Police chief offered to fall at my feet,Crime & Law/Judiciary
PCMC orders probe into woman's death,Crime & Law/Judiciary
Economic condition going from bad to worse,Business & Economy
Classical music competion soon,Entertainment & Lifestyle
City cops wake up to terrorism threat,Defence & Security
Sodhi's murder; an attack on fundamental freedom: US,Crime & Law/Judiciary
Karnataka signs MoU for agri-export zones,Business & Economy
Admissions over; counselling not begun,Education & Recruitment
Every page of this business reads profit,Business & Economy
Top athletes for inter-state meet,Sports
US airline industry fights for survival,Business & Economy
Rains lash Bijapur,Weather & Disaster
Two from state feared dead in WTC attacks,Defence & Security
PMCH junior doctors return to work,Health
A bridge not too far for Bollywood,Entertainment & Lifestyle
US events leave youth dumbstruck,"Society, Religion & Culture"
Terrorism to dominate Commonwealth meeting,Defence & Security
Rajnath; Thakre lend ear to BJP MPs woes,Politics & Government
Armed robbers loot co-op. bank of Rs 3.72 lakh,Business & Economy
Bihar flood toll mounts to 107,Weather & Disaster
Turnout may be low; security stepped up,Defence & Security
BEML exploring markets for its fire tenders,Business & Economy
Small investors pick up money in haste,Business & Economy
Kadam's bail plea rejected,Crime & Law/Judiciary
India builds support for anti-terror coalition,Politics & Government
MLA goes bersek; beats up scribes,Politics & Government
Of football and Dil Chahta Hai,Sports
PMO denies difference of opinion in foreign policy,Politics & Government
2 more riot accused arrested,Crime & Law/Judiciary
Gwyneth and Ben's movies in jeopardy,Entertainment & Lifestyle
Fund crunch hits vote-catching work in city wards,Politics & Government
When rupee falls; who gains?,Business & Economy
Turning grey waiting for jobs,Education & Recruitment
Admissions to architecture colleges may begin soon,Education & Recruitment
C-90 scheme students get another chance,Education & Recruitment
Sagarika & Shaan: Siblings On Song,Entertainment & Lifestyle
A C Muthaiah; Madhavan file petition,Crime & Law/Judiciary
35 students flee hostel after 'inhuman' ragging,Education & Recruitment
Court sends ex-cricketer to judicial custody,Crime & Law/Judiciary
Raveena wins hearts overseas,International/World
Government to try for property rights to women,Politics & Government
Protest against Venga concert,Entertainment & Lifestyle
DD promos against terrorism,Defence & Security
Attack not linked to Islam: US envoy,"Society, Religion & Culture"
Meet to discuss women's health,"Society, Religion & Culture"
Students meet IPS officer-trainees,Education & Recruitment
Defence installations on high alert,Defence & Security
Ladakhi children go for the greenery; the mausam,"Society, Religion & Culture"
BJP deriving mileage from Madhavpura revival: Cong,Politics & Government
Bush's war plans likely to violate international law,Crime & Law/Judiciary
Warangal duo win war of nerves,Defence & Security
Hamsalekha; still the evergreen music machine,Entertainment & Lifestyle
City Muslims blame it on USA,International/World
BJP brushes aside Narendra's defection,Politics & Government
PCMC proposes 25% hike in medical charges,Health
Accused confesses to killing Sailen Das,Crime & Law/Judiciary
Israel suspects Mughniyeh did it,International/World
1 held in Chembur senior citizen's robbery case,Crime & Law/Judiciary
Fighting terror IV,Defence & Security
HC seeks CBI report on UTI's investment in RIL,Crime & Law/Judiciary
Rambha Ho! Bollywood beckons,Entertainment & Lifestyle
Losing someone you Love,Entertainment & Lifestyle
Security beefed up at petrol pumps,Defence & Security
Managing education through automation,Education & Recruitment
Strike hits Group C exams preparations,Education & Recruitment
Bowring foetus was not for sale: Minister,Politics & Government
Join fight if directed against menace world over,International/World
Cashtech eyes A-Pac to market solutions,Business & Economy
CBI raid in Kanpur,Crime & Law/Judiciary
Jet; set and wait: Police get physical with all bags,Crime & Law/Judiciary
Parrot trainer fights to keep 110-yr tradition alive,"Society, Religion & Culture"
YESTERDAYS EDITORIALSbrChildren of War,Defence & Security
Hidden epidemic,Health
Police role in finance firm being probed,Crime & Law/Judiciary
Jordan rolls out red carpet to city investors,Business & Economy
RI convicted for graft,Crime & Law/Judiciary
Surgical option for backache patients,Health
Exports or imports; it isn't business as usual,Business & Economy
Fighting Terror II,Defence & Security
Laden Group offers to buy shares in PIA,Business & Economy
Scam in B.Ed exams; alleges ABVP,Crime & Law/Judiciary
Infrastructure bill passed despite walkout,Politics & Government
BJP to shift to bigger premises,Politics & Government
BJP wants national youth policy,Politics & Government
US car sales down following attacks,Defence & Security
Banks take security for granted,Business & Economy
Jaya returns to Bengali cinema after 25 years,Entertainment & Lifestyle
President's assent for vote on account for Manipur,Politics & Government
Congress flouting poll rules; alleges TDP,Politics & Government
Pak still promoting cross-border terrorism,Defence & Security
UP BJP eyeing post-poll ties with BSP,Politics & Government
Cong goes to polls as a divided house,Politics & Government
Students display talent at COFAS,Education & Recruitment
Bomb hoax at Tis Hazari,Defence & Security
Man freed after cops admit probe defects,Crime & Law/Judiciary
Early bail unlikely for Yograj Singh,Crime & Law/Judiciary
Cong yatra; tirade against BJP roll on,Politics & Government
Action against flooding urged,Weather & Disaster
Strikes may expedite UN anti-terrorism treaty,Defence & Security
Man gets life in prison for rape,Crime & Law/Judiciary
Ban on transfer of teachers lifted,Education & Recruitment
Accused were taken to AIIMS for medical test,Crime & Law/Judiciary
State suffers Rs 1;500 crore loss,Business & Economy
Insider role suspected in flat murder,Crime & Law/Judiciary
MHADA official arrested for accepting bribe,Crime & Law/Judiciary
Residential status and income-tax,Business & Economy
Where Hollywood meets Bollywood,Entertainment & Lifestyle
50 SCCL employees asked to quit for contesting polls,Politics & Government
Over three dozen students flee hostel,Education & Recruitment
Hyderabad police acting on its own,Crime & Law/Judiciary
107 die as flood wreaks havoc,Weather & Disaster
Man I feel like a woman,"Society, Religion & Culture"
Tourism policy to involve pvt parties,Politics & Government
Varsity bill promulgated; senates abolished,Politics & Government
Puri seer visits Guruvayur temple,"Society, Religion & Culture"
Boy rescued; two arrested,Crime & Law/Judiciary
Now medicines just a click away,Health
Bihar seeks Rs 15;000 crore to counter floods,Weather & Disaster
CT scan defunct for years in 2 hospitals,Health
FBI suspect had fake OU degree,Education & Recruitment
Court seeks CBI report on UTI's RIL investment,Crime & Law/Judiciary
Cauvery: Minister reaffirms TN stand,Politics & Government
Samajwadi Party for President's rule in UP,Politics & Government
Jaya returns to Bengali cinema after 25 years,Entertainment & Lifestyle
Revised Film Policy promulgated,Politics & Government
Mini market mooted for Aquem,Business & Economy
Power bill defaulters in Guntur face blackout,Politics & Government
A-I to close foreign offices,International/World
Book on education system released,Education & Recruitment
Poverty drives man to kill children; self,"Society, Religion & Culture"
Protest forces school to withdraw book,Education & Recruitment
TN police chief replaced,Crime & Law/Judiciary
Yatra beginning to show results: Cong,Education & Recruitment
CBI traps PF official taking bribe,Crime & Law/Judiciary
RCS denies report on Krushi Bank,Business & Economy
Mumbai Heritage committee needs a pro-active approach,"Society, Religion & Culture"
Delay in treatment proves fatal,Health
Insider role in Bangur murder,Crime & Law/Judiciary
Theme Player,Sports
Taliban's arms suppliers,Defence & Security
US may opt for localised attacks,Defence & Security
Catholics decry attacks in US; communalism in India,Defence & Security
Two arrested in drug-trafficking cases in city,Crime & Law/Judiciary
Madikeri reeling under drought,Weather & Disaster
Man arrested for assaulting lineman,Crime & Law/Judiciary
Football fans slams decision to put off match,Sports
Govt moves to improve plant-based drugs,Health
Software companies confident of soft landing,Business & Economy
Fighting Terror III,Defence & Security
Ganesh Yadav sent to jail in murder case,Crime & Law/Judiciary
France joins UK in offering military cooperation,Defence & Security
Judicial panel set up to probe Enron deal,Crime & Law/Judiciary
Serial celluloid capers mom's,Entertainment & Lifestyle
American tragedy moves closer home,International/World
Tighter security in TN airports,Defence & Security
DYLAN HAS FORGOTTON HIS SONGS,Entertainment & Lifestyle
'Critics' attitude towards astrology unscientific',Entertainment & Lifestyle
Women power comes to fore,"Society, Religion & Culture"
Courses on disaster management need upgrading,Weather & Disaster
Oh God; it's Friday: Bollywood on tenterhooks,Entertainment & Lifestyle
Foreign students feel safe in Mumbai,Education & Recruitment
Poll begins for Tonk Lok Sabha seat,Politics & Government
Rains disrupt normal life in Bellary,Weather & Disaster
'I'm a fan of Terminator films',Entertainment & Lifestyle
Ganguly set for side business,Business & Economy
Residents block road to protest power cuts,"Society, Religion & Culture"
Pappu Yadav remanded to judicial custody,Crime & Law/Judiciary
Goa; Haryana; Manipur; TN win in Girls National Football tourney,Sports
3 Harkat ultras killed; MLA's kin hurt in blast,Politics & Government
It's easier to be an actor than a sportsman: Naseer,Entertainment & Lifestyle
High court upholds voter ID,Crime & Law/Judiciary
Who wrote Shakespeare in Love?,Entertainment & Lifestyle
Games postponed! Party time AITA,Politics & Government
Expelled BSP leaders to launch new party,Politics & Government
Parties accuse each other of foul play,Politics & Government
Karnataka cricket players engage in charity,Sports
The art of understatement,"Society, Religion & Culture"
Asahi India open offer for Floatglass shares,Business & Economy
Terrorism will destroy Islam,"Society, Religion & Culture"
It's easier to be an actor: Naseeruddin,Entertainment & Lifestyle
Three murdered inside temple,"Society, Religion & Culture"
Ransom policy for top honchos in city,Politics & Government
Fighting Terror V,Defence & Security
Your safety depends on police zone,Crime & Law/Judiciary
Divergent views on tackling terrorism,Defence & Security
Aviation ministry for greater links with home ministry,Politics & Government
Police registers case against suspects,Crime & Law/Judiciary
Diya Mirza woos children at Prayas,"Society, Religion & Culture"
Tension in jail over two deaths,Crime & Law/Judiciary
Elections a launchpad for political career,Politics & Government
BJP camp on tenterhooks,Politics & Government
Laloo wooing Paswans; former RJD MP puts a spanner,Politics & Government
Airport police taking closer look at cell phones,Crime & Law/Judiciary
Childless woman ends life,"Society, Religion & Culture"
Back home; from 'America under Attack',Defence & Security
Quake in Kutch area,Weather & Disaster
2 members of Guru Satam gang held for extortion,Crime & Law/Judiciary
Hubli police commissioner shifted,Crime & Law/Judiciary
Vilified by quake; high-rises stage a comeback,Weather & Disaster
SSLC girl students exempted from exam fees,Education & Recruitment
Leopard strays into campus; injures 3 students,Education & Recruitment
Tentative programme for local bodies' polls,Politics & Government
GRP officers sent to police line,Crime & Law/Judiciary
Flop show: Bollywood suffers Rs44 cr loss,Business & Economy
BJP for urban bodies' polls on party basis,Politics & Government
Surgeon unable to provide operation materials,Health
Police help sought to combat kundi menace,Crime & Law/Judiciary
MCI has saddled the country with sub-standard colleges,Education & Recruitment
India should not be party to US strikes,Politics & Government
International Film fete unlikely,Entertainment & Lifestyle
'Dhanus' missile flight tested,Defence & Security
No review of Global investments: MS,International/World
Jaswant rules out talks with Pakistan,International/World
India bags wheat export order from Malaysia,Business & Economy
Buxar DM accused of 'unauthorised' constructions,Crime & Law/Judiciary
India not anti-Muslim,"Society, Religion & Culture"
Dalit panel asks CM to step down,"Society, Religion & Culture"
Private primary schools demand 100% grant-in-aid,Education & Recruitment
Playing abroad has transformed Irina,International/World
GRP clueless in Jyoti Sharma murder,Crime & Law/Judiciary
Govt in no position to check passport fraud,Crime & Law/Judiciary
Law has done its duty: Karunanidhi,Crime & Law/Judiciary
Rain harvesting emphasised at workshop,Weather & Disaster
Dhanush missile test-fired,Defence & Security
Red Cross extends package for flood-affected,Weather & Disaster
Cancer detection camp,Health
Space-made Food: A dream come true,Entertainment & Lifestyle
Protest over flood relief,Weather & Disaster
4 killed; 11 injured in Karachi protest,"Society, Religion & Culture"
Earn more; pay more: New mantra for school fees,Education & Recruitment
Hubli violence: VHP protests in Gadag,"Society, Religion & Culture"
Plans to seek priority sector tag for sports sector,Sports
The verdict is in,Crime & Law/Judiciary
No step yet to withdraw sub-standard drug,Health
Vacant primary school posts to be filled soon,Education & Recruitment
Alto to replace Zen in Europe,International/World
Row over selection of flood; drought-hit blocks,Weather & Disaster
Temple in Canada burnt to the ground,"Society, Religion & Culture"
CBI probe focuses on malaise,Crime & Law/Judiciary
Student unions no longer a force to reckon with,Education & Recruitment
BCC council finally gives school uniform contracts,Education & Recruitment
$100 bn bail-out package in offing,Crime & Law/Judiciary
BJP chief to arrive on September 25,Politics & Government
Tight security at Patna airport,Defence & Security
Robot performs maiden Surgery,Health
Civil war likely in Pak soon: Dubey,Defence & Security
Kanwal set to shine at Miss International Contest,International/World
How Bollywood escaped America's fate,Entertainment & Lifestyle
Job consultants 'vanish'; police complaint lodged,Crime & Law/Judiciary
All set for fitness tests,Health
Excise; police enough to prevent neera sale: DC,Crime & Law/Judiciary
HP introduces ''trade in trade out'' programme,Business & Economy
Sensex dips below 2;600,Business & Economy
IDBI Bank may offer 20% to Bank of Muscat,Business & Economy
PNDT violations: Doctors to be booked,Health
Fashion; not passion driving professional course admissions,Education & Recruitment
High Court directs police stations to remove khatals,Crime & Law/Judiciary
Govt to simplify drug purchase procedure,Health
Combined entrance test for paramedical courses,Education & Recruitment
Radio stations black out 'sensitive' songs,Entertainment & Lifestyle
Woman attempts suicide,"Society, Religion & Culture"
Super Selector will be KBC of cricket world,International/World
HC okays local body polls,Politics & Government
FII limit hike confuses; markets unmoved,Business & Economy
Netizens share anguish over terror attacks,Defence & Security
Fake employment agency busted,Education & Recruitment
Verdict on Jayalalithaa creates ripples,Crime & Law/Judiciary
Jharkhand govt clears 73% job reservation,Education & Recruitment
Polls brings to fore differences in BJP,Politics & Government
Enron probe were watered down at NCP's behest,Crime & Law/Judiciary
Police disconnect more ISD rackets,Crime & Law/Judiciary
CRIME FILE,Crime & Law/Judiciary
More young women suffering from epilepsy,"Society, Religion & Culture"
Youth Cong to storm Dumka,Weather & Disaster
Fake stamp case accused remain at large,Crime & Law/Judiciary
Born in the USA; banned in the USA,International/World
Good news from the USA!,International/World
Judge exonerates murder accused,Crime & Law/Judiciary
Mumbai girl makes it big in Hollywood,Entertainment & Lifestyle
Gender tests harming sex ratio; fear experts,"Society, Religion & Culture"
Police to scan city towers; antennae,Crime & Law/Judiciary
Congress wins Sabarmati Assembly seat,Politics & Government
Police arrests militant in Walled City,Crime & Law/Judiciary
Doctors unite,Health
MIDC speeds up land acquisition,Business & Economy
Retd judge killed in dacoity bid,Crime & Law/Judiciary
Rupee depreciation to help exports,Business & Economy
Three SIMI activists arrested,Crime & Law/Judiciary
Tribunal sought for hospital strikes,Health
From business to success,Business & Economy
Admissions on basis of new CET list,Education & Recruitment
Probe into flying school pupil's background,Crime & Law/Judiciary
Gender tests harming sex ratio,"Society, Religion & Culture"
Indonesia to host Asian wrestling championship,Sports
Rs 1600 crore addition to oil import bill,Politics & Government
Ties with Sena to dominate BJP meet,Politics & Government
FIR lodged against fake 'IPS' officers,Crime & Law/Judiciary
The thin line between fitness and injury,Health
Awareness among players poor,Sports
NER security staff awarded,Defence & Security
Mumbaikars on the edge after US attacks,Defence & Security
My main goal is to retain world title in Moscow: Anand,International/World
Agitators held; freed on bail,Crime & Law/Judiciary
Bomb hoax in Delhi's high-security zone,Defence & Security
Lifestyle stores: Going beyond just creativity,Entertainment & Lifestyle
Student unions no more a force,Education & Recruitment
Pak will fight terrorism worldwide: Musharraf,Defence & Security
Times Group chairman for empowerment of women,"Society, Religion & Culture"
Gita chanting contest for children,"Society, Religion & Culture"
Security tightened at IOC plant,Defence & Security
CDC unhappy with BPL-Batata merger,Business & Economy
On SC's verdict on Jayalalitha,Crime & Law/Judiciary
Students go berserk over boy's death,Education & Recruitment
Plans for jail authority for prisoners' rehabilitation,Crime & Law/Judiciary
Police; naxal sympathisers lock horns,Crime & Law/Judiciary
Committee to assess state of education,Education & Recruitment
Dowry torture: Man stabs brother-in-law,Crime & Law/Judiciary
Who created this terrorist,Defence & Security
Franchisees charge company with cheating,Business & Economy
Meet discusses suicide by children,"Society, Religion & Culture"
Woman set ablaze for dowry,"Society, Religion & Culture"
Childless woman ends life,"Society, Religion & Culture"
Sainik School issues show-cause notices,Education & Recruitment
Rape or Frame Up?,Crime & Law/Judiciary
10;000 applicants unable to appear for Group C exams,Education & Recruitment
The terrorism crisis: China's ambiguous approach,Defence & Security
Mamata has rough time with police,Crime & Law/Judiciary
It's travel time now,Entertainment & Lifestyle
Koal women denied loan waiver facility,"Society, Religion & Culture"
Hawala operators feel the heat of US terror attacks,Defence & Security
China lifts blocks on US sites,International/World
Over 60 riders to participate in Monsoon Rally,Weather & Disaster
Bodyguard of BJP MLA shot in Varanasi,Politics & Government
Population plan unveiled,"Society, Religion & Culture"
Primary school vacancies to be filleds,Education & Recruitment
Banks rolling out the red carpet,Business & Economy
Congress sweeps byelections in Assam,Politics & Government
Meet FBI's Top 10 Most-Wanted Men,"Society, Religion & Culture"
Swami; widow convicted for murder,Crime & Law/Judiciary
Rally outside US embassy,International/World
US better rely on India than Pakistan,International/World
Tax on 'dandiya' to be waived,Business & Economy
Govt to allow private practice: Minister,Politics & Government
No postal ballot for Bangla nationals,Politics & Government
'Police not hopeful of Dawood's extradition',Crime & Law/Judiciary
TN storm won't hit Cauvery meet,Weather & Disaster
Judicial officers submit memo to CM,Crime & Law/Judiciary
Police girds its loins for action,Crime & Law/Judiciary
No financial commitment; no ELRTS: Mallya,Business & Economy
BJP retains Tonk Lok Sabha seat,Politics & Government
Afghan Oppn talks to Russian military brass,Defence & Security
It's MLA vs judges in Pratapgarh,Crime & Law/Judiciary
No teachers; computers gather dust in schools,Education & Recruitment
Tansi case verdict will decide next move,Crime & Law/Judiciary
Pepsi Campus Rock,Education & Recruitment
Verdict on Jaya has Bihar shivering,Crime & Law/Judiciary
UN to discuss terrorism,Defence & Security
Judicial probe into clashes likely: Kharge,Crime & Law/Judiciary
Vishy set to defend world title,International/World
LCC students strike continues,Education & Recruitment
Rain lashes Kerala,Weather & Disaster
UTI Bank signs MoU with postal department,Business & Economy
Serial bomb blasts near international border,Defence & Security
326 lawyers court arrest,Crime & Law/Judiciary
New rules for 'food-for-work' scheme,Entertainment & Lifestyle
God Bless America. And The World,International/World
Govt going slow in fighting terror: VHP,Defence & Security
Govt to allocate more funds for education,Education & Recruitment
Rains bring relief in Ahmednagar,Weather & Disaster
WE LIKE TO PARTY!,Politics & Government
US against terrorism in any form,Defence & Security
After drought; rain creates problems,Weather & Disaster
Tribunal sought for hospital strikes,Health
Mulayam sore at foreign policy,Politics & Government
Abhishek enamours cancer patients,Health
President is Goa's best brand ambassador,Politics & Government
The Unknown Soldier,Defence & Security
US-64 prices rise in a falling market,Business & Economy
By-elections cheer Cong,Politics & Government
No investment in new steel plants: Govt,Business & Economy
Plans to seek priority sector tag for sports,Sports
ATM for Allahabad Bank,Business & Economy
PTV staffers suspended for telecasting protests,"Society, Religion & Culture"
US decision to build coalition worrying,Politics & Government
Dalit panel asks CM to step down,"Society, Religion & Culture"
Woman sets herself; kids afire,"Society, Religion & Culture"
This mosque stands apart,"Society, Religion & Culture"
SIMI pitches in for Osama; wages another war,Defence & Security
Jharkhand bandh begins amidst tight security,Defence & Security
J&K terrorism on Bush's hit list: Powell,Defence & Security
Excise; police enough to prevent neera sale: DC,Crime & Law/Judiciary
Shatrughan Sinha: Handling the weapons,Defence & Security
UTI Bank earns Rs 158 cr via pvt placement,Business & Economy
Games children play,"Society, Religion & Culture"
Why is Hollywood avoiding India?,Entertainment & Lifestyle
Catholics decry terror tactics; share US grief,Defence & Security
Prison officers given gunners,Crime & Law/Judiciary
Cancel Panchayati Raj meet: BJP,Politics & Government
Four held for cheating court,Crime & Law/Judiciary
IMA gives strike call to protest murders,"Society, Religion & Culture"
Italians marvel at belated Goan rains,Weather & Disaster
Flesh trade has 'missing 'link,Business & Economy
Tentative programme for local bodies' polls chalked out,Politics & Government
City not equipped to deal with cancer,Health
Islam not linked to terrorism: Liberals,"Society, Religion & Culture"
Onward Novell exploring new market with Netware 6,Business & Economy
Chargesheet filed against 11 suspected ULFA men,"Society, Religion & Culture"
Defence pension adalat in Oct,Defence & Security
Terrorists may have planned chemical; bio warfare,Defence & Security
VMC 's move to hike property tax opposed,Business & Economy
Festivals for a foodie,"Society, Religion & Culture"
Private schools; buildings to lodge panchayat members,Education & Recruitment
No love lost at Times Square,Entertainment & Lifestyle
Architecture students to design welfare home,Education & Recruitment
METRO FILE: Mind your language,"Society, Religion & Culture"
Cloud of uncertainty over film fest,Entertainment & Lifestyle
Legal help at your doorstep,Crime & Law/Judiciary
Art felt,"Society, Religion & Culture"
Childhood sunburn leads to Cancer,Health
Petition urges recognition for research in AIDS cure,Crime & Law/Judiciary
Tentative schedule for local bodies' polls,Politics & Government
They're playing our song,Entertainment & Lifestyle
Workshop on resettling rescued women,"Society, Religion & Culture"
Ice cream gang robs rail passengers,Crime & Law/Judiciary
ON THE BRINKbrPakistan The war within,Defence & Security
MPCC secy remanded to custody,Crime & Law/Judiciary
Media ties with law discussed,Crime & Law/Judiciary
Rambha ho! Bollywood beckons,Entertainment & Lifestyle
Foreign tourists leaving,International/World
Central aid for drought unlikely,Weather & Disaster
World's first nicotine vaccine,International/World
Police officers flay Centre inaction on Dawood,Crime & Law/Judiciary
How judges view women,Crime & Law/Judiciary
Out of court settlement,Crime & Law/Judiciary
Furore in A'bad co-op bank over deposits in MMCB,Business & Economy
Cong calls it beginning of end for BJP,Politics & Government
Foreign firms want more than Indian software,International/World
Court fact: Police have few skills,Crime & Law/Judiciary
Youth gunned down; woman crushed to death,"Society, Religion & Culture"
Police chief not hopeful of don's extradition,Crime & Law/Judiciary
AIADMK minister leads march,Politics & Government
Not the usual corporate evening,Business & Economy
Aquarium may sink due to legal wrangles,Crime & Law/Judiciary
No private Bill passed yet; MLAs keep the faith,Politics & Government
JNU student alleges molestation,Education & Recruitment
Tragedy; fashion; and return of the native,Entertainment & Lifestyle
There is still room for more markets,Business & Economy
Co-op society branch at Calangute opened,"Society, Religion & Culture"
Foreign nationals scurry from Pak to India,International/World
Raitha Sangha plans protest,"Society, Religion & Culture"
Bellary DC accused of succumbing to political pressure,Crime & Law/Judiciary
Schools; guest houses under siege,Education & Recruitment
Childhood sunburn leads to Cancer,Health
Educate masses about government programmes,Politics & Government
India's offer to assist US may boomerang: Ex-foreign secy,International/World
Lucknow has immense business potential,Business & Economy
SCI DIVING TERROR: The Millenium edition,Defence & Security
NCP leaders welcome by-election results,Politics & Government
Kanwal Toor set to shine at Miss International Contest,International/World
US-Pak lovefest: India is not a bit player,Sports
Industry shows signs of revival: Ascon,Business & Economy
Industry hails lifting of sanctions by US,Business & Economy
Jaundice can signal cancer,Health
Consumer court takes LIC to task,Crime & Law/Judiciary
As conflict looms; Mumbai stocks up,Business & Economy
Straight from the ART,"Society, Religion & Culture"
Smita Thackeray is new IMPPA president,Politics & Government
From business to success,Business & Economy
Ramai to press for quota for Dalits in judiciary,Crime & Law/Judiciary
Govt backtracking on policies: Kalyan,Politics & Government
CM blames it on quake; recession,Weather & Disaster
Law has done its duty: MK,Crime & Law/Judiciary
The three-wheeled health hazard,Health
India gearing up to face threat of biological weapons,Defence & Security
SOPU at govt colleges too,Education & Recruitment
Measures to check export decline,Business & Economy
China is a terrorist state: Rimpoche,Defence & Security
SIMI president still at large,Politics & Government
Diplomat's 'missing' kids alarm police,Crime & Law/Judiciary
HC pulls up Jharkhand minister,Politics & Government
ROCK ON: Born in the USA,International/World
Medical fashion: cast in a sleek mode,Entertainment & Lifestyle
Cong walks out over Kuppam 'scam',Crime & Law/Judiciary
Frequent hike in power tariff crippling industry,Business & Economy
Roses for a social cause,"Society, Religion & Culture"
'Minister's kin behind Osmanabad attacks',Politics & Government
Big bang of new-age terrorism,Defence & Security
Same terror; new target,Defence & Security
Youth stabbed to death,"Society, Religion & Culture"
CM; not governor; should prove qualification: SC,Politics & Government
No pressure on PM to induct me into Cabinet,Politics & Government
Mental hospital likely soon,Health
Police probed Osama connection in June,Crime & Law/Judiciary
IN BLACK AND WHITEbrDoes the Jaya verdict prove that the Constitution is superior to popular will,Crime & Law/Judiciary
More jobs sought for Telanganites,Education & Recruitment
Punia murder accused remanded to judicial custody,Crime & Law/Judiciary
Rural women discover their power,"Society, Religion & Culture"
Who is America's Most Wanted?,International/World
Not just an American problem,International/World
The drug bug: From high to dry?,Health
Gulshan Grover: It's Hollywood again,Entertainment & Lifestyle
Human rights basis of civil society,"Society, Religion & Culture"
Court moved against city nursing home,Crime & Law/Judiciary
China concerned over Pak support to US,International/World
Love & hate are like Taliban & beard,Entertainment & Lifestyle
Teachers develop assignments on computers,Education & Recruitment
Rs 40 lakh entrance to come up at MCH,Education & Recruitment
Human DNA bank in Germany,Business & Economy
Residents of Sisamau clean roads; drains in protest,"Society, Religion & Culture"
The lull after the storm,Weather & Disaster
Focus on rain harvesting at workshop,Weather & Disaster
In search of love,Entertainment & Lifestyle
Human DNA bank in Germany,Business & Economy
Malaika's Mantra: Live; Love Laugh,Entertainment & Lifestyle
IDBI finances film on bank robbery!,Crime & Law/Judiciary
Globalisation a threat to working women,"Society, Religion & Culture"
No pay for contract lecturers in govt colleges,Education & Recruitment
Every woman's Nemesis,"Society, Religion & Culture"
District minister should quit over riots,Politics & Government
4 sentenced to life term,Crime & Law/Judiciary
Eye hospital to see light of day,Health
Children's education to be made fundamental right: Joshi,Education & Recruitment
PU poll results out: SOPU comes up trumps,Education & Recruitment
Police personnel to get ex-gratia,Crime & Law/Judiciary
Women's fair in Patna from Oct 6,"Society, Religion & Culture"
Heavy rains lash Kerala,Weather & Disaster
MERC ruling may put MSEB in fix,Politics & Government
Why you mustn't give child beggars money,"Society, Religion & Culture"
Maluka for strict action in computer-purchase scam,Crime & Law/Judiciary
Teachers develop assignments on computers,Education & Recruitment
From a school of fish to teaching history,Education & Recruitment
Inflation rises marginally to 5%,Business & Economy
THE URDU PRESS: Muslims want peace; not war,Defence & Security
VMC hikes property tax by 32%,Business & Economy
Afghanistan should not be targeted,International/World
City children stage Annie,"Society, Religion & Culture"
Born in the USA; banned in the USA,International/World
IIB to tie up with institutes for banking education,Business & Economy
Narendra is still primary member of BJP,Politics & Government
Create stronger; genuine global society,"Society, Religion & Culture"
Pope calls for religious tolerance,"Society, Religion & Culture"
NRI's security guard charred,Defence & Security
India heading for a cardiac epidemic,Health
Buddha woos Japanese investors,Business & Economy
Quality medicines at affordable price: Minister,Politics & Government
Zuari to set fertiliser plant in W Asia,International/World
Cabinet drops outdated laws,Politics & Government
Five killed in Saharanpur blast,Defence & Security
Special school staff strike from today,Education & Recruitment
Harikrishna is potential world champ: Anand,International/World
Sensex; rupee up as sanctions go,Business & Economy
Diary of a Terrorist,Defence & Security
World War II ordinance to be repealed,Defence & Security
BJP unhappy with Jaswant's stance on US,Politics & Government
Ambassador; M-800 not passe: Survey,International/World
Terrorism not linked to any country or religion: Joshi,"Society, Religion & Culture"
Liberals upset on terrorism being linked to Islam,"Society, Religion & Culture"
US; Taliban ready to go to war,Defence & Security
Cinema Cinema: UP's take it easy policy,Entertainment & Lifestyle
WTC attacks clean out hotel rooms,Defence & Security
Governor wants a museum at Bapughat,Politics & Government
Panchkula police takes a battering,Crime & Law/Judiciary
Airlines run into rough weather; tour cancellations on the rise,Weather & Disaster
'Why didn't my body go stiff during the bombing of Iraq or Bosnia?',International/World
No practicals for computer sciences students,Education & Recruitment
Techno terrorism,Defence & Security
Declining levels of doctor-patient communication a worry,Health
Congress not impressed by lifting of sanctions,Politics & Government
Blackwill says US will root out terrorism,Defence & Security
Sinha to review tax scenario,Business & Economy
SP has tacit understanding with BJP: Kalyan,Politics & Government
Pakistan recalls staff in Afghanistan,International/World
India; China to strengthen bilateral ties,International/World
Hoax bomb call sends security agencies in a tizzy,Defence & Security
4 held for death of newly-wed woman,"Society, Religion & Culture"
Cultural programme,"Society, Religion & Culture"
Four killed in lightning in Puri,Weather & Disaster
Agassi braves air travel; but American women stay home,Entertainment & Lifestyle
Stop being patronising; Delhi tells foreign media,International/World
Industry hails 1 percentage point reduction,Business & Economy
5 hurt in LPG cylinder blast,Defence & Security
JD(U) move to strengthen party,Politics & Government
Dalit meet a slanging match between RJD; Oppn,"Society, Religion & Culture"
A perfect war for the elite force,Defence & Security
Fitch mulls 100% foreign equity limit,International/World
Police show red signal to Venga bus,Crime & Law/Judiciary
Nuclear medicine has come a long way,Health
Case registered after post-mortem report establish rape,Crime & Law/Judiciary
The bell tolls for the BJP,Politics & Government
BIT opens doors to rural students,Education & Recruitment
Bomb hoax at CM's residence,Defence & Security
Judicial activism not an unguided missile: CJI,Crime & Law/Judiciary
Congress for US action against global terrorism,Politics & Government
State to impose tax on IT goods,Business & Economy
Weekend with the cricket team,Sports
Sinha to review tax scenario with CBDT; CBEC,Business & Economy
BoI blames branch manager for scam,Crime & Law/Judiciary
Probe links WTC; Kandahar hijacks,Crime & Law/Judiciary
Drive to control population,"Society, Religion & Culture"
RBI reduces interest rates on export credit,Business & Economy
Drunk officer shoots woman; children,"Society, Religion & Culture"
Shotgun - No mean player on stage too,Sports
12 CRPF jawans killed in major MCC strike,Defence & Security
No love lost at Times Square,Entertainment & Lifestyle
12 CRPF jawans killed in major MCC strike,Defence & Security
Get a whiff of Chinese flavours,International/World
Flop show Bollywood suffers Rs 44 cr loss,Business & Economy
Cabinet to repeal Refugee Relief Act,Politics & Government
Advani wants Central law to curb terrorism,Crime & Law/Judiciary
Revenue employees to go on hunger stir,Business & Economy
BMC plan for medical wastes,Health
Wipe out terrorism,Defence & Security
School drop-out rate 78% in Punjab,Education & Recruitment
Right Time to Enter the Markets,Business & Economy
Job reservation: Varsity students protest,Education & Recruitment
Australia resumes defence ties with Pak,Defence & Security
All men are born equal,"Society, Religion & Culture"
SC verdict backs govt in curbing ragging,Crime & Law/Judiciary
Special joint programme planned on the girl-child,"Society, Religion & Culture"
Land sharks have date with jail,Crime & Law/Judiciary
Tehelka court martial proceedings begin,Crime & Law/Judiciary
Tata Finance gives guarantee to BoM,Business & Economy
One-day remand for pimp murder accused,Crime & Law/Judiciary
Guarding Plastic fraud,Crime & Law/Judiciary
Osama an innocent holy war hero,Defence & Security
Rare artefacts lie unguarded in Morni temple,"Society, Religion & Culture"
27 terrorist entities also sealed,Defence & Security
Police Band plays at the Sukhna lake again,Crime & Law/Judiciary
And now; a children's library,"Society, Religion & Culture"
Arms licencees aplenty; but few actually buying weapons,Defence & Security
Two women commit suicide in city,"Society, Religion & Culture"
Senator expresses regret over Sodhi's murder,Crime & Law/Judiciary
Sexurity around Kashmir assembly; council tightened,Politics & Government
Women across the border denounce burqa code,"Society, Religion & Culture"
Foreign firms want more than software,International/World
Bush favours waiving military curbs,Defence & Security
Pak admits 'mistakes' in Afghan policy,Politics & Government
CBI case against Mesco directors,Crime & Law/Judiciary
Cat calls are fun no more; dear men,"Society, Religion & Culture"
Students oppose teachers'strike,Education & Recruitment
RSS for speedy legal disposal of temple issue,Crime & Law/Judiciary
Charges framed against accused policemen,Crime & Law/Judiciary
Britney plans fashion label,Entertainment & Lifestyle
It's words; not war,Defence & Security
NRI's security guard charred to death,Defence & Security
SC verdict backs govt in curbing ragging,Crime & Law/Judiciary
PM convenes meet of NDA; Oppn parties,Politics & Government
City doctor; wife battered to death,Health
JPC pulls up Madhavpura bank officials,Business & Economy
Tourism fest for children; youth,"Society, Religion & Culture"
Raiders of the storm,Weather & Disaster
Prosecution in Gulshan case receives setback,Crime & Law/Judiciary
Govt employee involved in J&K blast held,Defence & Security
Yuvraj Singh's father gets bail in Jessica case,Crime & Law/Judiciary
BJP leaders counter Jaspal,Politics & Government
Vigilance sleuths face the music,Entertainment & Lifestyle
Petty woman; Playing down the Street!,"Society, Religion & Culture"
Health camp planned for doctors,Health
Cylone in Arabian Sea may bring heavy rains,Weather & Disaster
Wedding bells for Claudia?,Entertainment & Lifestyle
Israel miffed; no apology by UK,International/World
PMC's land acquisition process comes in for sharp criticism,Business & Economy
Not just an American problem,International/World
Bipasha & Bollywood: Kabhi Ajnabee The,Entertainment & Lifestyle
Nine judicial officers lose powers,Crime & Law/Judiciary
Hollywood heads for Hyderabad,Entertainment & Lifestyle
Woman crushed to death; road blocked,"Society, Religion & Culture"
Doctor held in rape case,Crime & Law/Judiciary
Quake-hit schools yet to resume normal function,Weather & Disaster
Medical touts rule the roost at hospitals,Health
Oppn rattles govt in Assembly,Politics & Government
Bail plea in dowry death case rejected,Crime & Law/Judiciary
Pvt users can buy data from foreign satellites,International/World
Govt disburses Rs 2.40 cr to 37 special schools,Education & Recruitment
For love of America: Barodians wear their heart on their sleeve,Entertainment & Lifestyle
Afghan opposition pins hope on US attack,Politics & Government
Telecom minister scraps panels,Politics & Government
Indian human trafficker faces jail term in UK,Crime & Law/Judiciary
Mute reaction to terrorist attacks in US,Defence & Security
The gentle family of giants,"Society, Religion & Culture"
Aged won't have to worry about food,Entertainment & Lifestyle
IRDA allows max 26% foreign stake,International/World
Police shoot down four dacoits,Crime & Law/Judiciary
Over 600 students pay to get admission,Education & Recruitment
Neotia urges youth to set up business,Business & Economy
GPCC Secy threatens to sue Fatorda MLA,Politics & Government
Tax evaded by using fake forms,Business & Economy
Miles to go before quake-hit schools resume normal function,Weather & Disaster
Minister faints during rally,Politics & Government
High literacy among women puts check on crime,Crime & Law/Judiciary
Hectic lobbying on ahead of BCCI elections,Politics & Government
Pedestrians angry at subway flooding,Weather & Disaster
MIDDLEbrFast Food,Entertainment & Lifestyle
Jaya's foster son gets bail,Crime & Law/Judiciary
Malleswari appeals for memorial to killed chess players,Sports
Swissair's survival depends on creditor banks,Business & Economy
Bollywood awards proceeds to aid NY victims' kin,Entertainment & Lifestyle
Uncertainty dogs film festival,Entertainment & Lifestyle
Petrol pumps robbed; two men shot at,"Society, Religion & Culture"
FITNESS FADS,Health
Real estate; property market looks up,Business & Economy
Academy for security staff on the cards,Defence & Security
Hotel industry suffers setback,Business & Economy
US wants to destroy Islamic system in Afghanistan,International/World
Muzaffarpur jail hub of anti-national activities,Crime & Law/Judiciary
RISHTEY: Love is letting go,Entertainment & Lifestyle
Phy Ed students of LCC boycott classes,Education & Recruitment
Anti-war rally in Patna,Defence & Security
Taliban ready for war; hunger stalks Afghans,Defence & Security
IIMC is world class; say European students,International/World
Bleach pleads for 'equality before law',Crime & Law/Judiciary
Rains bring deluge of problems,Weather & Disaster
Suicide by sadhu solves rape case,Crime & Law/Judiciary
WB seeks report on Rs 30 cr scam,Crime & Law/Judiciary
BJP flays Pak over support to Taliban,Politics & Government
JPC quizzes officials of four tainted banks,Business & Economy
Transport revenue may fall short,Business & Economy
SCHOOL BUZZ,Education & Recruitment
Staff protests BSEB revamp,"Society, Religion & Culture"
Demand for seats in Ayurveda colleges continue,Education & Recruitment
Afghan war could mean more dope in Gujarat,Defence & Security
HEALTH NOTES,Health
CID sleuths grill ex-minister Godinho,Politics & Government
Play Way mourns America's loss,Business & Economy
China says Pakistan not an ally,International/World
A time to heal in times of terror,Defence & Security
Local bodies polls in TN notified,Politics & Government
Police explore ways to catch up with new-age criminals,Crime & Law/Judiciary
Daring daylight bank robbery that failed,Crime & Law/Judiciary
The lull after the storm,Weather & Disaster
PJR flays govt's stand on Yeleru scam,Crime & Law/Judiciary
Defence forces alerted in state,Defence & Security
AIADMK men rally behind Jaya; hold demonstrations in state,"Society, Religion & Culture"
Aati oil pilferage bid accused booked under PBM Act,Crime & Law/Judiciary
PM warns against threat from terrorism,Defence & Security
Single soldiers speed up marriage plans,Entertainment & Lifestyle
War cries threaten to derail Royal Orient Express,Defence & Security
Afro-Asian Games all but buried,International/World
Union minister visits Kutch,Politics & Government
Oriflame aims to make India a major export hub,Business & Economy
Withdrawal of transfer GO irks teachers of aided-colleges,Education & Recruitment
BJP cautions Muslims against SIMI,Politics & Government
India; US differ on terrorist groups list,Defence & Security
Police told to maintain data bank,Crime & Law/Judiciary
Diplomatic tea party is no-war zone,Politics & Government
Crude Diplomacy,International/World
MIND YOUR LANGUAGE,"Society, Religion & Culture"
Caste is all; but party 'brand' still matters,Politics & Government
YSR blamed for no discussion on Krushi Bank,Business & Economy
Sex; drugs; deceit,Health
Cong demands probe into Kuppam scam,Crime & Law/Judiciary
Centre urged to clear all hurdles over Ram temple,"Society, Religion & Culture"
CPM leaders to court arrest,Crime & Law/Judiciary
DSS to hold annual convocation of colleges,Education & Recruitment
Sports in the times of war,Defence & Security
BJP summons Keshubhai; change on the cards,Politics & Government
Aziz to visit US to firm up financial package,Business & Economy
Bid adieu to heart disease,Health
Attacks hamper fight against US hegemony,Defence & Security
Not just an American problem,International/World
Akal Takht to decide fate of Sehajdharis: BJP,Politics & Government
If one war can save India; why fight 1;000 battles,Defence & Security
Counselling for BEd admissions from Oct 5,Education & Recruitment
Goa festival in Delhi from Saturday,"Society, Religion & Culture"
WHO cautions against bio-weapons strikes,Defence & Security
Rape accused held after six years,Crime & Law/Judiciary
Lack of security for PGI patients under scrutiny,Defence & Security
Rs 42 lakh earmarked to educate child labourers,"Society, Religion & Culture"
Floods claim 10 in Kurnool; Anantapur,Weather & Disaster
Congress rally might be in the shadow of rajputs,Politics & Government
BJP; Congress trade charges on CNG issue,Politics & Government
Court probe into medical marks mystery shocking,Crime & Law/Judiciary
Crack CRPF team for airport security,Defence & Security
Cocaine case: Vadhera moves HC for bail,Crime & Law/Judiciary
Britain reviews hawala system,International/World
Plea for implementing education for all,Education & Recruitment
BJP leaders counter Jaspal,Politics & Government
CBI; counsel urged to resolve documents' issue in Bofors case,Crime & Law/Judiciary
Official fined for contempt of court,Crime & Law/Judiciary
Perfume industry smells trouble due to WTC attacks,Business & Economy
It was pop vs Sufi and folk music,Entertainment & Lifestyle
MCD clerk identifies accused in Uphaar case,Crime & Law/Judiciary
Indian youth in Gulf made to serve militants,"Society, Religion & Culture"
India to export 25;000 tonnes of maize,Business & Economy
Man vs Machine match postponed,Sports
A war in Afghanistan could mean more dope in Gujarat,Defence & Security
Terror Love,Entertainment & Lifestyle
MSU to set up museum of rare musical instruments,"Society, Religion & Culture"
Protest demos in Coimbatore; Tirupur,"Society, Religion & Culture"
Indians fly on Bollywood fantasy to Swiss holiday,Entertainment & Lifestyle
Student falls to death from train,Education & Recruitment
Killings of Dalits rock Bihar assembly,Politics & Government
Jessica Lall case: Ex-cricketer gets bail,Crime & Law/Judiciary
J&K assembly adjourns after condolence,Politics & Government
CMC to pull down New Market portico,Business & Economy
44 years on; SC lands verdict on Mukherjee Nagar,Crime & Law/Judiciary
Flexi pack Policy,Politics & Government
Major computer project for school students launched,Education & Recruitment
Rain creates havoc in Kerala,Weather & Disaster
Seminar on education for street children,Education & Recruitment
Born in Hollywood; reborn in Bollywood,Entertainment & Lifestyle
Terror attacks send dry fruit prices soaring,Defence & Security
One killed in police firing,Crime & Law/Judiciary
Other means of higher education,Education & Recruitment
Many areas in Agra; Chitrakoot face drought,Weather & Disaster
Tehelka grills film-maker Kapoor,Entertainment & Lifestyle
Student stabbed during a clash in Handia,Education & Recruitment
Jaya directed to appear before court on Oct 10,Crime & Law/Judiciary
Teachers' plea on transfers,Education & Recruitment
Industry bye-laws: Vertical expansion has no takers,Business & Economy
Army School function ends,Education & Recruitment
MUMBAI NEWSbrExam topper turns bank job scamster,Business & Economy
Post attack impact: no light stuff; please!,Defence & Security
Doctor couple murder; SO sent to lines,Crime & Law/Judiciary
Rare heart surgery done in Bangalore,Health
Record voter registration for MSU senate polls,Politics & Government
VMC election: Samata keeps options open,Politics & Government
Belgaum DC ignoring drought relief: JD(U),Weather & Disaster
Report on woman 'extremist untrue: police,Crime & Law/Judiciary
Indian women crash to England,"Society, Religion & Culture"
Reliance shines in flat market,Business & Economy
First woman in state to join Navy is from Satara,"Society, Religion & Culture"
Naidu seeks FM's help to bail out APGenco,Crime & Law/Judiciary
AIPWA to organise anti-war rallies on Oct 5,Defence & Security
50pc of city children malnourished: Survey,"Society, Religion & Culture"
Muzaffarpur police set up changed,Crime & Law/Judiciary
Cong asks Goud to quit for Krushi Bank lapses,Business & Economy
Cine world disappointed over IFFI cancellation,International/World
GPCC chief accuses MLA of assaulting engineer,Politics & Government
Manipur storms into finals,Weather & Disaster
Police brass told to comply with SC directive,Crime & Law/Judiciary
Vajpayee government flayed,Politics & Government
Demarcate zones to curb noise pollution; police tells PMC,Crime & Law/Judiciary
Submit paddy sale copy to avail bonus: Congress,Politics & Government
BJP chief justifies unilateral US move,Politics & Government
'It's easier to be an actor than a sportsman',Entertainment & Lifestyle
When their own children made such good news,"Society, Religion & Culture"
Ireland beat Indian women,"Society, Religion & Culture"
Heavy rain helps ease power situation,Weather & Disaster
BHU develops anti-radiation drug,Health
2 Congress men suspended for anti-party activities,Politics & Government
College student kills fellow in Amedabad,Education & Recruitment
Panel against CPI-based drug price monitoring,Health
Flood control scheme for Thiruvananthapuram,Weather & Disaster
Student crushed by speeding city bus,Education & Recruitment
Punjab temple project wins UNESCO heritage award,"Society, Religion & Culture"
Rescue operation on at Assam blast site,Defence & Security
DMK sure to win mayoral election in Chennai: Karunanidhi,Politics & Government
HC upholds murder sentence,Crime & Law/Judiciary
Muslim ministers petition CM for board berth,Crime & Law/Judiciary
WHO cautions against bio-weapon strikes,Defence & Security
Indian steel dumped in US market,Business & Economy
TN Speaker justifies AIADMK protests,"Society, Religion & Culture"
BJP rules out leadership change in Gujarat,Politics & Government
Two more doctors kidnapped,Health
DMK men asked not to retaliate,"Society, Religion & Culture"
Vaccine to put an end to snoring,Health
Political landscape is taking on a new look,Politics & Government
Governor Jacob sympathetic on convicts' remission plea,Politics & Government
LG puts IPO in freezer; targets $30 m exports,Business & Economy
Scientists succeed in making voles fall in love,Entertainment & Lifestyle
Blast derails train in Assam; 100 injured,Defence & Security
E-connectivity plans of UT Police stalled,Crime & Law/Judiciary
They're playing our song,Entertainment & Lifestyle
Ex-IO fails to agree with prosecution in Maken case,Crime & Law/Judiciary
Slowdown hits A-I's profit projections,Business & Economy
Eco clubs in schools to help conserve water,Education & Recruitment
Murder accused gets bail,Crime & Law/Judiciary
Art Magnifique,"Society, Religion & Culture"
Ruchika case: CBI issues notice,Crime & Law/Judiciary
Terror in Kashmir is next target: Envoys,Defence & Security
HC fixes Oct 8 for further hearing on Ayodhya case,Crime & Law/Judiciary
NDA extends support to Prime Minister,Politics & Government
NOS to start 'on demand exams scheme',Education & Recruitment
Tears are not rare in a man's world,International/World
BJP demo to protest burning of PM's effigy,Politics & Government
Karnataka will enact law to attract more investments,Crime & Law/Judiciary
A time bomb in the lungs,Defence & Security
Court 'anxious' to begin Bofors trial,Crime & Law/Judiciary
RTC hospital buses to cover more areas,Health
War cry threatens to derail Royal Orient,Defence & Security
No child's play,"Society, Religion & Culture"
BSF win Baba Farid Gold Cup,Defence & Security
Oppn attacks Rabri govt for killing of Dalits,Defence & Security
BCC polls: Cong yet to join race,Politics & Government
International film festival cancelled,Entertainment & Lifestyle
Muslim groups clash in Aquem,"Society, Religion & Culture"
Food fortification is need of the hour,Entertainment & Lifestyle
PU exams shelved to make room for panchayat members,Education & Recruitment
MORE MUMBAI NEWSbrSpecial schools state govt tussle continues,Education & Recruitment
US tones down war talk,Defence & Security
Kanodia murder case solved,Crime & Law/Judiciary
Lapses found in Jacob's security cover,Defence & Security
Foreign firms want more than Indian software,International/World
Uranium seized: Customs; police wash hands off case,Crime & Law/Judiciary
BOOMTOWN RAPbrStrings of music,Entertainment & Lifestyle
Diplomats to play Inter Embassy tourney,International/World
Loss making mines; quarries to be privatised,Business & Economy
Minister talks tough on recovering money from MSIL staff,Politics & Government
Bank officers' meet from Nov 10,Business & Economy
Police stations can communicate better now,Crime & Law/Judiciary
US says Taliban non-indigenous to Afghanistan,International/World
Mysore race results,Education & Recruitment
Aldrin supply case: Attachment of accused's property ordered,Crime & Law/Judiciary
HC asks CBI to further probe medicine scam,Crime & Law/Judiciary
Coal scam: Jaya asked to appear before court on Oct 10,Crime & Law/Judiciary
BCAS carries out security drills at airports,Defence & Security
We will not join war against Afghanistan: Pak,Defence & Security
Air-tight security awaits Indian airports,Defence & Security
BJP refutes Vidharba's claim of money allotment,Politics & Government
No dearth of wannabe CMs in Gujarat BJP,Politics & Government
The art of getting a fix on things,"Society, Religion & Culture"
Assault on UPPMHS doctors,Health
'Mosque can't be built in temple complex',"Society, Religion & Culture"
BJP; Congress trade charges on CNG issue,Politics & Government
Kerala gives NoCs for professional colleges,Education & Recruitment
11 of 19 hijackers had British connection,International/World
Muzaffarpur episode rocks Bihar assembly,Politics & Government
Oppn rattles govt on flood; drought; Dalit issues,Weather & Disaster
Public healthcare needs dose of Vitamin 'M',Health
Talks held to boost trade with SA,Business & Economy
After IT; media; showbiz stocks lose charm,Business & Economy
WHO warns of germ warfare,Defence & Security
Women film-makers don't have it easy: Lajmi,Entertainment & Lifestyle
HAUTA flays arrest of scientist,Crime & Law/Judiciary
Court extends bail of serial blast accused,Crime & Law/Judiciary
9 killed in Muzaffarpur police firing,Crime & Law/Judiciary
Kolhapur-Mumbai air service flies into snags; bad weather,Weather & Disaster
Weekender eyeing overseas market,Business & Economy
We are not with you; Iran tells US,International/World
Alliance with Pak tactical; not strategic: US,Defence & Security
North Bihar banks on NHPC for power supply,Business & Economy
PHORENbrWest Wing episode embraces terrorism theme,Defence & Security
WTC attacks clean out Bangalore hotel rooms,Defence & Security
Airlines run into rough weather,Weather & Disaster
Now; art checks in at HSBC,"Society, Religion & Culture"
High Court gives nod to Vengaboys show,Crime & Law/Judiciary
Jaya has no respect for the law: MK,Crime & Law/Judiciary
'World ignored Pak's role in abetting terrorism',Defence & Security
Time to take on terrorism: Vajpayee,Defence & Security
Athletes forced to surrender medals,Sports
Tourists banned to Jog Falls; students allowed,Education & Recruitment
Curbs remain on computer imports,Business & Economy
Seeded players sail through in ITF tourney,Sports
India should not join war with Americans,Defence & Security
Pune race results,Education & Recruitment
US economic ills may influence global economy,Business & Economy
Governor for better corporate governance,Politics & Government
HC upholds murder sentence,Crime & Law/Judiciary
Woman constables double up as counsellors,"Society, Religion & Culture"
Kiwis offer affordable education,Education & Recruitment
Hearing in defamation case against Tehelka stayed,Crime & Law/Judiciary
Arms found in bag at Chennai airport,Defence & Security
Hooray! Exams are over; for the time being,Education & Recruitment
Chargesheet details mob hold on Bollywood,Entertainment & Lifestyle
Born in Hollywood; reborn in Bollywood,Entertainment & Lifestyle
Agassi braves air travel,Entertainment & Lifestyle
Terrorist-messages intercepted,Defence & Security
Train coach torched in Muzaffarpur,Sports
College student kills fellow in Ahmedabad,Education & Recruitment
TN gears up for disaster management,Weather & Disaster
MATINEE MASALAbrMartial law,Crime & Law/Judiciary
Pariah Narendra Modi acquires messiah status in BJP,Politics & Government
Airlines run into rough weather,Weather & Disaster
Cash-starved Telugu films lie in the cans,Entertainment & Lifestyle
Train blast could have been prevented,Defence & Security
Hindujas can go abroad on rotation: SC,International/World
Teacher-thief arrested,Crime & Law/Judiciary
PG diploma in crime mgmt; criminology in offing,Crime & Law/Judiciary
BJP trying to hide its faults: Mayor,Politics & Government
AIDS society to involve Collectors,"Society, Religion & Culture"
Congress all set for a duel over Kuppam,Politics & Government
5 more city police stations by this year,Crime & Law/Judiciary
Candidate fails to sit in exams due to postal delay,Education & Recruitment
MQM offers help to fight terrorism,Defence & Security
Women in Surat find driving skills a necessity,"Society, Religion & Culture"
Meet The FBI's Top Ten Most-Wanted Men,"Society, Religion & Culture"
'Respect a child's mood swings',"Society, Religion & Culture"
Cong backs mayor against BJP threat,Politics & Government
Sholay: A Movie that will never be history!,Entertainment & Lifestyle
All-India Gurmit Memorial Hockey Tourney: Report,Sports
Man held for theft; stolen gold found,Crime & Law/Judiciary
Russian TV denies Dostum is dead,International/World
Crime & Punishment,Crime & Law/Judiciary
CA security expert to meet key Indian officials,Defence & Security
SIMI has now become explicitly political,Politics & Government
BJP MLAs expelled over DUSU poll,Politics & Government
Record voter registration for MSU senate polls,Politics & Government
India asks Interpol to give priority to terror issue,Defence & Security
Bank directors in CID custody,Crime & Law/Judiciary
The lull after the storm,Weather & Disaster
Courting NRIs Cong men step on each others toes,"Society, Religion & Culture"
Mission Possible: US military operations,Defence & Security
Industry feels fewer foreign tourists may visit Goa,Business & Economy
LF dharna against US policy,Politics & Government
Banks closed on Sept 29; RBI to function,Business & Economy
Dist administration prejudiced: MP,Politics & Government
Technical boards slumber costs students dearly,Education & Recruitment
Where you gonna get your party gear?,Politics & Government
Wedding bells toll for Claudia,Entertainment & Lifestyle
Staff shortage hits south Goa police stations,Crime & Law/Judiciary
Full convertibility of rupee to be delayed,Business & Economy
Calcutta to Kolkata: Responsible for spurt in crime?,Crime & Law/Judiciary
Looking back at the golden age of cinema,Entertainment & Lifestyle
Congress alleges discrepancy in poverty level figures,Politics & Government
Largescale revamp in Gujarat BJP likely,Politics & Government
Civic bodies deprived of tax funds,Business & Economy
Fund instituted in memory of doctor,Health
US war cry gives way to diplomacy,Defence & Security
CM wannabes in Gujarat BJP,Politics & Government
Doctors to expose sex-test clinics,Health
ATP World Doubles from November 7,International/World
Catholic schools' meet begins today,Education & Recruitment
Model of trade; industry expo unveiled,Business & Economy
Haj pilgrims asked to send bank drafts,Business & Economy
VMC election: Samata keeps options open,Politics & Government
They're playing our song,Entertainment & Lifestyle
Students have a glimpse of CCMB,Education & Recruitment
Jaswant says he is not giving up defence,Defence & Security
Pvt parties to build roads in Kerala,Politics & Government
22 students hurt as march turns violent,Education & Recruitment
Goa to allow film shooting in public places,Entertainment & Lifestyle
Somnath temple renovation yatra flagged off,"Society, Religion & Culture"
I am a fan of Terminator movies,Entertainment & Lifestyle
Neuro-vascular surgery performed at DMC,Health
Council loses order over question of law-and-order,Crime & Law/Judiciary
Chauhan bail plea,Crime & Law/Judiciary
Judicial panel to probe Muzaffarpur incident,Crime & Law/Judiciary
Lawyers abstain from judicial work,Crime & Law/Judiciary
Society HALL staff caught between owner-CMC battle,"Society, Religion & Culture"
Two Congress men suspended for anti-party activities,Politics & Government
Another Das assailant arrested,Crime & Law/Judiciary
Agra bandh over police lathicharge on lawyers,Crime & Law/Judiciary
BRIEF GRIEFbrHow can speculation be the basis of a world war,Defence & Security
Computerised passports as security step,Defence & Security
P H O R E NbrDestinys Child triumphs over trauma,"Society, Religion & Culture"
Security panel reviews scenario,Defence & Security
BJP has stalled development: Sonia,Politics & Government
Advocates condemn police brutality,Crime & Law/Judiciary
TRP scam: Con banega crorepati?,Crime & Law/Judiciary
Sethi gearing up for Asian Games,International/World
Children's home waits for Cash,"Society, Religion & Culture"
Nationwide crackdown on SIMI; chief arrested,Crime & Law/Judiciary
Train children on energy conservation,"Society, Religion & Culture"
Heritage activists to oppose relaxation of development rules,"Society, Religion & Culture"
Man sentenced to life for setting wife ablaze,Crime & Law/Judiciary
Bail of serial blast accused extended,Crime & Law/Judiciary
English teachers trained through tele-conference,Education & Recruitment
Dhaki row: Punjab rejects CBI probe,Crime & Law/Judiciary
Swami Paramarthananda addresses training programme for youth,"Society, Religion & Culture"
Quaterly school exams begin Oct. 8,Education & Recruitment
EOL's project achieves full financial closure,Business & Economy
War cry threatens to derail Royal Orient,Defence & Security
BCCI told to allow GCA to vote at meeting,Politics & Government
BSP charges police with Dalit atrocities,Crime & Law/Judiciary
Urdu Teachers Association urges govt. to remove roster system,Education & Recruitment
Born in Hollywood; reborn in Bollywood,Entertainment & Lifestyle
Pay property tax between Oct 1 and Nov 30,Business & Economy
Anti-terrorist ordinance soon,Defence & Security
UPPSC exam from Sept 28,Education & Recruitment
City's potential in focus on World Tourism Day,International/World
Four killed in Lucknow police firing,Crime & Law/Judiciary
Phoolan's sister demands CBI enquiry,Crime & Law/Judiciary
6 SIMI activists arrested,Crime & Law/Judiciary
Officer fails to bring log book to court,Crime & Law/Judiciary
SC pension verdict hailed,Crime & Law/Judiciary
Police rounds up beggars,Crime & Law/Judiciary
US moves resolution on terrorism,Defence & Security
Sensex up by 48.16 points,Business & Economy
17 militants; Army major among 25 killed in J&K,Defence & Security
Admonished student ends life,Education & Recruitment
Muslim leaders decry ban on SIMI,"Society, Religion & Culture"
Seminar organised on 'World Heart Day',International/World
Companies can grow during recession: McKinsey,Business & Economy
Joint action on terrorism best,Defence & Security
Vivek Preparatory School feud resolved at last,Education & Recruitment
Minorities Commission in a month: Minister,Politics & Government
Metro magistrate convicted for cheating,Crime & Law/Judiciary
State forms Rs 50-cr pharma fund,Health
Zee not for strategic partner in Siticable,Defence & Security
Shibpur college effort to free water from arsenic,Education & Recruitment
Bangladeshis arrested for murder,Crime & Law/Judiciary
NRIs set up super-speciality hospital in Kozhikode,Health
Budget passed after tug of war,Politics & Government
Naxalites gun down 2 cops in Munsif Court,Crime & Law/Judiciary
'Sexual minorities' plan to stage silent protest,"Society, Religion & Culture"
International Day of Elders on Oct. 1,International/World
Govt. harassing co-operative bank employees,Business & Economy
Girls make foray into puriya business,Business & Economy
BEML delivers dedicated rail coaches to Army,Defence & Security
Lions Club organises seminar for students,Education & Recruitment
3 Veerappan associates arrested,Crime & Law/Judiciary
BJP must go now: SP,Politics & Government
Lt-Gen Joshi to head integrated defence staff,Defence & Security
Born in Hollywood; Reborn in Bollywood,Entertainment & Lifestyle
Convocation of Open University on Nov. 24,Education & Recruitment
Another woman murdered in Mysore,"Society, Religion & Culture"
Bipasha & Bollywood: Kabhi Ajnabee The,Entertainment & Lifestyle
Students of CWTI to be employed by Housing Board,Education & Recruitment
International symposium on Ongole Cattle on Oct. 29,International/World
Raids yielded no hidden income; IT men tell JPC,"Society, Religion & Culture"
DF govt rejects charges on drought relief,Weather & Disaster
Sporting coach quits,Sports
People's anger against police worries officers,Crime & Law/Judiciary
SC ruling boost for Visva-Bharati,Politics & Government
The world's first Internet-enabled war,Defence & Security
New I-T scheme to extend tax base,Business & Economy
Bipasha and Bollywood: Kabhi Ajnabee The,Entertainment & Lifestyle
Water treatment plant must await rehabilitation of oustees,Health
Recruitment rally for Assam Rifles,Education & Recruitment
Students rampage in RBU campus,Education & Recruitment
Market force more 'humane' than Marxists,Business & Economy
Police do a 'Tehelka' on eve-teasers,Crime & Law/Judiciary
TRS to protest erratic power supply in Telangana,"Society, Religion & Culture"
BJP MLAs expelled over DUSU poll,Politics & Government
Dandupalya gang not behind Mysore murders; say cops,Crime & Law/Judiciary
Film lovers mourn IFFI cancellation,Entertainment & Lifestyle
Sports meet for mentally challenged,Sports
Police find passport verification a wild goose chase,Crime & Law/Judiciary
Emergency airlift of food for Afghan refugees begins,Entertainment & Lifestyle
SP steps up agitation against BJP government,Politics & Government
Advisory panel formed for pharmacy college,Education & Recruitment
Govt invites industry to stem water pollution,Business & Economy
Ban on SIMI untimely: Muslim leadership,"Society, Religion & Culture"
They're playing our song,Entertainment & Lifestyle
How Osama teaches acts of terror,Defence & Security
Mysterious criminal gives police the slip,Crime & Law/Judiciary
Autopsy on exhumed body unravels murder mystery,Crime & Law/Judiciary
Jaitely for debate on corporate governance,Politics & Government
Heavy rains disrupt life in Nashik,Weather & Disaster
Mixed reactions to the new tax system,Business & Economy
Oppn backs Govt line on terrorism,Defence & Security
Govt changes Muzaffarpur police set-up,Crime & Law/Judiciary
BACKBEATbrFun frolic fashion,Entertainment & Lifestyle
Agitating students caned; over 100 hurt,Education & Recruitment
Opposition demands ban on Bajrang Dal,Politics & Government
Rupee ends mildly higher against $,Business & Economy
Woman SI gets 1-year RI for taking bribe,"Society, Religion & Culture"
Ministry seeks air insurance comfort,Politics & Government
Recruitment rally into the Assam Rifles from Oct. 1,Education & Recruitment
Reserve Bank of India to function on Sept. 29,Business & Economy
Muslim women cannot invoke CrPC for alimony,"Society, Religion & Culture"
Woman in a soup for carrying knife,"Society, Religion & Culture"
68 year-old woman jumps off terrace,"Society, Religion & Culture"
Cong plays Muslim card;promises reservations,"Society, Religion & Culture"
Cases drag on in city courts for want of infrastructure,Crime & Law/Judiciary
Time to change police laws: Home Minister,Crime & Law/Judiciary
Seminar in Badruka College on Oct. 6,Education & Recruitment
Hansie Cronje: Back to court,Crime & Law/Judiciary
Prasenjit: Tollywood's one-man industry,Business & Economy
India showing diplomatic maturity; says experts,International/World
Lapses in police verification of passports due to increased workload,Crime & Law/Judiciary
New world brings with it new vices,International/World
Employees of Co-op banks form union,Business & Economy
No dearth of wannabe CMs in Gujarat BJP,Politics & Government
Train coach set afire in Muzaffarpur,Sports
Dalit Panthers walks out of NDA ahead of polls,Politics & Government
Hindujas threaten to sue AP government,Politics & Government
Border residents upbeat despite alert,Defence & Security
Britney plans fashion label,Entertainment & Lifestyle
Bar association condemns police brutality,Crime & Law/Judiciary
Sensex closes above 2;800; up 92 points,Business & Economy
BCC appoints consultant for flood management,Weather & Disaster
Progress of women's schemes reviewed,"Society, Religion & Culture"
Bombay HC rejects PSI's bail plea,Crime & Law/Judiciary
FBI team in Hyderabad makes headway in probe,Crime & Law/Judiciary
University community hails S C verdict on pension,Crime & Law/Judiciary
Subsidies to industries to be paid soon: Govt,Business & Economy
Chemists out to scuttle SEWA's undercutting of drug prices,Health
BSF never lets its guard down: IG,Defence & Security
Battered BJP shivers at mention of poll,Politics & Government
MSU faculty making a 'virtual community' on Net,"Society, Religion & Culture"
Supply of chaff for grain to school stuns House,Education & Recruitment
Clash: SFI wants judicial probe,Crime & Law/Judiciary
Officials not perturbed about security at airport,Defence & Security
UK bonanza for health; education,Education & Recruitment
Road to Europe ends in Baluchistan,International/World
Bomb scare holds city to ransom,Defence & Security
Manchester United stun Spurs with five-goal comeback,Sports
BJP MLAs expelled over graft issue,Politics & Government
1 more arrested in campus murder case,Crime & Law/Judiciary
Minister in poll mode organises fest,Politics & Government
Indiatimes; Cipla mark World Health Day,International/World
Police advisory committee meet in Surat,Crime & Law/Judiciary
Serial shooters kill the career woman; idolise 'sati savitris',Entertainment & Lifestyle
Two walkouts in J&K assembly,Politics & Government
USA urged to destroy terrorist strongholds,Defence & Security
Fight against terrorism; not Islam: Blair,"Society, Religion & Culture"
Sena ready to kiss and make up with BJP,Politics & Government
CPI(M) stages protest rally in Bhavnagar,"Society, Religion & Culture"
Chemical traders demand lowering of trade tax,Business & Economy
Tight security for Indians in SA,Defence & Security
A woman's best friend sparkles at Kanteerava stadium,"Society, Religion & Culture"
Students protest SIMI activists' killing,Education & Recruitment
Mukhiya; aides held for assaulting flood-hit,Weather & Disaster
Go check out KIMS; Sankeshwar to Health Minister,Politics & Government
Australia to freeze financial assets of terrorists,Business & Economy
The midget hospital train with a giant heart,Health
Tele serial ends the way you want,Entertainment & Lifestyle
Another View from Pakistan,International/World
RJD supporters burn effigy of senior RJD minister,Politics & Government
Customs finds revenue targets beyond reach,Business & Economy
Students may get to choose streams from class VIII,Education & Recruitment
JDU leader finds SIMI; Hindu outfits similar,"Society, Religion & Culture"
Did an aggressive CM tame BJP's central leadership?,Politics & Government
Star set to storm Sun's bastion,Weather & Disaster
Children have equal rights: LG,"Society, Religion & Culture"
SIMI cannot be compared to Hindu outfits: BJP,Politics & Government
March against terrorism today,Defence & Security
SIMI member arrested in TN,Crime & Law/Judiciary
FCI accused of dumping rotten grains in Assam,Crime & Law/Judiciary
Sports awards to be given on Tuesday,Sports
Kitchenware thefts give Khar police food for thought,Crime & Law/Judiciary
Petition seeks report on custodial deaths,Crime & Law/Judiciary
Varsity bills students for internet services,Education & Recruitment
RI for 10 bank staffers,Business & Economy
Ultras attack police picket; kill 1 jawan,Crime & Law/Judiciary
Patna schools; colleges closed for five days,Education & Recruitment
Woman jailed for smuggling,"Society, Religion & Culture"
Peace march by CMS students,Education & Recruitment
Foreign; Pvt banks route Rs 6;000 cr to MFs,Business & Economy
Explosives hurled at college principal's house,Education & Recruitment
Jharkhand CM; minister on collision course,Politics & Government
Police: Go easy with number plates,Crime & Law/Judiciary
75 SIMI activists arrested in state,Crime & Law/Judiciary
BJP; Samata Party sink differences,Politics & Government
India Inc feels the pinch of terror attacks,Defence & Security
School comes to students' doorsteps,Education & Recruitment
CJM; family members on hunger strike,"Society, Religion & Culture"
Computer education: Teach the teachers first,Education & Recruitment
CMC to check healthcare facilities in schools,Education & Recruitment
US may freeze student visas for six months,Education & Recruitment
Gang of nine busted; stolen goods recovered,Crime & Law/Judiciary
Sunidhi Chauhan: Rising Singer!,Entertainment & Lifestyle
Hoax calls keep police on its toes,Crime & Law/Judiciary
US military aircraft was ferrying staff,Defence & Security
Food industry will benefit lakhs,Business & Economy
University community hails SC verdict on pension,Crime & Law/Judiciary
Govt decision of tax-free bond hailed,Business & Economy
Workshop held on women's health,"Society, Religion & Culture"
BJP; Cong mend fences at AMC,Politics & Government
Teachers' plea for devising global curricula,Education & Recruitment
Bipasha & Bollywood: Kabhi Ajnabee The,Entertainment & Lifestyle
Minister directs inquiry into irregularities,Politics & Government
Women urged to thwart communal forces,"Society, Religion & Culture"
Security for petitioner,Defence & Security
Indiatimes ties up with Cipla for World Heart Day,International/World
Geelani terms ban on SIMI as attack on Islam,"Society, Religion & Culture"
Beyond food: Mood for thought,Entertainment & Lifestyle
Police fail to register dolomite smuggling complaint,Crime & Law/Judiciary
Chhabria's stake buy in Herbertsons void; rules Court,Crime & Law/Judiciary
High court raps govt on panchayat jamboree,Crime & Law/Judiciary
Medicines stolen from Tata hospital; four arrested,Health
Posters land Okhla councillor in jail,Crime & Law/Judiciary
CPM activists court arrest,Crime & Law/Judiciary
LIFESTYLE: Kidswear,Entertainment & Lifestyle
Haryana frames policy for mines,Politics & Government
Two extortionists arrested at Gamdevi,Crime & Law/Judiciary
Scholarships for terror victims' kin,Defence & Security
7 Veerappan aides sentenced for life,Crime & Law/Judiciary
CM lays stone for Mangalore stock exchange,Business & Economy
Schools will finally get new syllabus,Education & Recruitment
10;000 students undergo psychological tests,Education & Recruitment
Gondal legislator; 5 others arrested for assault,Crime & Law/Judiciary
Man gets lifer for murder,Crime & Law/Judiciary
All set for Bridal Asia,International/World
Use open vehicles during raids; says CRPF DG,Defence & Security
BJP harbouring criminals: Amarsinh,Politics & Government
Rain forest fest in North-East,Weather & Disaster
Antony denies pact with tribal leader,"Society, Religion & Culture"
Oppn interested merely in political mileage: Laloo,Politics & Government
School adoption: BCC ignores sponsors,Education & Recruitment
Bettiah police cane refugees; 50 injured,Crime & Law/Judiciary
Secrets of the family business,Business & Economy
Army ordered to reply to nurses' complaint,Defence & Security
CPI(M) stages protest rally in Bhavnagar,"Society, Religion & Culture"
RELIGION: Angels in heaven and earth below,"Society, Religion & Culture"
Bank inspectors told to be impartial,Business & Economy
Haryana frames policy for mines,Politics & Government
Somnath temple renovation yatra flagged off,"Society, Religion & Culture"
India can take cue from Nepal in monitoring quakes,International/World
Tourism shouldn't affect environs: Minister,Politics & Government
Tight security after arrest of SIMI leader,Crime & Law/Judiciary
All parties should help restore peace in Nadapuram,Politics & Government
France; India share concern on terrorism,Defence & Security
3 Veerappan associates arrested,Crime & Law/Judiciary
VHP intensifies temple movement,"Society, Religion & Culture"
For heart patients life isn't cheap,Health
Kadam's bail plea rejected,Crime & Law/Judiciary
Govt decision of tax-free bond hailed,Business & Economy
MF industry turnover may fall 10-15% due to turmoil,Business & Economy
US may allow arms sale to India; Pak,Defence & Security
British Council targets Gen-X,International/World
Gulam Nabi Azad arrested; released,Crime & Law/Judiciary
Army Major among 25 killed in J&K,Defence & Security
ABVP wins DUSU council elections,Politics & Government
Two escape from court lock-up in Begusarai,Crime & Law/Judiciary
CPM activists court arrest,Crime & Law/Judiciary
Indicted academician continues to head varsity law department,Crime & Law/Judiciary
Medical men attack govt policy,Politics & Government
Ghelot lambasts government on SIMI ban,Politics & Government
Hearing of Jaya cases from today,Crime & Law/Judiciary
MLA Honalli denies hanky-panky in Ashraya,Politics & Government
Frame-up whiff in player arrest,Crime & Law/Judiciary
Prized temple restoration tempts controversy,"Society, Religion & Culture"
Ban on SIMI will stand legal test: Mahajan,Crime & Law/Judiciary
Child labour racket: 2 arrested,Crime & Law/Judiciary
SIMI men granted bail,Crime & Law/Judiciary
Achutanandan defends students,Education & Recruitment
Women's spiritual empowerment rally rolls into Belgaum,"Society, Religion & Culture"
HC protect Max India against trade mark,Business & Economy
No more seats for BJP: Badal,Politics & Government
The government owes the UAS an apology,Politics & Government
If it rains; it doesn't drain in Vijayawada,Weather & Disaster
Railways health care being derailed,Health
Soli J SorabjeebrHuman rights professional confidences taxes,Business & Economy
Naseer bowled over by Cricket,Sports
Mala fide in investigation of murders alleged,Crime & Law/Judiciary
Nalanda Open University yet to cross hiccups,Education & Recruitment
7 Veerappan aides sentenced for life,Crime & Law/Judiciary
Chief secretary's letter creates flutter,Politics & Government
Economic recovery may be delayed: CEO poll,Business & Economy
DIG to probe into mysterious killing of trader,Crime & Law/Judiciary
Ways India to expand operations in US; Europe,International/World
SP MP demands all-party meet on SIMI issue,Politics & Government
LEGAL VIEWbrDivorce Act gives a raw deal to Muslim women,"Society, Religion & Culture"
New York bank freezes $3.8 mn linked to terrorists,Business & Economy
BCC schools: No water or toilets,Education & Recruitment
Early treatment of mental illness hastens recovery,Health
Knowledge management meet for teachers this week,Education & Recruitment
3 Danduplaya gang members held,Crime & Law/Judiciary
OVL clinches $100 m deal with 5 Indian banks,Business & Economy
Conservation makes global business sense,Business & Economy
CCI's assurance to court,Crime & Law/Judiciary
Scindia's death a big loss: Pondy PCC,Business & Economy
Student expelled from KGMC,Education & Recruitment
IN BLACK AND WHITEbrHas Pakistan outmanoeuvred India in US war against terrorism,Defence & Security
Students fume at govt 'no' to late exam fee,Education & Recruitment
Service sector export likely to fall to pre-reform level,Business & Economy
Meet on federalism at women's college,Education & Recruitment
SIMI ban wobbles Congress,Politics & Government
Italy's clash of values: Political correctness vs plainspeak,Politics & Government
Demolition of temple wall sparks violence,"Society, Religion & Culture"
D-company member arrested in city,Crime & Law/Judiciary
Tension after arrest,Crime & Law/Judiciary
Sudanese students plea for tolerance,Education & Recruitment
Pharma cos turn into healthcare hubs,Health
Stronger dose of technology must for security,Defence & Security
Revenue staff call off strike,Business & Economy
Jail holds meet on change for inmates,Crime & Law/Judiciary
President shocked; writes to Scindia's wife,Politics & Government
Are police turning into real estate agents?,Crime & Law/Judiciary
Bollywood inspired by Hollywood,Entertainment & Lifestyle
Home ministry believes in 'upsizing',Politics & Government
Looking to Hollywood for 'inspiration',Entertainment & Lifestyle
Peasants protest Kolaghat power plant pollution,"Society, Religion & Culture"
Chief of integrated defence staff,Defence & Security
VHP intensifies temple movement,"Society, Religion & Culture"
Snags in the sale of the family silver,"Society, Religion & Culture"
BJP workers observe fast against firing,Politics & Government
Wockhardt scores a 100 on World Heart Day,International/World
NCP-Congress ties come under strain over Enron probe,Crime & Law/Judiciary
Police crackdown on cinema halls,Crime & Law/Judiciary
VIEWPOINTbrA political ban cynical and dangerous,Politics & Government
'Belezian' claims Storm Plate,Weather & Disaster
PSBA win high-voltage match,Sports
Minister backs students in UAS row,Politics & Government
New church built at Ribandar,"Society, Religion & Culture"
Rational ties up with Asset International,International/World
China's software industry to touch $30 b by 2005,Business & Economy
Meet on religion and nation-building held,"Society, Religion & Culture"
'Rhetoric of war' condemned,Defence & Security
Jail for Mauritian,Crime & Law/Judiciary
Cup of Tea; Food for Thought,Entertainment & Lifestyle
Human rights; professional confidences & taxes,Business & Economy
BSNL's first year revenue may be Rs 22;000 cr,Business & Economy
Tributes to social worker,"Society, Religion & Culture"
NAFED cheated of Rs 1.76 cr; CBI chargesheets 7,Crime & Law/Judiciary
Man kills parents over marriage,Entertainment & Lifestyle
Police keeping close watch on sensitive places,Crime & Law/Judiciary
Anji Reddy new IPA president,Politics & Government
JPC undeterred by new stock markets norms,Business & Economy
Release of 14 jail inmates ordered,Crime & Law/Judiciary
BEML makes floating bridge for the Army,Defence & Security
Industry captains say they lost a reformer,Business & Economy
Starex multi-facility co-ed school,Education & Recruitment
Training programme for civil judges,Crime & Law/Judiciary
Cong; NCP differ over Enron probe panel issue,Crime & Law/Judiciary
Rational ties up with Asset International,International/World
GOA DIARY: Scripting a better course,Education & Recruitment
Govt contemplating law to give more powers to BCAS,Crime & Law/Judiciary
Chains snatched from two women,"Society, Religion & Culture"
Memoirs of school days,Education & Recruitment
Twelve companies evince interest in buying NJMC,Business & Economy
Stroller on tarmac exposes holes in airport's security,Defence & Security
Acid thrower gets a year in jail,Crime & Law/Judiciary
City Police: An enigma of drives,Crime & Law/Judiciary
Italy's clash of values: Political correctness vs plainspeak,Politics & Government
Prabhat pheris; cultural shows to mark Gandhi jayanti,"Society, Religion & Culture"
CBI banned,Crime & Law/Judiciary
BJP may choose to partner Sena; not fight it,Politics & Government
5 Armymen killed in suicide attack by LeT,Defence & Security
Rs 51.52 cr sanctioned for Apparel International Mart,International/World
Minister in poll mode; organises fest,Politics & Government
KPTC inefficiency: People complain to minister,Politics & Government
Some 'home' truths for MLA,Politics & Government
Mahabir castigates BJP,Politics & Government
Inflation falls to 4.93%,Business & Economy
Four arrested for snatching vehicle,Crime & Law/Judiciary
'Scindia's death an irreparable loss',Business & Economy
Gang loots housewife in Jayanagar,Crime & Law/Judiciary
Aquarium course,Education & Recruitment
Markets make merry in military mood,Business & Economy
Property tax scheme: Second term from tomorrow,Business & Economy
UAS violence: CM takes a shot at students,Education & Recruitment
India clinches 2 silver medals in rowing,Sports
Tax on foreign liquor to be slashed,Business & Economy
Heritage walks: No takers,"Society, Religion & Culture"
Former Afghan king had approached US for military aid,Defence & Security
Auction of auto sheds put off after protests,"Society, Religion & Culture"
PACS duo accused of cheating farmers,Crime & Law/Judiciary
Tight security ensures quiet Brahmotsavam,Defence & Security
IAF picks Bangalore to set up engineering college,Education & Recruitment
New whisky and gin coming from UK,International/World
Global terror pinches business activity in Punjab,Business & Economy
Pall of gloom in UP Congress,Politics & Government
Last date to pay property tax extended,Business & Economy
Revenue staff call off strike,Business & Economy
UN resolution on terrorism a positive step: India,Defence & Security
Woman killed; 2 injured in enmity,"Society, Religion & Culture"
Govt yields; biotech park out of UAS campus,Education & Recruitment
For heart patients; the cost of life is high,Health
BJP; Samata Party sink differences,Politics & Government
Scindia played historic role in state polls,Politics & Government
Students caught between devil and deep sea,Education & Recruitment
Workshop held on women's health,"Society, Religion & Culture"
State women's commission demanded,"Society, Religion & Culture"
Meet on religion and nation-building held,"Society, Religion & Culture"
Seminar on laws related to women kicked off,"Society, Religion & Culture"
AMC looks for WB funding for e-governance project,Politics & Government
BJP high command summons ministers,Politics & Government
BSNL slaps service tax on fax; other services,Business & Economy
Ragging turns ugly at M S University,Education & Recruitment
Governor; CM mourn Scindia's demise,Politics & Government
Kashmir attack toll mounts to 38,Defence & Security
Chains snatched from two women,"Society, Religion & Culture"
Gaffes at MSU leave students high and dry,Education & Recruitment
Kidnap case kingpin n custody,Crime & Law/Judiciary
Divorce Act gives a raw deal to Muslim women,"Society, Religion & Culture"
Strong evidence for SIMI ban: Minister,Politics & Government
Political establishment grieves at Scindia's house,Politics & Government
Police trying to trace SIMI's women recruits,Crime & Law/Judiciary
Farmers demand comprehensive power policy,Politics & Government
CRIME FILE,Crime & Law/Judiciary
Bowbazar rally against drugs,Health
Chimanbhai's boys out to topple Congress,Politics & Government
Art festival for kids in Mangalore from Oct 31,"Society, Religion & Culture"
War on Afghans is war on Islam,Defence & Security
Governor; CM; Ahmed Patel condole Scindia,Politics & Government
After protests; construction of temple resumes,"Society, Religion & Culture"
Suave; articulate face of the Congress,Politics & Government
Terrorism will not be allowed to raise its head in state: CM,Defence & Security
President gives assent to three legislations,Politics & Government
State women's commission demanded,"Society, Religion & Culture"
IBM Global Services sniffs the bio informatics trail,International/World
A 'retreat' to knowledge-based economy,Business & Economy
Friends help Scindia family cope,"Society, Religion & Culture"
Aid to pvt colleges to be stopped,Education & Recruitment
METRO FILE: Free medical check-up camp,Health
Punjab to challenge HC verdict on cess,Crime & Law/Judiciary
Crooks posing as holy men held,"Society, Religion & Culture"
For heart patients; the cost of life is high,Health
CII joins SDM to start business management course,Business & Economy
Will Desai assault probe go Amrutiya way?,Crime & Law/Judiciary
ATS arrests kingpin's men in Ahmedabad,"Society, Religion & Culture"
A stunning blow to Congress: CWC,Politics & Government
'Smart stent' to rescue heart patients,Health
J&K assembly session extended by two days,Politics & Government
Ragging turns ugly at M S University hostel,Education & Recruitment
Runaway children take to begging in trains,"Society, Religion & Culture"
Shettar wants probe into UAS lathicharge,Crime & Law/Judiciary
Virus takes out info dept website,Health
Mehsana nagarpalika faces financial crisis,Business & Economy
BJP to choose successor to Keshubhai Patel,Politics & Government
Villagers thought it was terrorist attack,Defence & Security
Apollo group takes over OPEC hospital in Raichur,Health
Zookeepers' side business: Selling tiger whiskers,Business & Economy
New lease of life for leprosy patients,Health
Tormented student blames KU,Education & Recruitment
Teacher Keshubhai puts off fast unto death plan,Education & Recruitment
Sonia urges war against terrorism,Defence & Security
New law for preserving heritage sites,Crime & Law/Judiciary
Governor; CM mourn Scindia's demise,Politics & Government
Blast in Lajpat Nagar,Defence & Security
ATS arrests kingpin's men,"Society, Religion & Culture"
French doctors to conduct medical camp in Bharuc,Health
Heritage walks: No takers,"Society, Religion & Culture"
Two get life term for murdering woman,"Society, Religion & Culture"
Last date to pay property tax extended,Business & Economy
State government's infrastructure vision losing steam,Politics & Government
Govt for probe into rise in CMC share prices,Crime & Law/Judiciary
Flash floods kill 12 in Andhra Pradesh,Weather & Disaster
2 Simi activists remanded in judicial custody,Crime & Law/Judiciary
SCs; women to be given priority,"Society, Religion & Culture"
Students exhorted to emulate Gandhi,Education & Recruitment
Disease is cutting into our daily life,Health
Ritu spurned job offer from IAF to fly with private firm,Education & Recruitment
Congress in dire need of young leaders,Politics & Government
J&K MLA is safe,Politics & Government
Free health camp today,Health
Navy personnel organise run for harmony,Defence & Security
SC ruling a dampener for firecracker dealers,Politics & Government
PMC cracks down on infotech company,Business & Economy
Warangal co-op bank's future in jeopardy,Business & Economy
Consumer court gets a decent home at last,Crime & Law/Judiciary
4 held for stealing video recorders from Film City,Entertainment & Lifestyle
AMC school board administrator suspended,Education & Recruitment
Career of many students in jeopardy,Education & Recruitment
Dream to prosper; Kalam to students,Education & Recruitment
CRIME FILE,Crime & Law/Judiciary
Cancer cases at MSU chem dept spread panic,Health
'Dead' boy emerges as 11 'killers' languish in prison,Crime & Law/Judiciary
Govt turns to schools for green campaigns,Education & Recruitment
Storm water has no way out,Weather & Disaster
Absence of black box hampers probe,Crime & Law/Judiciary
Pakistan repatriates 31 Indians at Wagah,International/World
Accusations fly amongst SAD(B); BJP councillors,Politics & Government
ESI hospitals in state worst kept,Health
Truck kills woman,"Society, Religion & Culture"
NCP; Cong differ on judge to head Enron probe,Crime & Law/Judiciary
Minister frowns upon DVC,Politics & Government
Clash in Chapra jail; 2 dead,Crime & Law/Judiciary
Banks struggle with new cheque regime,Business & Economy
Cocaine party host to be questioned,Politics & Government
Bollywood going the Hollywood way!,Entertainment & Lifestyle
Jaish has direct links with Taliban: J&K Police,Crime & Law/Judiciary
Justice Prasad probe panel submits report,Crime & Law/Judiciary
Why was BSF recalled from Veerappan hunt?,Defence & Security
Credit society president held for fraud,Crime & Law/Judiciary
No progress in WB population project,"Society, Religion & Culture"
Defence Pension Adalat to be held in Dec,Defence & Security
JSEB case: Marandi orders to file review petition,Crime & Law/Judiciary
Amthabhai Desai appointed TLA acting president,Politics & Government
Begusarai teachers without salary for 5 months,Education & Recruitment
BJP to fight shy of Telangana issue till '04,Politics & Government
Jan Sangharsh Manch leaders flay liberalisation policy,Politics & Government
Child mental health campaign launched,"Society, Religion & Culture"
Abdullah blames Pakistan for suicide attack,Defence & Security
Police launch hunt to nab SIMI leaders,Crime & Law/Judiciary
Coke seeks IPO waiver for 5 years,Business & Economy
City court intervenes in MSUSU affair,Crime & Law/Judiciary
Rains put an end to tanker days in Sangli district,Weather & Disaster
India briefs envoys on stand against terrorism,Defence & Security
Gang stealing export consignments seized,Crime & Law/Judiciary
38 companies rent out small planes,Business & Economy
PWG takes up mantle of moral police,Crime & Law/Judiciary
Bengali songs close to my heart; says Supriyo,Entertainment & Lifestyle
Gang war claims one,Crime & Law/Judiciary
Jessa Ram Hospital a ghost institution: Report,Health
Candidates for teacher posts turn violent,Education & Recruitment
Chief secys; DGPs to discuss security,Defence & Security
Assembly grieves loss of a popular politician,Politics & Government
RAWA cultural programmes on October 10,"Society, Religion & Culture"
LU student held with revolver,Education & Recruitment
Keshubhai was persuaded not to resign from BJP,Politics & Government
Jobs yes; but where is the employer?,Education & Recruitment
Mumbai HC orders arrest of former minister,Crime & Law/Judiciary
No justification for HC bench: Legal expert,Crime & Law/Judiciary
High court stays regularisation of illegal shops,Crime & Law/Judiciary
Coal consumers stir against CIL policies,Politics & Government
Anti-Naxal drive: 7 dists get funds,Defence & Security
Vice-president visits Dwarka; Somnath,Politics & Government
Woman hurt in road mishap,"Society, Religion & Culture"
Laloo to move court against BCA's derecognition,Crime & Law/Judiciary
Seven schools join in cultural fest,Education & Recruitment
Bachelor of politics; master of political science!,Politics & Government
Terrorist asks for local lawyer,Defence & Security
For asthma patients Delhi is still a nightmare,Health
Drug may stop brain shrinkage,Health
No building for 3;303 primary schools,Education & Recruitment
Two more fall prey to ongoing gang rivalry,Crime & Law/Judiciary
Gandhian non-violence relevant for combating terrorism,Defence & Security
Missing fraudster duped another co-op bank,Business & Economy
Man held for bomb hoax at South Block,Defence & Security
Banks blamed for loan delay,Business & Economy
Pakistan should hand over JeM leaders to India,International/World
CRIME FILE,Crime & Law/Judiciary
Writers' staff arrested for fraud,Crime & Law/Judiciary
New slum policy soon,Politics & Government
Extent of loss leaves mourners speechless,Business & Economy
Scindia represented hopes of students,Education & Recruitment
Pvt bus operators eating into RTC revenue,Business & Economy
Weather conditions were not dangerous,Weather & Disaster
'Dead' boy emerges as 11 'killers' languish in prison,Crime & Law/Judiciary
Univ. bills students for internet services,Education & Recruitment
City unit wants Chavan expelled from party,Politics & Government
Haryana to enact law against illegal colonies,Crime & Law/Judiciary
BJP; Sena unite to fight 'forces of terrorism',Politics & Government
Decline of hockey due to poor management,Sports
Another big blow to Congress,Politics & Government
Children recreate Harappan artefacts in unique event,"Society, Religion & Culture"
State still to locate judge in Enron case,Crime & Law/Judiciary
Crucial Sena meet on civic polls to be held,Politics & Government
Defence man caught trafficking charas,Defence & Security
CM SOLVES: 'Better scribes for blind students',Education & Recruitment
TRAI fixes 5% of gross revenue for USO fund,Business & Economy
Housing project in quake zone,Weather & Disaster
Students of fine arts are a neglected lot,Education & Recruitment
BCC's new tax: More misses than hits?,Business & Economy
One school per km,Education & Recruitment
Lok Pariwartan party floated,Politics & Government
Congress in dire need of young leaders,Politics & Government
Small step for a firm; giant leap for work culture,"Society, Religion & Culture"
Kotla's demise leaves his men high and dry,"Society, Religion & Culture"
Team of air safety wing begins probe,Crime & Law/Judiciary
TTD bans bags in Tirumala temple,"Society, Religion & Culture"
Why don't you teach in class; students ask,Education & Recruitment
2 policemen get bail in riots case,Crime & Law/Judiciary
Central probe sought into Sangh's activities,Crime & Law/Judiciary
Murder of NRI: 2 persons arrested,Crime & Law/Judiciary
Cabinet reviews J&K situation,Politics & Government
Teachers' apathy claims a young life,Education & Recruitment
CPM demands public hearing on PPAs,Crime & Law/Judiciary
Teachers urged to encourage literacy drive,Education & Recruitment
Women in Andhra Pradesh putting on weight,"Society, Religion & Culture"
CCS reviews security scenario,Defence & Security
Christians seek political destiny,Politics & Government
Muzaffarpur police try to justify firing,Crime & Law/Judiciary
Telugu film producers unable to get loans,Entertainment & Lifestyle
9000 students yet to get roll nos,Education & Recruitment
A surgery that requires a combined effort,Health
Rayalaseema police officers to be transferred,Crime & Law/Judiciary
Unemployed Phys Ed teachers of Bellary dist protest,Education & Recruitment
2 Bangalore students drown in sea off Panambur,Education & Recruitment
Police 'patrol' was stealing cars,Crime & Law/Judiciary
Gang of thieves nabbed,Crime & Law/Judiciary
Lull before the storm at BJP; RSS offices,Politics & Government
Elections to BCC; 9 urban local bodies on Nov 11,Politics & Government
TTD bans bags in Tirumala temple,"Society, Religion & Culture"
Birds festival to be held every yea,"Society, Religion & Culture"
Two Pak ultras escape from police custody,Crime & Law/Judiciary
Vilasrao; Congress will attend Scindia's funeral,Politics & Government
Road to Kanaka Durga temple blocked,"Society, Religion & Culture"
Two of Baba's men arrested,Crime & Law/Judiciary
Iranian embassy secy. barred from boarding flight,International/World
Bank staff donate blood on anniversary,Business & Economy
Tax breaks for Great Mall of Hyderabad,Business & Economy
'Harassed' woman consumes pesticide,"Society, Religion & Culture"
Retirement: FACT staffers' petition admitted,Crime & Law/Judiciary
Campaigns confuse students,Education & Recruitment
Students in limbo over delayed forms,Education & Recruitment
Embassy staffer's bag screened,International/World
State govt revokes disciplinary action against teachers,Education & Recruitment
2 fined for power theft,Crime & Law/Judiciary
Enron sells Panna-Mukta stake to British Gas,International/World
BJP demands payment of salaries to teachers by first,Politics & Government
Court seeks proof of SIMI activities,Crime & Law/Judiciary
City BJP chief leads tenants' march,Politics & Government
Children recreate Harappan artefacts,"Society, Religion & Culture"
CMC share price hike needs probe: Shourie,Crime & Law/Judiciary
UB's IT arm expands business portfolio to stand slump,Business & Economy
New sports facilities coming up,Sports
Tribals; govt on collision course,Education & Recruitment
Court seeks proof of SIMI activities,Crime & Law/Judiciary
Savitramma granted bail,Crime & Law/Judiciary
Navratri fest to feature film musicians,Entertainment & Lifestyle
Civil aviation ministry upgrades air crash probe,Crime & Law/Judiciary
Lashing rains wash away Old City roads,Weather & Disaster
Mystery shrouds murder of 2 women in Mysore,Crime & Law/Judiciary
Musi bank slums may be flooded,Business & Economy
Yes Minister: It's a tough job to be minister,Politics & Government
4-member dacoit gang nabbed,Crime & Law/Judiciary
Gill Pati has 'home truths' for policy makers,Politics & Government
Malabar Hill murders: Police yet to bring culprits to book,Crime & Law/Judiciary
Mid-term review of Monetary Policy: RBI,Politics & Government
Viral season worries CMC,Entertainment & Lifestyle
Cabinet nod sought for T&D reforms,Politics & Government
New initiative to promote use of IT in education,Education & Recruitment
I won't join his ministry; says Suresh Mehta,Politics & Government
Acquitted DD official plans criminal suit against CBI,Crime & Law/Judiciary
SIMI activist's case sent to juvenile court,Crime & Law/Judiciary
Doctors tackling brain fever in dist voice their woes,Health
Book Bhaniare for murder: Dal Khalsa,Crime & Law/Judiciary
Legal camp held at central jail,Crime & Law/Judiciary
Govt urged to stop VMC from hiking tax,Business & Economy
Lack of hi-tech hospitals ails thriving industrial belt,Health
NTR varsity's move on course duration flayed,Education & Recruitment
France condemns attack on J&K assembly,Politics & Government
Food-for-work figures bogus,Entertainment & Lifestyle
Misra urges young doctors to be GPs,Health
Security guards held for extortion,Defence & Security
'No religion bars women's development',"Society, Religion & Culture"
Anti-asthma drug to be introduced in Delhi,Health
MUL to offer shares to banks; FIs,Business & Economy
Focus on rural credit at bank fete,Business & Economy
Panel forms working group on e-governance,Politics & Government
Punjabi varsity says 'Yes Prime Minister',Politics & Government
Boeing signs deal for 30 aircraft for China,International/World
Burns hospital opens on Friday,Health
State govt keen on promoting travel; tourism,Entertainment & Lifestyle
Mayor car can sport red light: HC,Sports
Rehab measures for women convicts,"Society, Religion & Culture"
Pakistan spy arrested,Crime & Law/Judiciary
Parties may scramble for Patel votes,Politics & Government
Palghar encounter: Court to hear bail plea,Crime & Law/Judiciary
Energy Conservation Bill gets President's assent,Politics & Government
Biotech park: BJP MLA takes up cudgels,Politics & Government
MVI; three others held in CBI action,Crime & Law/Judiciary
Jharkhand CM; minister on collision course,Politics & Government
Fun World partner shoots himself to death,International/World
PSU selloffs may boost primary market,Business & Economy
RJD supporters burn effigy of RJD minister,Politics & Government
Withdraw ambiguous Act: Congress,Politics & Government
RBI to issue 2nd tranche of market loans,Business & Economy
Opposition uses Chavan's shoulder to fire at PMC,Politics & Government
President gives assent to Energy Conservation Bill,Politics & Government
Visavadar seethes over treatment to Keshubhai,Health
Record profit for handicrafts; handloom exports,Business & Economy
LET'S SAVE CHARMINAR It can withstand a major quake,Weather & Disaster
Pollution Board warns industries,Business & Economy
Hectic political activity on eve of dy mayoral election,Politics & Government
Minister advocates consumersim,Politics & Government
Group C exams: Admn in a fix,Education & Recruitment
Goads farmers to think global,International/World
Community kitchen razed,"Society, Religion & Culture"
No arrest made in 'hijacking' episode,Crime & Law/Judiciary
Fight psyche of terrorism: Mahajan,Defence & Security
IA; A-I plead to raise 3rd party insurance cover duration,Politics & Government
Directory on IT industry in Karnataka soon,Business & Economy
AMC school board chairman tenders resignation,Education & Recruitment
Stanchart to launch debit card; net banking,Business & Economy
Cong may engineer defections for polls,Politics & Government
Patna schools; colleges closed,Education & Recruitment
Two escape from court lock-up,Crime & Law/Judiciary
Political equations may change,Politics & Government
IT firms fail to deliver on job promises,Education & Recruitment
Women play protectors of forests,"Society, Religion & Culture"
Search on for new police chiefs,Crime & Law/Judiciary
Congress boycotts MLAs' meet,Politics & Government
Disasters cost country dear,Weather & Disaster
Car theft kingpin skids into police net,Crime & Law/Judiciary
Rubber trade up despite boycott,Business & Economy
Keshubhai's exit spoils Cong party,Politics & Government
Doctor's murder: 2 held,Crime & Law/Judiciary
Subrata invites Left minister on city tour,Politics & Government
Border states on alert after Khaleda victory,Defence & Security
ISI agent arrested in Manipur,Crime & Law/Judiciary
Use open vehicles during raids: CRPF DG,Defence & Security
No concern for airport security,Defence & Security
Security to be tightened in Ayodhya,Defence & Security
Bill to replace forest ordinance,Politics & Government
Supply of chaff to school stuns House,Education & Recruitment
'Hijack' was a false alarm: Police chief,Crime & Law/Judiciary
Army to intensify drive against militants in J&K,Defence & Security
Rekha: Beauty; unlimited,Entertainment & Lifestyle
Running of pre-primary schools outside AMC limits,Education & Recruitment
Police body to ask for end of rationing,Crime & Law/Judiciary
Insurance referee's job goes abegging,Education & Recruitment
Protest against power tariff hike,"Society, Religion & Culture"
CBI clears Tewari of molestation charge,Crime & Law/Judiciary
Bihar to serve legal notices on 3 states,Crime & Law/Judiciary
Amarsinh grieves over 'loss of a good worker',Business & Economy
American disaster in baul song,Weather & Disaster
BJP rules out change of leadership in Uttaranchal,Politics & Government
Oldest living police officer felicitated,Crime & Law/Judiciary
LEGAL NOTES,Crime & Law/Judiciary
SSC irregularities,Education & Recruitment
Teachers warily praise new NCERT syllabus,Education & Recruitment
Private security agency chief held,Defence & Security
Oppn interested political mileage: Laloo,Politics & Government
Investor protection fund operational from Oct 1,Business & Economy
Teachers' plead for global curricula,Education & Recruitment
Banks must do their bit to rescue farmers,Business & Economy
One more drowned student's body found,Education & Recruitment
Govt hospital staff refuse to be 'uniformed',Health
Integrated defence staff takes shape,Defence & Security
Chief minister stops shoppers' sops,Politics & Government
Hyd-Karnataka action panel plans protests,"Society, Religion & Culture"
India is safe for travel,Entertainment & Lifestyle
SP activists arrested; curfew lifted,Crime & Law/Judiciary
Braving rain mourners pay last homage,Weather & Disaster
Separate toilets in village schools,Education & Recruitment
Global peace vigil in city,International/World
Hectic political activity on eve of mayoral election,Politics & Government
City to get hi-tech food lab,Entertainment & Lifestyle
Pak rupee up on aid hopes,Business & Economy
Woman commits suicide,"Society, Religion & Culture"
PCMC hikes hospital charges,Health
VP for foolproof strategy to check terrorism,Defence & Security
Pawan Hans riding into rough weather,Weather & Disaster
Two constables get temporary bail in bakery firing,Crime & Law/Judiciary
2 suspended for Chapra jail incident,Crime & Law/Judiciary
IIM placements now through video-conferencing,Education & Recruitment
Modi was monitoring by-election results village,Politics & Government
Deras to play key role in polls,Politics & Government
Tehelka apologises for allegations against former minister,Politics & Government
NCERT lightens school load,Education & Recruitment
BJP goes for generational change,Politics & Government
Probe ordered into shoddy construction,Crime & Law/Judiciary
Mobile van to treat heart attacks,Defence & Security
Love-affair ends in tragedy,Entertainment & Lifestyle
Chinese PM cancels visit to Delhi,International/World
Police gather clues in junior artiste's killing,Crime & Law/Judiciary
Deputy mayor election in VMC postponed,Politics & Government
Industry welcomes hike in duty drawback rates,Business & Economy
Modus operandi of govt land scam detected,Crime & Law/Judiciary
Anti-terrorism law will have safeguards,Crime & Law/Judiciary
Child's abnormalaties may be mental retardation,"Society, Religion & Culture"
Cabinet sops for the saffron devout,Politics & Government
E-governance launched in Basti,Politics & Government
Modi may trim ministry,Politics & Government
MLA absconding; who is looking for him anyway!,Politics & Government
Pre-dawn hijack a comedy of terror,Defence & Security
RAWA cultural fete on Oct 10,"Society, Religion & Culture"
IDBI to submit 'universal banking' soon,Business & Economy
Malaysia to learn from success of Bollywood,Entertainment & Lifestyle
Phoolan murder accused sent to police custody,Crime & Law/Judiciary
Privatisation no remedy for health sector,Health
A'bad police control room set to be paperless,Crime & Law/Judiciary
Police attaches criminal's property,Crime & Law/Judiciary
DM lambasts revenue officials,Business & Economy
Sinha to put economy on steroids,Business & Economy
BJP; RSS big-wigs to attend swearing-in,Politics & Government
Modi's return brings unity moves in Congress,Politics & Government
Court allows Shah's transfer to another hospital,Crime & Law/Judiciary
2 arrested while selling weapons,Crime & Law/Judiciary
Book Bhaniara; followers for murder: Talwandi,Crime & Law/Judiciary
Hughes Tele posts net loss in Q2,Business & Economy
GMRT dedicated to 'scientific community',"Society, Religion & Culture"
Deputy mayor election in VMC postponed,Politics & Government
No to Durga idols in police stations,Crime & Law/Judiciary
Spurned lover attacks girl's brother,Defence & Security
Police chief calls for slum demolition near airport,Crime & Law/Judiciary
BJP goes for a generational change,Politics & Government
CMC share price probe to help sell-off,Crime & Law/Judiciary
BJP; RSS big-wigs to attend swearing-in,Politics & Government
High cost of plastic surgery brings NRGs home,Health
Violence raises its head on campus,Education & Recruitment
Checking terrorism with yoga; music; love,Entertainment & Lifestyle
Pre-dawn hijack a comedy of terror,Defence & Security
School in panic after burqah warning,Education & Recruitment
Congress demands Hussain ouster,Politics & Government
Pakistani spy arrested in UP,Crime & Law/Judiciary
Uco Bank revises interest rates on term-deposits,Business & Economy
Meet on internal security today,Defence & Security
GT road blocked over death of youth,"Society, Religion & Culture"
Non-BJP parties mourn Scindia; others,Politics & Government
Children's Film Society to set up resource wing,"Society, Religion & Culture"
BJP welcomes ban on SIMI,Politics & Government
Modi may trim ministry,Politics & Government
School clerk booked for embezzlement,Education & Recruitment
Terrorism in India part of votebank politics: Marandi,Politics & Government
Social welfare camp for poor organised,"Society, Religion & Culture"
BJP will miss Scindia in LS,Politics & Government
NCERT lightens school load,Education & Recruitment
Police can make a killing from security cover,Crime & Law/Judiciary
City son shares secret of success,Business & Economy
Prasad to probe Muzaffarpur firing,Crime & Law/Judiciary
Hasil runs into controversy over script,Sports
Outspoken minister miffs city doctors,Politics & Government
Self-grading for teachers,Education & Recruitment
DU Pont eyes crop protection business,Business & Economy
BSNL to recruit telemarketing agents,Education & Recruitment
PMC's water tax arrears may touch Rs 115 cr.,Business & Economy
BCC under loss despite hike in water charges,Business & Economy
Congress looks for Scindia successor,Politics & Government
Bill to waive remaining sanctions against India,Politics & Government
New zones will increase police presence,Crime & Law/Judiciary
Advani warns states against terrorist strikes,Defence & Security
Sonia cancels China visit,International/World
At this wedding; see the best of bridal wear,Entertainment & Lifestyle
Sankeshwar bandh in honour of slain soldier,Defence & Security
DYFI demands action against govt's policies,Politics & Government
Congress leaders condole Scindia's death,Politics & Government
Incessant rain hits normal life,Weather & Disaster
Protest by bar association in Rajkot,"Society, Religion & Culture"
Hyundai launches Accent Tornado,Weather & Disaster
Women charges MC president with rape,Crime & Law/Judiciary
4 arrested SIMI activists granted bail,Crime & Law/Judiciary
Probe ordered into UP Handloom bungling,Crime & Law/Judiciary
No declared consumer policy in India: Experts,Politics & Government
ABA urges CBI probe into role of MNCs,Crime & Law/Judiciary
UP Tourism to market city as literary centre,Business & Economy
Replace octroi with civic tax; says chamber,Business & Economy
India opposes US arms supply to Pakistan,Defence & Security
Gangs under control; says police chief,Crime & Law/Judiciary
20;000 jobs for tech unemployed,Education & Recruitment
No foreign bank account of Laloo; Rabri: CBI,Crime & Law/Judiciary
Rally against war tells US to give proof,Defence & Security
SC transfers 36 fodder scam cases to Jharkand,Crime & Law/Judiciary
Bomb scare creates panic in Sony office,Defence & Security
BJP; RSS big-wigs to attend swearing-in,Politics & Government
Sonata restructures business model to handle meltdown,Business & Economy
Hi-tech food lab coming,Entertainment & Lifestyle
IA; A-I pilots can't join foreign air taxis: SC,International/World
Rains choke traffic; waterlog colonies,Weather & Disaster
Bomb hoax in ITI building,Defence & Security
NCP retains control over coop. bank,Business & Economy
BJP goes for a generational change,Politics & Government
Johnnie Walker saunters into open markets,Business & Economy
LEGAL NOTES 'Whip concept applicable to local bodies',Crime & Law/Judiciary
Fast track courts a non-starter in Rohtas,Crime & Law/Judiciary
Modi resigns as BJP general secretary,Politics & Government
Gang of criminal busted,Crime & Law/Judiciary
Crime against women resented,Crime & Law/Judiciary
Chauhan to launch party in Nov,Politics & Government
Women assured of all help,"Society, Religion & Culture"
Modi's best bet to enter Assembly?,Politics & Government
Hijack into terror,Defence & Security
Daylight robbery at LIC office,Crime & Law/Judiciary
Gaya College raises Rs 1 cr internally,Education & Recruitment
Naidu goes slow on Cabinet expansion,Politics & Government
Heavy rains cut off road links with Darjeeling,Weather & Disaster
FIR against PS on minister's complaint,Crime & Law/Judiciary
No stopping temple construction now: Togadia,"Society, Religion & Culture"
Banks play truant with revival package for SSI units,Business & Economy
Trivial quarrel leads to murder,Crime & Law/Judiciary
Diamond industry wants global trade centre,Business & Economy
Ukraine team visits Vizag plant,International/World
Police raid SP office in city,Crime & Law/Judiciary
Sarin to smallpox: Can we handle bio-terrorism?,Defence & Security
He took to crime despite dad's wealth,Crime & Law/Judiciary
Policemen reiterate decision on medals,Sports
WEEKEND DIARY Echoes of the war in Kolkata,Defence & Security
CBI seeks governor's nod to prosecute Laloo,Crime & Law/Judiciary
PU Syndicate elections: Many stalwarts join fray,Politics & Government
INA's soldier lives in oblivion in Vadodara,Defence & Security
Congress needs captain Priyanka,Politics & Government
SUNDAY BRUNCH WITH KARAN JOHAR How he learnt to stop worrying & love the movies,Entertainment & Lifestyle
CBI told to probe role of AG's office in fodder scam,Crime & Law/Judiciary
16 more animal husbandry dept scam cases may go to Jharkhand,Crime & Law/Judiciary
Telangana is not possible; feels BJP,Politics & Government
Assembly clerk is a crorepati,Politics & Government
Cong leader's murder: 30 booked,Crime & Law/Judiciary
Ministry-making may not be easy,Politics & Government
Teachers to boycott classes,Education & Recruitment
Trade unions stand by oustees,Business & Economy
State Disaster Management Agency to have all modern gadgets,Weather & Disaster
Only military weapons won't work,Defence & Security
HEADS & TALES/KHALEDA ZIA No political greenhorn,Politics & Government
When life runs on borrowed money,Sports
Patels may hit after ministry is formed,Politics & Government
ENCOUNTER/ROBERT D. BLACKWILL 'We are interested in terrorism wherever it is incubated',Defence & Security
New wheels for police,Crime & Law/Judiciary
Police recover motorcycle,Crime & Law/Judiciary
Vacuum in air security,Defence & Security
Most govt schools; colleges have no NCC wing,Education & Recruitment
Pakistan a big brother to Taliban,International/World
High Court order in Bleach case,Crime & Law/Judiciary
Airline industry battles to survive crash,Business & Economy
3 Indians in Fortune-50 list of powerful women,"Society, Religion & Culture"
CBI raids unearth bank fraud cases,Crime & Law/Judiciary
Delhi court rejects bail plea of SIMI activists,Crime & Law/Judiciary
Final Anti-dumping duties imposed on Iran; UAE,International/World
JNU students smell rat over costly IT course,Education & Recruitment
OU students find the going tough for projects,Education & Recruitment
Is it curtains for the Congress now?,Politics & Government
New house tax rules cancelled,Business & Economy
Frequent student clashes mar Osmania varsity landscape,Education & Recruitment
FIPB kills Coke's plea to skip IPO,Business & Economy
MEN & IDEAS/GURCHARAN DAS The terrorists are inside,"Society, Religion & Culture"
How to handle human bombs,Defence & Security
AMC commandant visits War Memorial,Defence & Security
CRIME FILE,Crime & Law/Judiciary
16 militants; 4 soldiers among 26 killed in J&K,Defence & Security
Making a sound investment in TVs,Business & Economy
Court rejects bail plea of SIMI activists,Crime & Law/Judiciary
Police in a tizzy,Crime & Law/Judiciary
Tehelka chief apologises to Ahmedabad MP,Politics & Government
Teachers unsure about new syllabus,Education & Recruitment
LCA pilot wins international accolades,International/World
141 doctors get marching orders,Health
Tenants leave God a pauper at Guntur temple,"Society, Religion & Culture"
Indulge in active defence,Defence & Security
Fight terrorism on economic front,Business & Economy
Cabinet finalises transparency law,Crime & Law/Judiciary
Congress looks for Scindia successor,Politics & Government
Industry hit by cement price hike,Business & Economy
Air Force Day celebrations,Defence & Security
Social boycotts in Vizag condemned by BC body,"Society, Religion & Culture"
Commuters should help police to foil terror strikes,Crime & Law/Judiciary
ON THE ALERT Passenger support for security,Defence & Security
How India can win its war against terror,Defence & Security
Councillor's hearing on Tuesday,Crime & Law/Judiciary
Contractors steal projects from women,"Society, Religion & Culture"
Rain; waterlogging hit normal life in Muzaffarpur,Weather & Disaster
Govt markets 'made in prison' goods,Crime & Law/Judiciary
Arms seized; seven gang members held,Crime & Law/Judiciary
IN BLACK & WHITE Does India need a separate defence minister?,Politics & Government
CBI seeks sanction in fresh case,Crime & Law/Judiciary
Confusions galore on Gr C exam eve,Education & Recruitment
Why Pakistan can't control its jehadis,International/World
India should attack terrorist training camps: RSS,Defence & Security
Strike forces students to attend extra classes,Education & Recruitment
Kachcha Baniyan gang kills four in Pratapgarh,Crime & Law/Judiciary
Vet college case begs for attention,Education & Recruitment
Woman kills son in A'bad,"Society, Religion & Culture"
More rains likely to lash state,Weather & Disaster
Family to get damages after 13 years,"Society, Religion & Culture"
More policemen taking to crime,Crime & Law/Judiciary
Microsoft India's Q1 business on track,Business & Economy
No sales tax on mobile cash cards: HC,Business & Economy
Rajgir Festival may be a sheen-shorn affair,"Society, Religion & Culture"
Film personalities march for sight,Entertainment & Lifestyle
Vigilance detects fraud worth crores in Guntur,Crime & Law/Judiciary
Ayurvedic hospital in Rohini,Health
Take the joint CSIR-UGC test,Education & Recruitment
Shadow of war will fall on India:Gujral,Defence & Security
Rains not enough to ease drought,Weather & Disaster
DSPs seek CBI probe into killing of policemen,Crime & Law/Judiciary
Film personalities join 'March for sight',Entertainment & Lifestyle
Retail trade left dancing in the dark,Business & Economy
MSU faculty to provide vital info to industry,Business & Economy
RIL in top 50 transnational companies list,Business & Economy
Hearing on Sanjay Dutt case tomorrow,Crime & Law/Judiciary
Demand up for cancer insurance,Health
Rape victim denies Modi; Rabri gave her money,Crime & Law/Judiciary
5 warders of Chapra jail suspended,Crime & Law/Judiciary
SUNDAY SPECIAL Retail feels the pinch as buyers back off,Business & Economy
City students brush up for Champ quiz,Education & Recruitment
Inflation at 4.86%; touches 26-week low,Business & Economy
Hectic day for new chief minister,Politics & Government
Roads awash with rain water,Weather & Disaster
MUSING Personality and Creativity among students,Education & Recruitment
Corporate Awareness,Business & Economy
INNER GRACE Terrorism: The cause and the remedy,Defence & Security
BKS protest against WTO agreement,"Society, Religion & Culture"
Indian auto makers should form global JVs,International/World
Staging a love story to save a heritage,Entertainment & Lifestyle
LG doctors bugged by bug in soup,Health
PMCH girls withdraw FIR after persuasion,Crime & Law/Judiciary
Acquire French degree,Education & Recruitment
Scholarship watch,Education & Recruitment
Sangma to chair observer group for Gambia polls,Politics & Government
TDP gears up for municipal elections,Politics & Government
Campus Vignettes,Education & Recruitment
Urban stress alone can't lead to murder: Expert,Crime & Law/Judiciary
Repair of quake-damaged slum quarters flawed,Weather & Disaster
HC quashes minister's order disqualifying councillor,Politics & Government
Global war needs global solutions: PM,International/World
Women pickpockets on the prowl,"Society, Religion & Culture"
Terror-struck media returns to form,Defence & Security
Talks on for IOC; ONGC; GAIL; IPCL merger,Business & Economy
Introduction of astrology in varsities opposed,Entertainment & Lifestyle
Foreign funding of dubious groups to be checked,International/World
Delegation lodges protest over KPT terminal,"Society, Religion & Culture"
Police top brass has money stashed in Krushi: YSR,Crime & Law/Judiciary
Mobile cash card not taxable for sales tax,Business & Economy
Undertrial's death probe on Oct 10,Crime & Law/Judiciary
3 teachers suspended in stripping case,Education & Recruitment
Flood fury in Supaul; Madhubani villages,Weather & Disaster
Bhujbal pats railway police,Crime & Law/Judiciary
A cultural tribute to Mukkarram Jah,"Society, Religion & Culture"
Two policemen get temporary bail,Crime & Law/Judiciary
MCD to recruit all short-listed teachers,Education & Recruitment
India will have to fight terrorism on its own,Defence & Security
Mobile hospital van,Health
Round-the-clock vigil in Moga; 10 arrested,Crime & Law/Judiciary
Cong demands judicial probe into Krushi scam,Crime & Law/Judiciary
This war will destroy US: Shahi Imam,Defence & Security
Strikes to have little impact on economy,Business & Economy
Telco eyes overseas market,Business & Economy
The art of side-stepping questions,"Society, Religion & Culture"
Adik's tour aimed at boosting party morale,Politics & Government
Sycophancy and worse: Punjabi University sets ballet to PM's verse,Education & Recruitment
Hungry Afghans showered with 'foreign' food,Entertainment & Lifestyle
Farmers to blame for suicides says BJP,Politics & Government
Amitabh Bachchan: Turning bank robber; twice over,Business & Economy
Varsity students get their free web back,Education & Recruitment
Bomb scare in Delhi High Court,Crime & Law/Judiciary
UAS row: Oppn demands judicial probe,Crime & Law/Judiciary
Tandoor case accused denied bail,Crime & Law/Judiciary
Late rains come as a boon to state,Weather & Disaster
US counter-attack no solution to the problem,Defence & Security
Stay on school panels leaves govt in limbo,Education & Recruitment
System of governance needs change,Politics & Government
3 held for gang rape,Crime & Law/Judiciary
Policewoman wins gender parity battle,"Society, Religion & Culture"
Congress slams Govt for poor diplomacy,Politics & Government
Crime branch busts immigration racket,Crime & Law/Judiciary
Bomb hoax in west Delhi school,Education & Recruitment
1;609 primary school buildings by 2004; Centre releases fund,Education & Recruitment
Hepatitis-B vaccination in 6 districts,Health
Brisk business at Mahila Udyog Mela,Business & Economy
Rift in Badal ministry over sacrilege issue,Politics & Government
Mother's name in forms: Woman cop wins fight,"Society, Religion & Culture"
Idol-snatchers happy to be arrested,Crime & Law/Judiciary
NFC says it meets international safety standards,International/World
New zones will increase police presence,Crime & Law/Judiciary
RJD leaders trying to influence judiciary,Crime & Law/Judiciary
Many chinks remain in city's security cover,Defence & Security
College moves HC for okay letter from state,Education & Recruitment
Govt stakes claim on colleges; DU protests,Education & Recruitment
Police strengthened against underworld,Crime & Law/Judiciary
College opens centre for women's studies,Education & Recruitment
New policy to provide houses for disabled: CM,Politics & Government
Heart diseases higher in Kerala,Health
Parents veto govt's school fee plan,Education & Recruitment
A Real; Hommade recipe,Entertainment & Lifestyle
Supreme court's ruling angers trade unions,Crime & Law/Judiciary
Bucking the e-security trend in SME space,Defence & Security
Kidnapped youth still traceless,"Society, Religion & Culture"
New chairman takes over at AMC school board,Education & Recruitment
Rally against US-UK action; Bush's effigy burnt,International/World
Govt. initiative aims at healthier population,"Society, Religion & Culture"
Court rejects bail plea of JKIF militants,Crime & Law/Judiciary
Abrogate Art 370: RSS,"Society, Religion & Culture"
CPM chief whip beats up Medical College super,Education & Recruitment
Left opposes US action; Congress plays safe,Politics & Government
Mayor; Chhajed mount counter-attack,Defence & Security
Rain-drenched week sorts out water crisis,Weather & Disaster
Govt to strengthen Unani; ayurvedic medical colleges: Gaur,Education & Recruitment
Group C exam passes off peacefully,Education & Recruitment
COAI spent 43% of income on legal cases,Crime & Law/Judiciary
Sanjay Dutt alleged conspirator of 1993 blasts,Defence & Security
Bomb scare stalls work at HC,Defence & Security
Sales; trade tax lawyers to intensity stir,Business & Economy
World peace satsang,International/World
Rains cause power failure in parts of city,Weather & Disaster
Bhaniara in judicial custody till Oct 22,Crime & Law/Judiciary
'Crorepati' blames MLA for his misery,Politics & Government
12 people killed in heavy rains,Weather & Disaster
Secratariat security guard assaulted,Defence & Security
Police foil extremists' bid; unearth landmine in Garhwa district,Crime & Law/Judiciary
Rain God's shower blessings on TTD,Weather & Disaster
Probe ordered in coal supply to fake industries,Crime & Law/Judiciary
Woman sets herself; kids ablaze,"Society, Religion & Culture"
Chaudhary writes to governor to summon Assembly,Politics & Government
Governor Ramadevi's husband passes away,Politics & Government
Court clears detention of drug peddlers,Crime & Law/Judiciary
Kerala HC dismisses pleas on MBBS admissions,Education & Recruitment
Private hands to clean Punjab's civil hospitals,Health
'Hijack' FIR is a bland document,Crime & Law/Judiciary
Migration of birds may be affected,"Society, Religion & Culture"
CPM activists beat up hospital official,Health
6;000 communities to get IT booths,"Society, Religion & Culture"
Children orphaned in a disaster need to be rehabilitated,Weather & Disaster
Miraculous escape for 300 girls as school roof caves in,Education & Recruitment
Modi asks to help improve party image,Politics & Government
State on alert; Border Range without DIG,Defence & Security
Police brace up to avoid trouble during Dussehra,Crime & Law/Judiciary
ILD players seek unlimited competition,Sports
Mahua villagers sore over poor flood relief,Weather & Disaster
Road blockade stir by left parties,Politics & Government
Housing society rules flouted to get sites,"Society, Religion & Culture"
Dalit society fragmented,"Society, Religion & Culture"
No loudspeakers after deadline rules high court,Crime & Law/Judiciary
Court deals with Bharat Biotech's Hepatitis-B vaccine,Crime & Law/Judiciary
The contact lens market is humongous,Business & Economy
Hotel owner denied bail in cocaine case,Crime & Law/Judiciary
Women's health central to FP programme,"Society, Religion & Culture"
DU flays govt move to take over colleges,Education & Recruitment
Staines murder case adjourned till Wednesday,Crime & Law/Judiciary
Health minister Aruna gives in to nurses' demand,Politics & Government
18 illegal Bangla migrants get judicial custody,Crime & Law/Judiciary
War makes dry fruits costly,Defence & Security
Madhavan: Love is all around!,Entertainment & Lifestyle
Indian hospital for Afghan refugees,Health
Travel sector struggles to manage crisis,Entertainment & Lifestyle
Minister's order removing Roha councillor set aside,Politics & Government
Rain deaths: CM orders cash relief,Weather & Disaster
This one's to the family,"Society, Religion & Culture"
Jaswant speaks to his Chinese counterpart,International/World
Private players cool to DVB sell-off,Sports
LUSU leader arrested,Crime & Law/Judiciary
Rain-drenched week sorts out water crisis,Weather & Disaster
Two children die in accidents,"Society, Religion & Culture"
Mental Health Week to be celebrated online,Health
UAS students; faculty will depose today,Education & Recruitment
Govt. hospital to charge more for blood,Health
UP cricket's bubble bursts,Sports
Ruling on Tehelka tapes reserved,Politics & Government
A bumpy road ahead for mega oil merger,Business & Economy
War launched; but what next?,Defence & Security
Court quashes ban on Godse play,Crime & Law/Judiciary
Aamir has seasoned as an actor,Entertainment & Lifestyle
GoM discusses state funding of polls,Politics & Government
Firing done to please minister; say villagers,Politics & Government
Shame on US for starting the war,Defence & Security
Software exports to get hit if attacks continue,Defence & Security
Notice to police; CoD over youth's death,Crime & Law/Judiciary
No plans to merge with Congress: Vasan,Politics & Government
Can we handle bio-terrorism?,Defence & Security
Old City sees America as superbully,International/World
Mangeshkar hospital ready for inauguration,Health
First drought; and now his daughter may lose sight,Weather & Disaster
Hardware units slam luxury tax,Business & Economy
Kabuliwalar bou mulls legal action,Crime & Law/Judiciary
Sanjay Dutt had 'guilty' mind: CBI,Crime & Law/Judiciary
Sorties put police on high alert,Crime & Law/Judiciary
Police know identity of some instigators,Crime & Law/Judiciary
BCC polls likely to be put off,Politics & Government
Panicked; Sikhs flee Afghanistan,International/World
India helped FBI trace ISI-terrorist links,Defence & Security
Naina Sahni murder: Co-accused denied bail,Crime & Law/Judiciary
Museum decked up for Nizam's jewellery show,"Society, Religion & Culture"
Jaswant briefs cabinet on US attacks,Politics & Government
BPCL says no to investment-oriented growth,Business & Economy
Police seize panchaloha idols from doctor's clinic; 4 held,Crime & Law/Judiciary
6 missing students from Bhandup return home,Education & Recruitment
Learning from Hollywood,Entertainment & Lifestyle
Bomb scare at Begumpet Airport,Defence & Security
New political party formed in Manipur,Politics & Government
Bomb hoax in three city establishments,Defence & Security
Air Force stations in city put their skills on display,Defence & Security
It's viral fever season; but don't worry,Entertainment & Lifestyle
India Inc. reels under recession; war,Defence & Security
Parents opposed to income-based school fees,Education & Recruitment
Collection of tax under SAS made easier,Business & Economy
Neera protest at Channapatna turns violent,"Society, Religion & Culture"
Police official's wife consumes poison; dies,Crime & Law/Judiciary
Exemptions sought for small industries,Business & Economy
Judicial probe into firing; SI suspended,Crime & Law/Judiciary
IFCI may tie-up with banks,Business & Economy
Chance arrival of police prevents burglary,Crime & Law/Judiciary
Grant to repair quake-hit roads in Gandhidham,Weather & Disaster
Finance dept blamed for poor show on govt schemes,Business & Economy
Families of US attack suspects on tenterhooks,Defence & Security
AP a treasure-trove of Jain culture: Book,"Society, Religion & Culture"
War risk premium put on all carriers,Defence & Security
BSE overlooked rules during scam period: JPC,Crime & Law/Judiciary
BJP Manipur secretary; former president resign,Politics & Government
'NDA govt delaying women's Bill',Politics & Government
Actor Sankarady cremated,Entertainment & Lifestyle
MSU teachers unite to fight student leader,Education & Recruitment
2 SIMI men held in Bijapur,"Society, Religion & Culture"
Modi asks BJP workers to help improve party image,Politics & Government
Bir Burning: Badal ready for probe,Crime & Law/Judiciary
US-UK bombing on Afghanistan decried,International/World
Security revamp at Assembly,Politics & Government
Congress to take up non-compliance of EC directives,Politics & Government
African film fest from Oct. 14,Entertainment & Lifestyle
New property tax bills in city,Business & Economy
City strategic for relief transit,Defence & Security
Campaign shaping well; says Congress,Politics & Government
Mulayam questions US attack on Afghanistan,Defence & Security
MRTPC exonerates Sun Pharma,Health
Disaster Day campaign now covers terrorism; bombings,Weather & Disaster
KoPT armed with new land policy,Politics & Government
SIMI activists denied bail,Crime & Law/Judiciary
World Peace rally on Oct 22,International/World
Teachers to double up as eye 'specialists' too,Education & Recruitment
In Mumbai; there is gender bias in sickness too,"Society, Religion & Culture"
Govt doctors doing pvt practice to be penalised,Health
Infosys Q2 profit up 31%; beats expectations,Business & Economy
Police streamline passport verification,Crime & Law/Judiciary
Higher education must be merit-based,Education & Recruitment
Modi and the art of side-stepping questions,"Society, Religion & Culture"
Anti-dumping duties against China; Taiwan,International/World
Abu Salem had given firearms to Dutt: CBI,Crime & Law/Judiciary
Patna police play to M-Y chemistry,Crime & Law/Judiciary
Doctors' fear turns to reality,Health
Conflicting reports sent to government,Politics & Government
Russian dance troupe in city,International/World
Rusty grenade stumps police,Crime & Law/Judiciary
High Court issues notices in tribal land sale case,Crime & Law/Judiciary
Judicial probe into Enron ruled out,Crime & Law/Judiciary
JU teachers protest five-day week,Education & Recruitment
Woman sets herself ablaze after a tiff,"Society, Religion & Culture"
6 held over doctor couple's murder,Crime & Law/Judiciary
Traffic circle lose corporate patronage,Business & Economy
LEGAL NOTES,Crime & Law/Judiciary
Adopt-a-school scheme gets enthusiastic response,Education & Recruitment
State on alert; Border Range without DIG,Defence & Security
State wakes up slowly to threat of bio-attack,Defence & Security
An art for living's sake,"Society, Religion & Culture"
Airbus lost orders due to terror attacks,Defence & Security
Jaspal Singh may never make it ministry,Politics & Government
CM rejects NCP plea for probe into Enron dispute,Crime & Law/Judiciary
Probe corruption in civil supplies dept,Crime & Law/Judiciary
HC notices in tribal land sale case,"Society, Religion & Culture"
2 held for cheating bank of Rs 40 lakh,Business & Economy
Quake-hit residents meet AMC officials,Weather & Disaster
CRIME FILE,Crime & Law/Judiciary
Police officer suspended for taking bribe,Crime & Law/Judiciary
US counter-attack no solution to problem; feel many,Defence & Security
Collector agrees to relocate govt school,Education & Recruitment
A virus that can slow down HIV's growth,Health
Dalit girl raped,"Society, Religion & Culture"
Court order lifts ban on Godse play,Crime & Law/Judiciary
Bunglings in state medical colleges: CAG,Education & Recruitment
Jaspal Singh may never make it to Modi ministry,Politics & Government
Modi to attend Champaner garba festival at Pavagadh,"Society, Religion & Culture"
SP state chief ridicules BJP MLAs,Politics & Government
Junior artiste's murder mystery solved,Crime & Law/Judiciary
Muslim League caution over war,"Society, Religion & Culture"
Children march in rally to highlight mental health,"Society, Religion & Culture"
Centre gives nod to probe attempt on Tejpal,Crime & Law/Judiciary
Beauty pageant at Chowdiah on Oct 17,Entertainment & Lifestyle
Police sound red alert in state,Crime & Law/Judiciary
BJP to hold Dalit Utthan rally in Basti,Politics & Government
Police prevent immolation,Crime & Law/Judiciary
Youth to sit on fast-unto-death for civic amenities,"Society, Religion & Culture"
Intellectuals rap US war efforts,Defence & Security
Cyclone intensifying in Arabian Sea,Weather & Disaster
Gold medals for students from B'lore south,Education & Recruitment
War: CM voices concern for Keralites,Defence & Security
Bank unions oppose privatisation,Business & Economy
Bear seized on Maneka's order released on 'bail',Crime & Law/Judiciary
KPTC finds power theft at mill,Crime & Law/Judiciary
Students apprehensive about getting U.S. visas,Education & Recruitment
Rlys officials from Iran visit RDSO,International/World
Waste mgmt norms thrown out at SSG Hospital,Health
State government hikes court fees,Crime & Law/Judiciary
Interest in ancient temple worries heritage experts,"Society, Religion & Culture"
Health minister gets cracking,Politics & Government
Miscreants lob bombs; open fire at police,Crime & Law/Judiciary
High court asks LNMU VC to file counter-affidavit,Crime & Law/Judiciary
Stress in times of war,Defence & Security
Women here can dance their heart out!,"Society, Religion & Culture"
Women activists' dharna at SSP's residence,"Society, Religion & Culture"
Youth's body found; prisoner dead,"Society, Religion & Culture"
Opposition launches united attack,Politics & Government
Unlicensed guest houses pose security problem,Defence & Security
Civil defence panel mobilised,Defence & Security
New property tax bills in city,Business & Economy
Assault unleashes doctors' anger,Health
Leaders weigh rewards of war,Defence & Security
Mouthful of promises; no relief for teachers,Education & Recruitment
4 more courts for fodder scam cases,Crime & Law/Judiciary
Symposium to identify jobs for disabled,Education & Recruitment
Astrology is a science; says expert,Entertainment & Lifestyle
Quack arrested from hospital,Crime & Law/Judiciary
Auto-lifters' gang busted in Kheri,Crime & Law/Judiciary
Petition on thermometers,Crime & Law/Judiciary
Crime branch busts immigration racket,Crime & Law/Judiciary
Government responsible for SC remarks,Politics & Government
I was not involved in hospital row,Health
Tax raid at jeweller's yields Rs 15 crore,Business & Economy
BJP organisational changes on hold,Politics & Government
Hectic preparations for BJP youth meet,Politics & Government
Russia backs India's stand on cross border terrorism,Defence & Security
Bomb experts to guard city airport,Defence & Security
Madhyamik review; scrutiny results published,Education & Recruitment
States asked to set up women's commissions,"Society, Religion & Culture"
IMA holds dharna over attack on superintendent,Defence & Security
Government working to be put under microscope,Politics & Government
Bail rejected for Pathak murder accused,Crime & Law/Judiciary
OVL projects Rs 640cr profit by 2005-06,Business & Economy
Probe sought into power board losses,Crime & Law/Judiciary
Society secretary held in cheating case,"Society, Religion & Culture"
Main accused in ISD racket case held,Crime & Law/Judiciary
Debate on economic slowdown in US,Business & Economy
Correspondence degree exam timetables sent,Education & Recruitment
Bombings ground foreign-bound Navratri troupes,International/World
Advocates lock court premises in Rajkot,Crime & Law/Judiciary
Primary teachers meet Buddha,Education & Recruitment
Loss due to rains put at Rs 151cr,Business & Economy
BJP wants to limit my movement: Kalyan,Politics & Government
Lycos Asia logs out of India,International/World
India should focus on economic strength,Business & Economy
Pak could use nuclear weapons in war: Omar,Defence & Security
3 held for raping teenager under pretext of marriage,Entertainment & Lifestyle
Dacoits beat up family in Wanowrie,"Society, Religion & Culture"
Elopement case puts police in a spot,Crime & Law/Judiciary
Tryst with heritage for tourists,"Society, Religion & Culture"
Sensex closes at 2;944; up 47 points,Business & Economy
Uddhav opens Sena election office,Politics & Government
Congress urges urgent repairs at Aga Khan palace,Politics & Government
Police swarm Osmania campus,Crime & Law/Judiciary
Bomb explosion injures three in Agra,Defence & Security
Gowda declares war,Defence & Security
Social security schemes put govt in tight spot,"Society, Religion & Culture"
Doctors lament lack of knowledge,Health
Gulf flights bring news of business as usual,Business & Economy
FESTIVAL TRIVIA,"Society, Religion & Culture"
Porters help tackle crime,Crime & Law/Judiciary
Censor stalls film on Brahmins,Entertainment & Lifestyle
Oriflame India to become total arm of parent company,Business & Economy
Fake arms licences: DGP assures action,Defence & Security
Is Shree Laxmi bank going Madhavpura way?,Business & Economy
Narendra was a self-willed boy: Teachers,Education & Recruitment
Krishna stands by his 39-man army,Defence & Security
Mobile bank helping women to save,Business & Economy
Keshubhai camp interested in retaining ministry,Politics & Government
Israeli woman held before boarding El Al plane,"Society, Religion & Culture"
Savant orders hospital; police to file affidavits,Crime & Law/Judiciary
11 men arrested for selling girls to brothels,Crime & Law/Judiciary
Modi for selection not election,Politics & Government
Rs 19 cr for promotion of sports in state,Sports
Akkas; thangis invited to Rangayana's theatre festival,"Society, Religion & Culture"
BSF patrol ambushed; 4 killed in Kashmir,Defence & Security
Vadodara cricket's dark day,Sports
Rewind; play: Films on terrorism; patriotism set for re-run,Entertainment & Lifestyle
Govt doctors doing pvt practice to be penalised,Health
Action against IA technician after investigation,Crime & Law/Judiciary
Neera firing deaths amount to murder: KRRS,Crime & Law/Judiciary
Mediamen protest assault on cameraman,"Society, Religion & Culture"
VHP renews plea for temple,"Society, Religion & Culture"
CM dares SP; Cong to move court on SIMI,Crime & Law/Judiciary
Fresh quota list finalised for BCC polls,Politics & Government
11 Nepalis held for flesh trade,Business & Economy
Hearing on petition deferred,Crime & Law/Judiciary
HDFC buys 12.33 lakh equity shares of Hind Oil,Business & Economy
Breakaway LCP to have truck with BJP,Politics & Government
States asked to hand over ESI hospitals to Centre,Health
Privatisation policy mired in sleaze,Politics & Government
CM wants single agency to handle airport security,Defence & Security
Woman with arms caught before boarding flight,"Society, Religion & Culture"
Police launch hunt for SIMI leader,Crime & Law/Judiciary
BJP organisational changes on hold,Politics & Government
CBI officials to visit Malaysia in Bofors case,Crime & Law/Judiciary
Viral fever rampant; thin attendance at offices,Entertainment & Lifestyle
Population down; literacy up,"Society, Religion & Culture"
Another cyclone hovering the Arabian Sea,Weather & Disaster
Rains bring relief,Weather & Disaster
Will needed to solve child labour,"Society, Religion & Culture"
Preparations on for BJP Yuva Morcha function,Politics & Government
Anti-war protests continue in city,"Society, Religion & Culture"
Lucknow varsity plans 'rashtra gaurav' course,Education & Recruitment
TDP gears up for MCH polls,Politics & Government
US bombs leave city's dry fruit retailers high and dry,Defence & Security
Municipal schools set to turn over a new leaf,Education & Recruitment
Advocates lock court premises in Rajkot,Crime & Law/Judiciary
High-end frequency change in audio industry,Business & Economy
Turning CMO into epitome of e-governance,Politics & Government
Woman strangulated in Gudamba,"Society, Religion & Culture"
Bhuj hospital to be ready by Jan 26,Health
Promoters prove to be drag for media stocks,Business & Economy
Joint panel to probe airport incident,Crime & Law/Judiciary
Wahela lambasts BJP,Politics & Government
8 dacoits of inter-state gang arrested in city,Crime & Law/Judiciary
Veteran music composer Naushad to be felicitated,Entertainment & Lifestyle
Think business; but look American,Business & Economy
NCTE to hold IT camps for teachers,Education & Recruitment
Oriflame to bank on beauty to boost turnover,Business & Economy
Cricket-lovers worst loser in cable war,Defence & Security
Bomb blast in school,Defence & Security
J&K Bank Q2 net up 32.88%,Business & Economy
3 sentenced for life,Crime & Law/Judiciary
Governor will open low-key Dasara,Politics & Government
Notices to VCs on plea to stay B.Ed entrance result,Education & Recruitment
Software institute duping its students,Education & Recruitment
Joshi to monitor Congress corporators,Politics & Government
Courts not to interfere with GCM verdicts: SC,Crime & Law/Judiciary
Medical staff union to hold conference,Health
Mine disaster averted in Asansol,Weather & Disaster
Computer science teaching at LU,Education & Recruitment
IRDA nod unlikely for LIC to up Corp Bank stake,Business & Economy
PCB demotes health officer for corruption,Health
IMA to hold refresher course,Education & Recruitment
City Congress holds its fire on delinking decision,Politics & Government
War clouds dampen travel scenario,Entertainment & Lifestyle
US consul commends India's response to terror attacks,Defence & Security
MP served contempt of court notice,Crime & Law/Judiciary
LG; officials discuss bio-terrorism,Defence & Security
All-party meet on weavers' woes sought,Politics & Government
More tax sops to boost Mall participation,Business & Economy
Woman killed for more dowry,"Society, Religion & Culture"
TDP; BJP set to fight MCH polls,Politics & Government
Jaswant rules out hot pursuit; talks with Pakistan,International/World
India should focus on economic strength,Business & Economy
Attempt to burn US; UK flags in A'bad,International/World
Non-bailable warrant against woman SHO,"Society, Religion & Culture"
Prime suspect in Bihar Dalit carnage killed,"Society, Religion & Culture"
Govt doctors doing Pvt practice to be penalised,Health
Terrorism is BJP's key plank for UP polls,Politics & Government
Police beef up security for Friday prayers,Crime & Law/Judiciary
Security tightened in Kishanganj district,Defence & Security
Assembly 'crorepati' clerk held,Politics & Government
Inter-state vehicle thieves arrested,Crime & Law/Judiciary
US partnership with Pakistan baffling: Advani,International/World
No takers for agriculture credit society plan,"Society, Religion & Culture"
Millers do brisk business under Food-for-Work,Business & Economy
Foodgrain; garment exports reap windfalls of war,Defence & Security
India worried US will supply arms to Pak,Defence & Security
Rescued woman succumbs,"Society, Religion & Culture"
Profit-booking clips Sensex' early gains,Business & Economy
Gold medal for Carnatic vocalist,Sports
DJB sewage treatment plants sloppily managed,Health
Kidnapper of Kolkata businessman arrested,Crime & Law/Judiciary
PCB elections on February 24,Politics & Government
Security beefed up for Jaipur RSS march,Defence & Security
Credit card market in turmoil over landmark US ruling,Politics & Government
PCB's elected members sore over army's powers,Defence & Security
Mulayam criticises American strategy,International/World
V S Hospital itself ailing,Health
BJP gives Laxman a backdoor entry,Politics & Government
Officials to visit Kolar to probe anthrax deaths,Crime & Law/Judiciary
3 sentenced for life,Crime & Law/Judiciary
BJP workers rough up Shivli station policemen,Politics & Government
Temple issue; terrorist threats worry officials,"Society, Religion & Culture"
Delhi vision: Only one eye doctor for 6;500 people,Health
Police booth that comes and goes,Crime & Law/Judiciary
Demand for students' release intensifies,Education & Recruitment
Distance education through Techsat catching up,Education & Recruitment
Another highway robbery,Crime & Law/Judiciary
JD(U) to stress on youth issues,"Society, Religion & Culture"
HC dismisses petition on teleserial,Crime & Law/Judiciary
Pending civil suit no bar on criminal case: SC,Crime & Law/Judiciary
Currency racket accused remanded to police custody,Crime & Law/Judiciary
Fine imposed on heavy-vehicle owners for tax evasion,Business & Economy
Ordinance coming to choke foreign funds,International/World
Congress objects to Laxman's new post,Politics & Government
Teachers asked to be more responsive,Education & Recruitment
Rains cost state Rs 151 cr,Weather & Disaster
No deposit needed to start medical college,Education & Recruitment
Students submit helmet implementation plan,Education & Recruitment
Retd BHU employee killed on campus,Education & Recruitment
Youth panel to back bandh for Hyd-Karnataka state,"Society, Religion & Culture"
Power loss of SEBs at 1.5% of GDP,Business & Economy
Siwan people live in terror of Shahabuddin: BJP,Politics & Government
Deoghar murder mystery unfolds,Crime & Law/Judiciary
Powell to hold talks on combating terrorism,Defence & Security
Dist judge directive on public prosecutor's 'interference',Crime & Law/Judiciary
Probe sacrilege charge against Congress,Crime & Law/Judiciary
Subhash Ghai: Cashing in on terrorism!,Defence & Security
Crusading doctor is state's 'Kushta Mitra',Health
15 engg colleges to be networked by next month,Education & Recruitment
Rally seeks new procedure for teachers' appointment,Education & Recruitment
Money from liquor to go to schools,Education & Recruitment
India to world leaders: Let's talk terrorism,Defence & Security
Salman Khan: Next film coming up!,Entertainment & Lifestyle
Muslim rally idea scuttled in Bangalore,"Society, Religion & Culture"
Survey puts SP way ahead of BJP,Politics & Government
Murli Deora joins protest against multiplex plan,"Society, Religion & Culture"
Bill to tab erring engineers; builders soon,Politics & Government
Police make 160 preventive arrests in Shirdi,Crime & Law/Judiciary
Mumbai's baalaks say 'salaam' to New York's children,"Society, Religion & Culture"
Pro-Pak rallies get opposition's goat,Politics & Government
AIR to go live on family welfare,"Society, Religion & Culture"
Kerala govt reassures HC on tribal issue,"Society, Religion & Culture"
Girl student found murdered,Education & Recruitment
Pharma exam off,Education & Recruitment
Devaswom bill: Chief Secy appears before HC,Politics & Government
Bhawandar: Creating a mini-storm!,Weather & Disaster
Congress opposes reinduction of Fernandes,Politics & Government
Attacks on US affect air travel,Entertainment & Lifestyle
Woman found murdered in R T Nagar,"Society, Religion & Culture"
University; microbial labs step up security,Education & Recruitment
Malik expelled for anti-party activities: SP,Politics & Government
RAF men rush into mosque,"Society, Religion & Culture"
City police top brass changed,Crime & Law/Judiciary
Drought-hit farmers flee fearing arrests,Weather & Disaster
Many Bihari artists ignored by SPIC MACAY,"Society, Religion & Culture"
Conman arrested; goods recovered,Crime & Law/Judiciary
Malik expelled for anti-party activities: SP,Politics & Government
Talk on cyber security held,Defence & Security
New college affiliation date extended,Education & Recruitment
Jyoti murder accused remanded,Crime & Law/Judiciary
Adidas launches new retail initiative,Business & Economy
Vigilance bureau seeks nod to book IGIMS doctors,Health
Religion and faith personal affairs of people,"Society, Religion & Culture"
TTD kitchen too in high security zone,Defence & Security
Change in house tax norms for industrialists mooted,Business & Economy
Stock option holds no water for Nypro chief,Business & Economy
Terror attacks: How safe is Delhi?,Defence & Security
Medical staffers union opposes globalisation,Health
Make Noriegas of Masood; Dawood: BJP to US,Politics & Government
TD men sore at CM over appointments,"Society, Religion & Culture"
Chinese bike threat set to materialise,International/World
Time frame for Channaptna probe sought,Crime & Law/Judiciary
Panel ruling helps Tehelka to 'hide' truth: Jaitely,Politics & Government
More taluk courts needed: Saldanha,Crime & Law/Judiciary
Adidas launches new retail initiative,Business & Economy
Security in Steel City leaves a lot to be desired,Defence & Security
Doctor claims AIDS cure; moves HC for recognition,Health
Local bodies election schedule announced,Politics & Government
'Food-for-Work' data a mouse click away,Entertainment & Lifestyle
Probe into Krushi scam demanded,Crime & Law/Judiciary
Advani hosts tea for gallant men from J&K,"Society, Religion & Culture"
Armed men take fight inside hospital,"Society, Religion & Culture"
PMC-traffic police combine sends citizens round in circles,Crime & Law/Judiciary
Attitude training for government doctors,Politics & Government
Pro-Osama graffiti alert Jamshedpur police,Crime & Law/Judiciary
Rain equals misery here,Weather & Disaster
We should try to sell our movies to the West,Entertainment & Lifestyle
PUDA; police housing corp strike a deal,Crime & Law/Judiciary
SIMI functionaries denied bail,Crime & Law/Judiciary
Two injured in firing along J&K border,Defence & Security
Samata goes into a huddle over ruling,Politics & Government
Incessant rain snaps rail; road links,Weather & Disaster
Economic slowdown hits debt recovery,Business & Economy
Govt assurance on alternative medicine,Health
Demand for thrillers rise after WTC attacks,Defence & Security
Science programme for class XI students,Education & Recruitment
Cruise missiles Vs Cavemen,Defence & Security
Railway police begin drive against beggars,Crime & Law/Judiciary
CBI forms crack team to combat terrorism,Crime & Law/Judiciary
Disaster mitigation plan set rolling,Weather & Disaster
Industries in Saurashtra affected by Afghan war,Business & Economy
Fernandes; Pathak may return to ministry,Politics & Government
School honours grandparents,Education & Recruitment
Prime land for hospital raises hackles,Health
Child adoption worker booked for fraud,Crime & Law/Judiciary
Vedic astrology dept yet to get recognition,Entertainment & Lifestyle
Modi features in Congress 'united' campaign,Politics & Government
State decision on GSCB-GHB merger unjustifiable,Business & Economy
Kreusch piano concert on Thursday,Entertainment & Lifestyle
Cardiac patients could opt for holistic treatment,Health
Naturopathy for Patel to regain political vigour,Politics & Government
Weavers' body plans protests,"Society, Religion & Culture"
Crisis of confidence over Modi's by-election?,Politics & Government
IN BLACK & WHITE Should terrorism be countered by war?,Defence & Security
Polio vaccine to be administered today,Health
NGO to rebuild quake-hit municipal school,Weather & Disaster
Politics has snatched poetry from me: Vajpayee,Politics & Government
HC notice to Rajkot civil surgeon,Health
Daewoo Motor goes on a crash diet,Health
Support the Govt; Advani tells BJP youth,Politics & Government
BJP leader killed inside police station,Crime & Law/Judiciary
Allahabad students shoo film unit away,Entertainment & Lifestyle
OUT OF COURT/SOLI J. SORABJEE Privy Council; sex moratorium and judicial manners,Crime & Law/Judiciary
Arrangements for Group C exam,Education & Recruitment
It's not an abstract war between good and evil,Defence & Security
Police medals given away,Crime & Law/Judiciary
25 pc of the world's blind are in India,International/World
Rain damages houses in Dharwad,Weather & Disaster
New tax structure approved,Business & Economy
Caste mention for devaswom post draws ire,"Society, Religion & Culture"
Laloo attacks Centre's stand on US attack,Defence & Security
Ex-DG health held on murder charges,Crime & Law/Judiciary
Seminar on gender and law,Crime & Law/Judiciary
Rains douse protest fire,Weather & Disaster
Child's foot chopped off,"Society, Religion & Culture"
Inflation falls at year's low of 3.32 pc,Business & Economy
Bourses likely to witness profit-booking,Business & Economy
Dev Anand: Love again!,Entertainment & Lifestyle
Cash awards to woo investors to NSS,Business & Economy
Half of income tax payers marginal,Business & Economy
US firms grapple with rules after WTC attacks,Defence & Security
No. War will only deify terrorists as heroes,Defence & Security
Anthrax vaccines ready to hit market,Business & Economy
AMC doctors want panacea for interference,Health
Culture club could be key to moral choices,"Society, Religion & Culture"
BJP's new mantra for coming polls,Politics & Government
Judge on the chopping block,Crime & Law/Judiciary
Mega mart to boost farm products export,Business & Economy
Opinion poll on Assembly polls raises heat,Politics & Government
Actor Hiremath commits suicide,Entertainment & Lifestyle
UP Assembly polls in February; says Kalraj,Politics & Government
Adventure sports at Golden Katar,Sports
Population meet a low-key affair,"Society, Religion & Culture"
Security agencies alerted on lethal gas,Defence & Security
So whose job is it; Mr Krishna?,Education & Recruitment
Insurance industry favour 49% FDI,Business & Economy
New fashion-rage grips young generation,Entertainment & Lifestyle
Local SIMI chief arrested,Crime & Law/Judiciary
Congress denies reports on alliance with SP,Politics & Government
Carrot-and-stick policy for industries,Politics & Government
Surat students shortlisted for science congress,Politics & Government
UP in deep financial crisis: Minister,Politics & Government
Conference on research on children,"Society, Religion & Culture"
38 war widows given cheques,Defence & Security
STAR GUIDE/Saurabh Kwatra Bill Gates,Politics & Government
Murder witness threatened; attacked,Crime & Law/Judiciary
SO; 10 others arrested in Shukla murder case,Crime & Law/Judiciary
Polaris software's board to consider merger,Business & Economy
Police solve six cases,Crime & Law/Judiciary
Oh; our party has a national face too!,Politics & Government
Corporate India gears up for gloomy Diwali,Business & Economy
A step towards the glamour world,International/World
Acquittal present grim scenario of legal system,Crime & Law/Judiciary
Harvest rain water: Shri Ram School,Weather & Disaster
Sena; BJP to play Hindutva card,Politics & Government
Children given polio drops,"Society, Religion & Culture"
International law in new millennium,Crime & Law/Judiciary
NEWSPAPER IN EDUCATION British School stage play on Veerappan,Education & Recruitment
Doctors rue inadequate cancer treatment,Health
New political party floated,Politics & Government
Keeping track of changes vital for cyber crime cell,Crime & Law/Judiciary
Military action in J-K inevitable: Fernandes,Defence & Security
Police bravery claim,Crime & Law/Judiciary
Global demand for Indian IT experts intact,International/World
Bangalore to house SAP's biggest lab in Asia,International/World
Govt policy on old chawls assailed,Politics & Government
Role of youth in politics discussed,Politics & Government
Badal exonerates Akali leaders before probe,Crime & Law/Judiciary
Rupee rallies mildly against dollar,Business & Economy
Burqa-clad women's identity kicks up a row,"Society, Religion & Culture"
Search for defence counsel,Defence & Security
National nutrition mission to be launched soon,Health
Students' day out; courtesy CM,Education & Recruitment
Mysore village hospital gets telemedicine unit,Health
More judges for Haryana; Punjab HC soon,Crime & Law/Judiciary
Nurses up in arms against new dress,Defence & Security
Pune salutes oldest police officer,Crime & Law/Judiciary
Students with political links may face the heat,Politics & Government
Antiquated gear puts police at risk,Crime & Law/Judiciary
Temple priest held,"Society, Religion & Culture"
Controversy over JNU courses,Education & Recruitment
Bharat Shah's bail plea adjourned,Crime & Law/Judiciary
Newly married woman ends life,"Society, Religion & Culture"
Sinha against tax rate cut; amnesty,Business & Economy
Centre to bolster Delhi Police bomb squads,Crime & Law/Judiciary
Cash misses date with city children,"Society, Religion & Culture"
Haryana population to double in 16.8 yrs,"Society, Religion & Culture"
There was no scam; says SEBI chief,Crime & Law/Judiciary
Celebrating women's empowerment,"Society, Religion & Culture"
Sena charges BJP with double standards,Politics & Government
Bomb scare delays flight,Defence & Security
Fernandes returns as defence minister,Politics & Government
Jammu awaits Navratra fillip to business,Business & Economy
Boom in Hawala after US attacks,Defence & Security
Shun third-degree methods; DGP tells police officials,Crime & Law/Judiciary
Teachers' workshop held,Education & Recruitment
7 injured in cylinder blast,Defence & Security
'Khamoshi' to the sound of music is just a surgery away,Entertainment & Lifestyle
Campus Vignettes,Education & Recruitment
Group C exams hit city again,Education & Recruitment
Disaster check rehearsal at IFFCO,Weather & Disaster
Mystery behind PCF GM's murder deepens,Crime & Law/Judiciary
Iranian film fest in city,Entertainment & Lifestyle
Cong; NCP woo expelled SP minister,Politics & Government
Even Romans used biological warfare,Defence & Security
On re-election; Laloo lashes out at NDA Govt,Politics & Government
CPI(ML) to hold protest day,"Society, Religion & Culture"
AP MLAs meet minister,Politics & Government
READER SPEAK/Gin Gangte N-E students flock to Delhi,Education & Recruitment
Music composer Naushad felicitated,Entertainment & Lifestyle
Three BSF jawans killed in Manipur ambush,Defence & Security
Anthrax opens sores for drug firms,Health
BJP flays government on APSRTC strike,Politics & Government
Students' day out; courtesy CM,Education & Recruitment
Focus on girl students for the future,Education & Recruitment
BJP's inefficiency behind power crisis: Amarsinh,Politics & Government
Case quashed over delay in prosecution,Crime & Law/Judiciary
Coconut 'energy' drinks ready for market,Business & Economy
Tax collection to go down,Business & Economy
Ex-minister dons greasepaint again,Politics & Government
CM visits Shukla's family,"Society, Religion & Culture"
Bangladesh minorities flee post-poll fury,International/World
Govt taking steps to counter bio-terrorism threat,Defence & Security
CBI files cases in another urea scam,Crime & Law/Judiciary
CAMPUS NOTES,Education & Recruitment
Yakshagana festival in Bangalore from Oct 20,"Society, Religion & Culture"
Governor to review Vidarbha projects,Politics & Government
No bail for Bleach,Crime & Law/Judiciary
Chaddi-Banian Dhari gang strikes,Crime & Law/Judiciary
Ludhiana ke naam; from Naseer & family,"Society, Religion & Culture"
NCP demands dissolution of state Assembly,Politics & Government
Purvanchal Manch to gherao Parliament House,Politics & Government
CRPF jawan kills two colleagues,Defence & Security
DRI detects fraud of diverting quake relief material,Crime & Law/Judiciary
Foundation for court complex laid in Bijapur,Crime & Law/Judiciary
Exchange of fire along border continues,Defence & Security
Illicit arms factory unearthed in Fatehpur,Defence & Security
Women urged to donate more blood,"Society, Religion & Culture"
Teachers' posts: Vacancies exceed applications,Education & Recruitment
Modi may opt for a big ministry,Politics & Government
10 self-finance PTC colleges sanctioned by NCTE,Business & Economy
N-reactors are not bombs waiting to go off: Expert,Defence & Security
Hajis from Gujarat to travel by Saudi Airlines,Entertainment & Lifestyle
Serious security lapse at Mumbai airport,Defence & Security
BJP's days in UP are numbered; says Sonia,Politics & Government
Two elderly men murdered,"Society, Religion & Culture"
More seats means more worries for students,Education & Recruitment
Court recalls bail order in kidnap case,Crime & Law/Judiciary
Women in Maharashtra less privileged: report,"Society, Religion & Culture"
Kalyan resigns from Assembly,Politics & Government
Hands-on policy for FIs from now on: Sinha,Politics & Government
Yasin's contribution nil; says BJP,Politics & Government
Focus on child labour's education,Education & Recruitment
Gondal MLA may be shifted to Ahmedabad hospital,Politics & Government
Govt reviews Colin Powell's security,Defence & Security
St Xavier's; Asia caught in GU affiliation tangle,International/World
Cardiac patients could opt for holistic treatment,Health
Dormant civil defence system woken up,Defence & Security
Quake takes a bow before Gujarati spirit,Weather & Disaster
Hearing on House functioning deferred,Crime & Law/Judiciary
All Necklace Road food courts illegal,Crime & Law/Judiciary
Crackdown on power theft,Crime & Law/Judiciary
Mamata takes bus ride to jail,Crime & Law/Judiciary
War will hit Kerala economy,Business & Economy
Legal sword still hangs over Bhatt; Pathak,Crime & Law/Judiciary
Congress sore at re-induction,Politics & Government
Solapur MLC blasts govt for rejecting offer on sick mill,Defence & Security
ADCB directors oppose move to help weak bank,Business & Economy
Higher Secondary exams now more expensive,Education & Recruitment
George promises speedier arms deals,Defence & Security
NSG short of 1200 personnel; modern weapons: DGP,Defence & Security
Girl students put police in the 'dock',Crime & Law/Judiciary
Court stays new uniforms for Army nurses,Crime & Law/Judiciary
MCI issues revised guidelines for doctors,Health
Cong condemn Gowda's attack on CM,Defence & Security
Fewer people going to Pakistan,International/World
It's guns 'n' garba for these foreigners at EME school,Education & Recruitment
BJP counting on tie-up with TDP,Politics & Government
CPM opposes entry of foreign print media,International/World
Research meet on education organised,Education & Recruitment
City joins global campaign for climate protection,International/World
Govt schools lose ground to madrasas,Education & Recruitment
Armed men on looting spree in Mohanlalganj,"Society, Religion & Culture"
Terrorised man wrote to police; PMO,Crime & Law/Judiciary
Be self-reliant; minister tells the blind,Politics & Government
Youth in distress finds a kindly light,"Society, Religion & Culture"
Digital genies enrich museum experience,"Society, Religion & Culture"
India; Iran hold strategic dialogue,Defence & Security
BAMS; BHMS admissions,Education & Recruitment
CAG detects flaws in MP fund schemes,Politics & Government
15 lakh visitors likely this year in Champaner Festival;,"Society, Religion & Culture"
11 Congress MLAs quit UP Assembly,Politics & Government
Opposition to join neera agitation soon,Politics & Government
Naxals blast panchayat office in Andhra; 1 killed,Defence & Security
India turns den of ODS trade,Business & Economy
Will ISC improve plight of students?,Education & Recruitment
HC to hear Bhatt's plea in murder case,Crime & Law/Judiciary
India to get Russian nuclear-capable aircraft,International/World
India steps up diplomacy,International/World
Sensex stages a recovery to close positive,Business & Economy
MCI issues new guidelines for doctors,Health
Zee; Mid-Day in talks for strategic pact,Defence & Security
Old woman murdered in Kirti Nagar,"Society, Religion & Culture"
Red Fort shootout case accused denied bail,Crime & Law/Judiciary
Tainted leaders? MSU students shrug the idea off,Education & Recruitment
MSU students shrug the idea off,Education & Recruitment
Channels get set to woo viewers in festival season,"Society, Religion & Culture"
Cong protests Fernandes' reinduction,"Society, Religion & Culture"
Minister stresses on road connectivity,Politics & Government
Principal; peon nabbed for charging extra for exam forms,Education & Recruitment
Cabinet clears tough anti-terror order,Politics & Government
Rains; riot; RTC strike hit Dasara shopping,Weather & Disaster
Liquor seizures show a thriving bootlegging business,Business & Economy
Obey the court: CM tells officials,Crime & Law/Judiciary
Corporators protest apathy,"Society, Religion & Culture"
Community clash claims one,"Society, Religion & Culture"
Vadodara under attack of common cold,Defence & Security
No troop movement on the border: India,Defence & Security
Malgudi Days actress passes away,Entertainment & Lifestyle
City Congress unit opposed to direct mayoral elections,Politics & Government
HC to hear plea of 4 convicted in sura case,Crime & Law/Judiciary
Treat civic polls as mini general elections: CM,Politics & Government
Denial of subsistence allowance legal: HC,Crime & Law/Judiciary
43 BSP MLAs resign from Assembly,Politics & Government
HC asks panel to hold municipal polls,Politics & Government
BKU alleges police arhtiya tie-up,Crime & Law/Judiciary
Cultural fest in Chitradurga from Oct 23,"Society, Religion & Culture"
Assembly polls in 3 states before March: EC,Politics & Government
HC clears decks for BCC polls,Politics & Government
BJP begins damage control on George's re-entry,Politics & Government
Govt rejects Coke's plea on waiving IPO,Business & Economy
State sliding on industrial map: BJP,Politics & Government
India may buy robots for bomb detection,Defence & Security
Kutch hospital to be rebuilt with Mysore aid,Health
Govt to see if official war histories can be released,Defence & Security
Cong in a fix over anti-terror law,Crime & Law/Judiciary
Judicial inquiry into hooch tragedy urged,Crime & Law/Judiciary
Nithari comes to terms with loss,Business & Economy
New terror law goes beyond TADA,Crime & Law/Judiciary
Complete probe before poll: Amrinder,Crime & Law/Judiciary
Panel to stop trafficking in women; kids,"Society, Religion & Culture"
38 dead as cyclone lashes Andhra Pradesh,Weather & Disaster
Muslim women welcome SC ruling on talaq,"Society, Religion & Culture"
CMC; police lock horns over booths,Crime & Law/Judiciary
MBA student ends life,Education & Recruitment
India may not gain from war: astrologer,Defence & Security
Student bodies' call for Patna bandh today,Education & Recruitment
JNU alumnus among extremists held in police drive,Crime & Law/Judiciary
CBI files chargesheet against BPSC chief,Crime & Law/Judiciary
Govt may shift villages on bank of swollen Don river,Business & Economy
Army intensifies patrolling along LoC,Defence & Security
Fewer people going to Pakistan,International/World
Cong to go it alone in polls,Politics & Government
Student leaders suspended on LNN complaint,Education & Recruitment
Love drives childhood friends to suicide,Entertainment & Lifestyle
JD(U) flays Cong for outbreak of diseases,Health
Heavy rains claim 22 lives in AP,Weather & Disaster
Fresh buying props up Sensex,Business & Economy
No need for panic on anthrax; says health minister,Politics & Government
US diplomats meet Muslim leaders,"Society, Religion & Culture"
Tax panel to look into non-tax revenue,Business & Economy
Minister urges states to rationalise tax structures,Politics & Government
BJP begins leadership change exercise in Uttaranchal,Politics & Government
It's a wet; wet world in Kolar district,International/World
Court summons BCCI chief,Crime & Law/Judiciary
Witnesses discharged in Gulshan murder case,Crime & Law/Judiciary
43 BSP MLAs quit Assembly,Politics & Government
Law School test question papers available,Crime & Law/Judiciary
You can send kids on school tour; but sign here,Education & Recruitment
Yagna for world peace,International/World
LU backpaper exams start,Education & Recruitment
A break with tradition,"Society, Religion & Culture"
HDFC not considering universal banking,Business & Economy
Bar-coded food coupons to plug PDS leaks,Entertainment & Lifestyle
Terrorism is the central issue: Sonia,Defence & Security
Handover Srinagar blast accused: PM tells Pak,Crime & Law/Judiciary
DoD to suggest IPCL's merger with IOC,Business & Economy
Govt constitutes enquiry into Agra court incident,Crime & Law/Judiciary
State lagging behind in many health schemes,Health
Vaghela rules out rejoining BJP,Politics & Government
Girl loses sight after assault by teacher,Education & Recruitment
Police must prove charges against accused: SC,Crime & Law/Judiciary
Space crunch at magistrate court,Crime & Law/Judiciary
Police going soft on Wadia's son; says magistrate,Crime & Law/Judiciary
Jessica murder case receives a setback,Crime & Law/Judiciary
'Green judge' now seeks justice,Crime & Law/Judiciary
CM party to shady land deal: BJP,Politics & Government
MLA seeks probe against Kuvempu varsity,Crime & Law/Judiciary
Prosecution of HS sought,Crime & Law/Judiciary
Woman power takes over Puja,"Society, Religion & Culture"
Finance panel awaits civic bodies' feedback,Business & Economy
VHP storms Ayodhya sanctum sanctorum,Weather & Disaster
US campaign includes terrorism against India,Defence & Security
Health project to be extended,Health
Contaminated water for govt hospital patients,Health
SP to agitate against new anti-terror law,Crime & Law/Judiciary
Vedike plans drama festival,"Society, Religion & Culture"
VHP activists storm Ayodhya temple,Weather & Disaster
Accused confesses to circulating fake notes,Crime & Law/Judiciary
Doctors blamed for deaths of two patients,Health
Trial judge erred in Tansi case: HC,Crime & Law/Judiciary
BSP MLAs also quit UP assembly,Politics & Government
Political vendetta; says Uddhav,Politics & Government
Chota Shakeel aide arrested in city,Crime & Law/Judiciary
Fast over hospital land enters day 2,Health
Rural health centres lack staff,Health
Ex-minister pooh-poohs Cong claims on Raichur,Politics & Government
Rain wreaks havoc in Bellary,Weather & Disaster
Mulayam supporting SIMI to win over Muslims: Minister,Politics & Government
Row over Bofors papers riles judge,Crime & Law/Judiciary
Bipasha Basu: Food for thought!,Entertainment & Lifestyle
Project to help children orphaned by quake,Weather & Disaster
2 get lifer for INTUC man's murder,Crime & Law/Judiciary
TRS to storm city on Nov 1,Weather & Disaster
Vajpayee admits security lapse,Defence & Security
Pouches under police eyes,Crime & Law/Judiciary
Eco programme for students,Education & Recruitment
We will sweep MCH polls,Politics & Government
Cashier cheated the bank,Business & Economy
Enron Q3 net loss at $618m,Business & Economy
Floods wreak widespread havoc,Weather & Disaster
All hospitals are fire traps except one,Health
Haryana Congress gives band call for Nov 2,Politics & Government
Minister's son swindles paddy,Politics & Government
Quota in govt jobs too for Kannada medium candidates,Education & Recruitment
Post-WTC; quake victims suffer paranoia relapse,Weather & Disaster
Trade Center tremors hit Tawang fest,Business & Economy
A BJP bastion,Politics & Government
Gujarat quake figure revised to 12;251 on eve of CM's visit,Weather & Disaster
One-third of BJP MLAs made ministers,Politics & Government
Legal notes: High Court declines to end RTC strike,Crime & Law/Judiciary
BMC peon arrested for bribery,Crime & Law/Judiciary
No decision taken on recruitment: Antony,Education & Recruitment
Protest against SC order in Narmada case,"Society, Religion & Culture"
Police raid cinema hall for screening porn film,Entertainment & Lifestyle
Probe into gate goof-up,Crime & Law/Judiciary
Police chief to shift office,Crime & Law/Judiciary
CBI hopes UAE help will do the trick,Crime & Law/Judiciary
HC seeks to know progress in hooch probe,Crime & Law/Judiciary
Civic polls: 108 DK booths sensitive,Politics & Government
Power theft detected in Chitradurga,Crime & Law/Judiciary
Probe ordered into lifting of floodgates,Crime & Law/Judiciary
Population panel team visits Maner,"Society, Religion & Culture"
Arrest warrant issued against doctor,Crime & Law/Judiciary
Varanasi: Families keep tradition alive,"Society, Religion & Culture"
Bangalore clinch basketball title,Sports
Gujarat relives quake nightmare after WTC attack,Weather & Disaster
Protest against SP transfer,"Society, Religion & Culture"
Movie magic fades as video parlours mushroom,Entertainment & Lifestyle
Dasara begins at Kanaka Durga temple,"Society, Religion & Culture"
Half the patients land up at the wrong doctor,Health
Rupee weakens slightly against dollar,Business & Economy
BCC polls: 64 file papers,Politics & Government
Sweet music: Planet M coming to Bangalore,Entertainment & Lifestyle
4 of family hurt as auto falls into nullah,"Society, Religion & Culture"
Gowda politicising firing; says MP,Politics & Government
House panel divided on foreign media issue,International/World
Police fight latest foe with bare hands,Crime & Law/Judiciary
Crime File: One shot at; woman commits suicide,Crime & Law/Judiciary
Temple entry an assault on law,Crime & Law/Judiciary
Centre steps in to bail out Uttar Pradesh,Crime & Law/Judiciary
Look at people; not markets,Business & Economy
Oppn blames government for Ayodhya incident,Politics & Government
Salem men were not killed in fake encounters,"Society, Religion & Culture"
Bhujbal issues stern warning to film makers,Entertainment & Lifestyle
Shotgun poser on George keeps RJD; BJP guessing,Politics & Government
Postal dept monitors overseas mail,International/World
Rajnath may go in for early polls,Politics & Government
Rs 16-cr relief for NRI doctor's widow,Health
Kerala to modernise police,Crime & Law/Judiciary
High Court judgement on SEC,Crime & Law/Judiciary
Court convicts ISI agent,Crime & Law/Judiciary
At Sai temple; hope and pray,"Society, Religion & Culture"
Plan panel expects 6% GDP growth,Business & Economy
Jail warder out of danger,Crime & Law/Judiciary
India; Pak DGMOs discuss situation in border,Defence & Security
St Xaviers; Asia get the nod for BCA courses from 2002,Education & Recruitment
Appraisal test for 3 lakh teachers on Nov. 24,Education & Recruitment
Witness identifies Gulshan killer in court,Crime & Law/Judiciary
Dandiya resumes amid political music,Politics & Government
High-level team visits defence units,Defence & Security
Elections are not the solution,Politics & Government
No court direction in Imam case,Crime & Law/Judiciary
Garbage dumps pose health hazard,Health
Many celebrities attended party: Mailhot,Politics & Government
Gas cylinder blast damages flats; woman hurt,"Society, Religion & Culture"
Auto policy; white paper on PSUs in the offing,Politics & Government
Police asked to remain alert,Crime & Law/Judiciary
Centre approves financial assistance to 3 states,Business & Economy
India wary of Pak plans for Afghanistan,International/World
Naidu likely to hold party post again,Politics & Government
3 LDF MLAs suspended from assembly,Politics & Government
No more financial package to RTC staff,Business & Economy
In Brief: Police open fire in Muzaffarpur,Crime & Law/Judiciary
Baldia Elections: A bog of mud and liquor,Politics & Government
Talent search contest for children in Bellary,"Society, Religion & Culture"
Police on alert over spurious liquor,Crime & Law/Judiciary
CM says 'yes' to industry status for films,Business & Economy
Six in race for MUL advisorship,Sports
$100m Indian aid to post-war regime,Defence & Security
Population panel team visits Maner villages,"Society, Religion & Culture"
School mixes business with culinary pleasure,Business & Economy
Sparkle still missing in jewellery trade,Business & Economy
Centre may ban three terrorist outfits in J&K,Defence & Security
Big B to campaign for Samajwadi Party,Politics & Government
Crimefile: Woman's body recovered,"Society, Religion & Culture"
Quality of polio vaccine poor,Health
Mamata's long wait for a job,Education & Recruitment
Baroda registers first credit card fraud,Crime & Law/Judiciary
Six held in telecom staff murder case,Crime & Law/Judiciary
Birla Corp back in profit during Q2,Business & Economy
Cong memo to governor on George's appointment,Politics & Government
2 children drown in unfenced pit,"Society, Religion & Culture"
AU financial status bad: Report,Business & Economy
Security around make-shift temple tightened,"Society, Religion & Culture"
Fast forward: Accused in Sailen Das case refused bail,Crime & Law/Judiciary
HPCL plans IPO for Bhatinda refinery project,Business & Economy
CRPF Jawan shot by intruder,Defence & Security
Mysore Minerals seeks granite deal to meet loss,Business & Economy
Leather industry face threat of closure,Business & Economy
Impressive show by the magnificent men,"Society, Religion & Culture"
BSF jawan unfurls Pak flag at durgah,Defence & Security
Security stepped up at the Secretariat,Defence & Security
II PUC suppl results today; Udupi tops list,Education & Recruitment
HAL; Israel's Elta plan joint production of radars,International/World
Naidu draws up flood control measures,Weather & Disaster
Rural police tactic pays off,Crime & Law/Judiciary
Hindi festival at COD,"Society, Religion & Culture"
Uphaar witness breaks down in court,Crime & Law/Judiciary
Tea garden tense after bonus war,Defence & Security
SC rejects plea for dissolution of UP Assembly,Politics & Government
Probe urged into varsity funds misuse,Crime & Law/Judiciary
Kerala economy back on track: Minister,Politics & Government
Doctor in custody for fake abortion offer,Crime & Law/Judiciary
Punjab faces another religio-political crisis,Politics & Government
Shops still using old stocks of coloured polybags,Business & Economy
Muted Puja in Bangladesh,International/World
Nagappa of Veerappan fame contesting polls,Politics & Government
Rain spells trouble for chilli farmers,Weather & Disaster
Opposition to astrology influenced by western thoughts,Politics & Government
Modi's greenhorns add colour to drab ministry,Politics & Government
Congress to oppose anti-terrorism law,Crime & Law/Judiciary
Probe into harassment of LU female staff,Crime & Law/Judiciary
Kerala students end Goa tour in police custody,Crime & Law/Judiciary
Centre okays nine mobile probe teams,Crime & Law/Judiciary
BJP morally incoherent: Congress,Politics & Government
Murder helps police unearth abduction plan,Crime & Law/Judiciary
Prisoners go berserk in Varanasi jail,Crime & Law/Judiciary
'Neo' Buddhists can't contest BCC polls,Politics & Government
HC stays court order in Gulshan Kumar case,Crime & Law/Judiciary
Minister highlights achievements in Shimoga,Politics & Government
Thomson financial ties up with IVCA; Prime Database,Business & Economy
Hospitals put on high alert for anthrax,Health
Police told not to obstruct sale of lottery tickets,Crime & Law/Judiciary
Tax panel moots steps to ease switchover to VAT,Business & Economy
Rupee ends barely changed against $,Business & Economy
Remove George from Cabinet; demands Cong,Politics & Government
Heritage focus shifts to varsity,"Society, Religion & Culture"
Panel to discuss flood situation on Oct 23,Weather & Disaster
India; Russia reject moderate Taliban,International/World
DST; UGC sanction grant to LU chemistry Dept,Education & Recruitment
Five persons involved in attack on CRPF campus,Defence & Security
Foreign currency reserves cross $45-b,International/World
JUGULAR VEIN/Jug Suraiya Foreign relatives,International/World
Govt to levy 10 pc surcharge on sales tax,Business & Economy
Baroda registers first credit card fraud,Crime & Law/Judiciary
Rape alleged,Crime & Law/Judiciary
No softening between Congress; SP in UP,Politics & Government
Desist from voting for BJP; Sonia exhorts OBCs,Politics & Government
Police Flag Day today,Crime & Law/Judiciary
Modi's CMO usurps quake relief from GSDMA,Weather & Disaster
PCMC banks on early detection to eradicate leprosy,Business & Economy
10;000 teachers to be appointed in Jharkhand: CM,Education & Recruitment
Digital Globalsoft records 66% jump in net profit,Business & Economy
Cong memo to governor on George's return,Politics & Government
Samajwadi Party expels MP from Azamgarh,Politics & Government
BSF on alert following construction of Pak bunkers,Defence & Security
No major change expected in RBI's credit policy,Politics & Government
Singhal decries Ayodhya security,Defence & Security
Kashmir varsity teachers banned from talking to the press,Education & Recruitment
Police review security at jewellers; banks,Crime & Law/Judiciary
Undertrials lash out at police,Crime & Law/Judiciary
Officials blamed for Cuddapah flood tragedy,Weather & Disaster
DEO notice to school on chocolate mishap issue,Education & Recruitment
Policemen puts off decision on medals,Sports
Desist from voting for BJP: Sonia,Politics & Government
New lease of life for Bardoli museum,"Society, Religion & Culture"
CRPF orders inquiry into shootout incident,Defence & Security
Principal files complaint against students,Education & Recruitment
India; Russia agree on keeping Taliban out of power,International/World
Probe ordered into wall collapse in Kaiserbagh,Crime & Law/Judiciary
Inter Board notice on supplementary exams,Education & Recruitment
Why is America scared of Al-Jazeera?,International/World
Congress; BSP to go it alone,Politics & Government
Cityscan: ML observes anti-war week,Defence & Security
Protest rally by blind Assn,"Society, Religion & Culture"
In Brief: Panel to probe bungling in pension,Crime & Law/Judiciary
Group C centres changed for October 28 exam,Education & Recruitment
Advani US will back India in its war against terror,Defence & Security
Answers beyond bullets and bombs,Defence & Security
Students asked to make better use of time,Education & Recruitment
Handover of civic hospital may be stalled,Health
Follow SC diktat and sensitise the police now,Crime & Law/Judiciary
Exam system to be more transparent; assures Kolaskar,Education & Recruitment
BSF decides to raise 22 new battalions,Defence & Security
Girl missing from college,Education & Recruitment
Lab infrastructure soon in foreign post offcies,International/World
Old tactics for new terror,Defence & Security
Land scam accused remanded to police custody,Crime & Law/Judiciary
7 killed in Bihar landmine blast,Defence & Security
US will back India in war against terror: Advani,Defence & Security
Three Chhota Shakeel aides arrested,Crime & Law/Judiciary
In brief: Tribal youths to keep vigil on borders,"Society, Religion & Culture"
Home Trade finds more to life after 'more',Business & Economy
RBI protests against faulty telephone directory,"Society, Religion & Culture"
Provide grants to panchayats: Court,Crime & Law/Judiciary
Kerosene was used in burning incident at Bhat village: Probe,Crime & Law/Judiciary
Courts can't decide on matters of faith: Kishore,Crime & Law/Judiciary
IN BLACK AND WHITE/Nikhil Kumar Will the new ordinance curb terrorism in India?,Defence & Security
Modi to move privilege notice against minister,Politics & Government
Gautam Navlakha Will the new ordinance curb terrorism in India?,Defence & Security
Anthrax scare: Law & order problem,Crime & Law/Judiciary
Congress plea to Jyotiraditya,Politics & Government
Anthrax scare reaches city; police on alert,Crime & Law/Judiciary
Power theft for puja quite common,Crime & Law/Judiciary
Woman burnt for dowry,"Society, Religion & Culture"
Service tax puts 'freeze' on photography,Business & Economy
VHP: A law unto itself?,Crime & Law/Judiciary
MEN & IDEAS/Gurcharan Das This is not just America's war,"Society, Religion & Culture"
Missing body traced to medical college,Education & Recruitment
PMC accused of squandering money,Crime & Law/Judiciary
Minister denies hit-and-run charge,Politics & Government
BJP observers for MCH polls nominated,Politics & Government
Drug traffickers employ innovative methods,Health
Sonia asks govt to move cautiously while fighting terrorism,Defence & Security
Involve civil society in the talks,"Society, Religion & Culture"
Congress in Rajkot a divided lot,Politics & Government
Railways revenue up,Business & Economy
Minister describes achievements in Hassan,Politics & Government
Modi counsels vigil along border,Defence & Security
2 cops held for stealing idols from NTR Museum,"Society, Religion & Culture"
Anthrax not the only bio-weapon,Defence & Security
FIR filed in Ayodhya against Singhal; others,Crime & Law/Judiciary
Failed love affair forces couple to commit suicide,Entertainment & Lifestyle
Garba inspires Bollywood; but with no thanks,Entertainment & Lifestyle
Advani warns Pak Stop terrorism or else,Defence & Security
People's parliament on water,Politics & Government
State-of-the-art electronics lab coming up,"Society, Religion & Culture"
McCartney hands out concert tickets in NY,Entertainment & Lifestyle
Petrol adulteration: CBI to probe naphtha imports,Crime & Law/Judiciary
Bangladesh confiscates magazine copies,International/World
Photo I-card must for coming Assembly polls,Politics & Government
ENCOUNTER Is the war story a west side story?,Defence & Security
AP e-teaching project shelved,Education & Recruitment
Post offices; hospitals not ready for anthrax threat,Health
Notices to engg colleges on NRI seats,Education & Recruitment
7 killed in landmine blast near Patna,Defence & Security
Gang involved in bank fraud busted; six arrested,Crime & Law/Judiciary
Lahtan; others denied bail,Crime & Law/Judiciary
Shops still using old stocks of coloured polybags,Business & Economy
Three Shakeel gangsters arrested,Crime & Law/Judiciary
Tata Home Finance cuts loan rate,Business & Economy
Fernandes accuses Pak of abetting terror,Defence & Security
Police Commemoration Day,Crime & Law/Judiciary
APTS e-teaching project for schools shelved,Education & Recruitment
Land scam accused remanded to police custody,Crime & Law/Judiciary
LCP welcomes FIR against Singhal,Crime & Law/Judiciary
Mulayam castigates BJP for not arresting VHP leaders,Politics & Government
Apologise to citizens for many failures; BJP tells mayor,Politics & Government
Police clueless about inreasing land-mine threats,Crime & Law/Judiciary
Varsity annual exams date,Education & Recruitment
State grants funds for cultural fests,"Society, Religion & Culture"
Kiran moots radio channel for and by women,"Society, Religion & Culture"
Vikas Yatra will help BJP score over Congress,Politics & Government
Govt teachers banned from taking tuitions,Education & Recruitment
SP expels Azamgarh MP,Politics & Government
Now heavy rain drives farmer to suicide,Weather & Disaster
Modi counsels vigil along border,Defence & Security
Congress to join hands with Left,Politics & Government
Wildlife trade continues unabated,Business & Economy
UT has double the number of heart patients than Delhi,Health
Filmmakers scale down war movies,Entertainment & Lifestyle
Advani on BJP's resurrection,Politics & Government
Report on lapse in PM's security blames none,Defence & Security
Police Martyrs' Day observed,Crime & Law/Judiciary
Chief justice makes a case for gender-sensitive rulings,"Society, Religion & Culture"
Caste casts its shadow on bureaucracy,"Society, Religion & Culture"
Samata leader pleads to end Tehelka probe,Crime & Law/Judiciary
Army equipment points to its alertness,Defence & Security
Insider's hand suspected in attack on CRPF camp,Defence & Security
Tight security for festival,"Society, Religion & Culture"
Modi accused of distorting RJD stand,Crime & Law/Judiciary
NICD guidelines on anthrax treatment,Health
India has to fight own terrorism war,Defence & Security
Call to impose tax on 'imported' milk,Business & Economy
Court injunction,Crime & Law/Judiciary
Govt defends allowing Ghai to set up film institute,Entertainment & Lifestyle
5 persons involved in CRPF campus attack,Defence & Security
Confusion during Group C exam,Education & Recruitment
Manmohan hails Chinese example,International/World
Tourism hits women hardest,"Society, Religion & Culture"
Scribes protest Ayodhya DM's move,"Society, Religion & Culture"
Inflation falls to 3.18%,Business & Economy
Praja Coop bank dupes depositors,Business & Economy
Dalai Lama fine; need not undergo surgery,Health
Painting in Delhi auction arouses museum's protests,"Society, Religion & Culture"
Sanjay tenders apology for not attending court,Crime & Law/Judiciary
Sports academy for each state,Sports
Markets set to stay sluggish,Business & Economy
CM has assured probe into BMC decision: Deora,Crime & Law/Judiciary
Minister had to intervene in ITC manager's case,Politics & Government
PWG claims responsibility for Jagpura blast,Defence & Security
Bar Council training must for all law graduates now,Crime & Law/Judiciary
Sanjay Dutt apologise for absenting from court,Crime & Law/Judiciary
Sites for BT Park await clearance: Minister,Politics & Government
Rajnath's bouquets for the police,Crime & Law/Judiciary
4 booked for custody death,Crime & Law/Judiciary
Rain water harvesting be made compulsory,Weather & Disaster
Stiff penalty; jail term for Puja polluters,Crime & Law/Judiciary
Community service as punishment mooted,"Society, Religion & Culture"
Tough times ahead for foul players of biennial polls,Politics & Government
Kidnapped school boy recovered,Education & Recruitment
Three new drugs to challenge Pfizer's Viagra monopoly,Health
No criminal case yet in City Gold mishap,Crime & Law/Judiciary
UNESCO project to preserve heritage of Parsis,"Society, Religion & Culture"
Shivendraraje Bhosale joins Congress,Politics & Government
Fresh Cabinet nod not necessary for Sankhyavahini,Politics & Government
Seminar hails women's contribution,"Society, Religion & Culture"
LEGAL VIEW Can the charge of abetment to suicide stick always?,Crime & Law/Judiciary
'Bio-warfare; poor man's N-bomb',Defence & Security
Govt working on plan to tackle terrorism,Defence & Security
PM admits there is rift between party; govt,Politics & Government
Popularity of BJP declining: Madhok,Politics & Government
Govt unlikely to achieve export; deficit target,Business & Economy
Policemen for probe into landmine blast,Crime & Law/Judiciary
Lone gets threat from terrorist group,Defence & Security
CM proposes but CAG disposes employment claims,Education & Recruitment
3 days of fun for deprived children,"Society, Religion & Culture"
No party owns farmers; says Krishna,Politics & Government
Chhota Shakeel losing grip over Bollywood,Entertainment & Lifestyle
Bomb hoax at Times; Congress offices,Politics & Government
Comics for social change,"Society, Religion & Culture"
Bollywood fears don who gets everything wrong,Entertainment & Lifestyle
Event Watch: Nawabi food festival,Entertainment & Lifestyle
Governor on an inauguration spree,Politics & Government
Police day marked,Crime & Law/Judiciary
Samata MP dislikes BJP now,Politics & Government
Airlines set up new anti-terrorist group,Defence & Security
Sharana cultural fete from tomorrow,"Society, Religion & Culture"
Tax to be spent on development of industrial areas,Business & Economy
State govt. defends move on Ghai's film institute,Entertainment & Lifestyle
SC verdict sends 13;000 workers into a tizzy,Crime & Law/Judiciary
Mahabodhi temple repair delay: ASI blamed,"Society, Religion & Culture"
Students on award judge panel,Crime & Law/Judiciary
No place for terrorism in Islam,"Society, Religion & Culture"
Tennis Meet,Sports
Society holds the key to gender equality: SC judge,"Society, Religion & Culture"
Consumer court or consumer redressal forum?,Crime & Law/Judiciary
CPM activists arrested for Kurnool riots,Crime & Law/Judiciary
Cong corporators issued whip for mayoral polls,Politics & Government
Inter-ministerial group on counter-terrorism set up,Defence & Security
PM announces relief for the flood-affected,Weather & Disaster
RTC stir causes Rs 50-cr loss,Business & Economy
Policy will hit banks' bottomlines,Politics & Government
National anthem; patriotic songs top US chart,Entertainment & Lifestyle
No students' union polls in universities for 17 yrs,Education & Recruitment
Security beefed after robberies at diamond units,Defence & Security
Power being restored in flood-hit areas,Weather & Disaster
Rains damage 1;2OO houses in Gulbarga,Weather & Disaster
Naxalites blast Coca Cola plant,Defence & Security
Schools reopen in Belgaum,Education & Recruitment
We're not overtly worried; say Delhi Police,Crime & Law/Judiciary
India may destroy Pak N-weapons: Report,Defence & Security
Policing is a tough job: Naidu,Education & Recruitment
Bangalore to host world coffee fest in Feb,International/World
Terror in the dead of night,Defence & Security
Orphans of quake still an elusive number in Kutch,Weather & Disaster
Women prisoners need counselling,"Society, Religion & Culture"
Scientists study hair-loss gene,Business & Economy
Tight security steps for children,"Society, Religion & Culture"
Now; a sports academy for all,Sports
Bank scrips rise on rate cuts,Business & Economy
PC market to shrink 10% in 2001-02,Business & Economy
Maharajganj MP an angry man these days,Politics & Government
Magadh varsity asked to hold exams in six weeks,Education & Recruitment
Veterans oppose shifting of court to army area,Crime & Law/Judiciary
Fidayeen attack on airforce base foiled,Defence & Security
Govt not to take chances during puja on law and order,Crime & Law/Judiciary
India inc. shrugs off Coke attack,Defence & Security
ST panel disputes Jogi's caste status,"Society, Religion & Culture"
680 file papers for BCC polls,Politics & Government
Fast Forward: BSF shoots down one along border,Defence & Security
Laws will stop social evils only on paper,"Society, Religion & Culture"
Credit policy bold and pro-growth: Sinha,Politics & Government
Anthrax ward set up at Rajkot hospital,Health
BJP leader shot dead; tension in Sonepur,Politics & Government
'Ailing' minister wasn't in driver's seat,Politics & Government
High ageing rate; health problems worry Parsi community,"Society, Religion & Culture"
College girl freed,Education & Recruitment
RBI rate cut to boost recession-hit economy: GCCI,Business & Economy
Kidnapped Hyderabad child rescued in Bangalore,"Society, Religion & Culture"
Vishal procured foreign arms,Defence & Security
Govt plans to privatise RTC: Congress,Politics & Government
UNESCO project to preserve heritage of Parsis,"Society, Religion & Culture"
Law dealing with rash driving needs to be amended,Crime & Law/Judiciary
Kerala: Ours isn't a frozen IT policy,Politics & Government
Will this wedding get an Oscar honeymoon?,Entertainment & Lifestyle
HC stops Education Dept from publishing selection list,Education & Recruitment
Indian army officer killed in Pak firing,Defence & Security
Samata party asks Sonia to apologise,Politics & Government
P-G students studying in borrowed buildings,Education & Recruitment
Cityscan: World peace rally,International/World
Police asked to submit report,Crime & Law/Judiciary
OU campus braces up for poster war,Education & Recruitment
Govt declares holidays; banks too closed,Business & Economy
RBI cuts bank rate; CRR,Business & Economy
CPI-ML plans campaign against war,Defence & Security
BJP to oppose demand for separate state,Politics & Government
BHEL joins UN forum,International/World
Post-quake; this Bhuj village witnesses a sea change,Weather & Disaster
PM orders early clearance of tribal project for Orissa,"Society, Religion & Culture"
Defence lab ready to study neera,Defence & Security
Rupee strengthens further against $,Business & Economy
PMO denies Bangaru being inducted as minister,Politics & Government
32 pc industries shut or sick in Gujarat,Business & Economy
Anthrax vaccine within 18 months: Expert,Health
CRPF jawan shot from close: Police,Crime & Law/Judiciary
Jana to fill up vacant party posts before Amritsar meet,Politics & Government
3 held in connection with Panipat rail robbery,Crime & Law/Judiciary
Charges framed against 167 accused,Crime & Law/Judiciary
PM to visit Russia,International/World
Private guards ordered out of Kanaka Durga temple,"Society, Religion & Culture"
2 NCP members in PCMC join Congress,Politics & Government
In-depth population study soon,"Society, Religion & Culture"
Attack terrorist camps in PoK; BJP urges PM,Defence & Security
11 chargesheeted in Phoolan murder case,Crime & Law/Judiciary
LUTA criticises opportunistic attitude of KGMC teachers,Education & Recruitment
Diggy's men see red over report card leak,"Society, Religion & Culture"
Maharashtra film corporation ties up with Ghai,Entertainment & Lifestyle
India has no intention of initiating war with Pak,Defence & Security
TB hospital in Badi given Rs 10 lakh,Health
IAF upgrading security setup,Defence & Security
Malaria deaths speak volumes of the neglect of social sector,"Society, Religion & Culture"
Around the world for Rs 29;000,International/World
Infant's death in City Gold exposes political chinks,Politics & Government
Cong gears up for 'early' Assembly polls,Politics & Government
Sonia to visit Beas ahead of Punjab polls,Politics & Government
Helping SMEs reach wider markets,Business & Economy
VHP act to harm BJP; says Atal,Politics & Government
1 more arrested in fake currency scam,Crime & Law/Judiciary
BJP demands probe into Jogi's background,Crime & Law/Judiciary
Stir affecting fuel companies also,Business & Economy
Bungling in HCS results: Dalal,Education & Recruitment
Oppn leader lambasts police chief,Crime & Law/Judiciary
'VHP stormed Temple at behest of CM'; Kalyan,"Society, Religion & Culture"
Panel calls for ban on anti-rabies vaccine in state,Health
BJP asks govt to take up minority issue with Bangla govt,Politics & Government
Govt mulls tax sops on donations to political parties,Politics & Government
PSEB's novel way to check power theft,Crime & Law/Judiciary
Cong corporators issued whip for mayoral polls,Politics & Government
Urban body chiefs polls by Dec. 20,Politics & Government
Speaker's focus on women's education,Education & Recruitment
No doctors; few paramedics and lots of mosquitoes,Health
Satam; 8 Sainiks charged for protests,"Society, Religion & Culture"
President gives assent to Passport Ordinance,Politics & Government
Family Affair: Akshaye & Rahul Khanna!,"Society, Religion & Culture"
PWG fighting somebody else's war,Defence & Security
US envoy meets Congress leaders,Politics & Government
Congress to stand by Jogi,Politics & Government
Governor at 'puja' celebrations,Politics & Government
KS Bhalla heads probe,Crime & Law/Judiciary
A murder; a heist; a shootout,Crime & Law/Judiciary
Conduct UP polls fast,Politics & Government
BMS state unit to join nationwide protests,"Society, Religion & Culture"
MEA mum on US troops in Pak,Defence & Security
LIC likely to disappoint investors on bonus,Business & Economy
Act against dera culture,"Society, Religion & Culture"
CD gives insight into entertainment world,International/World
Will Jalan's policy revive economy?,Politics & Government
PM flays attack; tells Pak to shun violence,Defence & Security
2 women shot dead,"Society, Religion & Culture"
Disinvestment in three companies finalised,Business & Economy
PU college set up in varsity campus,Education & Recruitment
Another case of police brutality,Crime & Law/Judiciary
Bank guarantee clause waived for IBP,Business & Economy
Contractors; AMC on collision course,Education & Recruitment
Badal reviews plans to combat germ warfare threat,Defence & Security
Hasten flood relief: BJP,Politics & Government
IPS officers' wife charge-sheeted in Rs 2.54-cr. fraud,Crime & Law/Judiciary
Pak troops fire across LoC,Defence & Security
Arvind Patel's induction into Cabinet demanded,Politics & Government
Krushi Bank depositors' list finalised,Business & Economy
Home Ministry receives 'suspicious' mail,Politics & Government
Sensex closes at 3063.07,Business & Economy
9 killed in J&K; ultras with IED arrested,Crime & Law/Judiciary
Children's film fest from Nov 14,Entertainment & Lifestyle
New eye hospital complex ready,Health
PWG attack a terror ploy,Defence & Security
Around the world for Rs 29;000,International/World
ASI responsible for Mahabodhi Temple repair delay,"Society, Religion & Culture"
'Neo' Buddhist candidates move HC for caste papers,"Society, Religion & Culture"
Cabinet defers discussion on Doha round of WTO talks,Politics & Government
Great Mall a learning experience: Minister,Politics & Government
Tight security around exam centres,Education & Recruitment
MLA's tip-off leads to seizure of wheat from mill,Politics & Government
Togadia dares BJP govt on Ayodhya,Politics & Government
82% schools lack toilets,Education & Recruitment
UTI suffered Rs 5;000 cr loss on PSU investment,Business & Economy
Cabinet clears Rs 2;000-cr housing for slums,Politics & Government
Taliban Violates Islam,"Society, Religion & Culture"
Drive on for safe disposal of hospital waste,Health
HC rejects MLA's plea against govt,Politics & Government
Confusion over number of quake orphans,Weather & Disaster
Uniform scam in MTNL; 2 arrested,Crime & Law/Judiciary
Secretariat becomes a high-security zone,Defence & Security
BJP playing with Ayodhya fire again,Politics & Government
Security beefed up in Bihar during Durga Puja,Defence & Security
Sarat expected to have support of party's rank,Politics & Government
Wholesalers sell medicines directly to many customers,Health
Home ministry receives 'suspicious' mail,Politics & Government
'National Disaster Management Day' on Oct 29,Weather & Disaster
'Doctor' held for castrating boys,Health
Gujarat babus and the art of car maintenance,"Society, Religion & Culture"
Bus kills couple; family crushed,"Society, Religion & Culture"
GTB doctor was murdered: Police,Crime & Law/Judiciary
LeT claims responsibility for attack on Delhi CRPF camp,Defence & Security
Jute workers to protest,"Society, Religion & Culture"
When Durga Puja was synonymous with classical music,Entertainment & Lifestyle
Andhra sends flood bill to Centre,Politics & Government
LCP merges with Samajwadi Party,Politics & Government
Unsporting behaviour hits cricket match,Sports
Extortion may be cause for blast,Defence & Security
Tribal schemes run aground,"Society, Religion & Culture"
Shares close lower after Satyam results,Business & Economy
Rains do little good to groundwater,Weather & Disaster
EC approval to gold medals; scholarship for LU students,Education & Recruitment
Neeraj Vadhera is out on bail,Crime & Law/Judiciary
Stickers on cars warn of attack by chemicals,Defence & Security
Our men attacked CRPF camp: Lashkar,"Society, Religion & Culture"
Abu Salem arrested in Gulf: Bhujbal,Crime & Law/Judiciary
No return to politics; says Amitabh,Politics & Government
President's nod for AP crime law,Crime & Law/Judiciary
Anthrax medicine: State shells out Rs 1 crore,Health
India to emerge as third largest economy,Business & Economy
Govt clueless about Aadarana scam,Crime & Law/Judiciary
Kanchan's family waited in vain,"Society, Religion & Culture"
Policemen injured as PCR runs into truck,Sports
Chargesheet filed against 12 accused,Crime & Law/Judiciary
Family of 12 worries about next meal,"Society, Religion & Culture"
Doctor set on fire near river bank,Business & Economy
Three arrested for murder,Crime & Law/Judiciary
President clears ordinance,Politics & Government
240 bulls meant for slaughter seized; 1 person arrested,Crime & Law/Judiciary
British diplomat meets Hurriyat leaders,International/World
Revised security for Ram temple,"Society, Religion & Culture"
Delhi Police bans use of horns at intersections,Crime & Law/Judiciary
Mail from Pakistan to be scanned for anthrax,International/World
Revenue not being monitored,Business & Economy
Family trees in W Kozikode keep growing,"Society, Religion & Culture"
SUDA to generate 80;000 jobs for urban poor,Education & Recruitment
College teachers demand 'non-coaching allowance',Education & Recruitment
Puru: Living on food; fresh air; and love?,Entertainment & Lifestyle
Contract system in UPPCL to go; says minister,Politics & Government
Cops happy with new weapon,Defence & Security
HP pradhans to set export permit fees,Business & Economy
Sunny Deol dons his business suit,Business & Economy
RTC protest turns violent,"Society, Religion & Culture"
Ashok Leyland net profit revs up 24%,Business & Economy
Massive rigging in TN civic elections,Politics & Government
Mini Puja rivals biggies in beauty,Entertainment & Lifestyle
Farooq announces 33% reservation for women,"Society, Religion & Culture"
CBSE frets over delay in syllabus,Education & Recruitment
CBI arrests officials in cargo contract,Crime & Law/Judiciary
CPM to tap cable men to combat BJP,Politics & Government
Rupee weakens against $,Business & Economy
Masti karo; Governor tells children,Politics & Government
Festival brings people closer,"Society, Religion & Culture"
Our money comes from Russia; Slovakia,International/World
BJP misinterpreted SC order: Petitioner,Politics & Government
Court to visit Gulshan murder site,Crime & Law/Judiciary
Woman kills 2 daughters; ends life,"Society, Religion & Culture"
PM to meet BJP cadre in Amritsar,Politics & Government
Security around RJB complex to be beefed up,Defence & Security
2 accused in Personal Point case shot,Crime & Law/Judiciary
2 accused in Personal Point case shot,Crime & Law/Judiciary
India rejects Pak claim of build up of forces on border,Defence & Security
2 Kashmiri youths killed in Afghanistan,International/World
4 Hizb militants held; terror plan foiled,Defence & Security
Winter session of Parliament from Nov 19,Politics & Government
LUSU proposes free treatment at KGMC,Health
Ordinance bans 25 terrorist groups,Defence & Security
Facility for plant virus detection set up,Health
NHRC denies backing terrorism law,Crime & Law/Judiciary
Gunthewari plot owners protest against KMC,"Society, Religion & Culture"
Gurgaon MNCs seek security in numbers,Defence & Security
Dwivedi; Anand join Congress,Politics & Government
Tests negative; but doctors gear up for real bio-attack,Defence & Security
Cabinet approves land transfer proposals,Politics & Government
Suspicious letter sent to Law Ministry,Crime & Law/Judiciary
Naidu writes to the PM for cyclone relief,Weather & Disaster
Rape victim ends life,Crime & Law/Judiciary
BJP expels Ashok Yadav,Politics & Government
India says UN role in post-conflict Afghan important,International/World
Contractors; AMC on collision course,Education & Recruitment
Police file chargesheet against 11 SIMI activists,Crime & Law/Judiciary
BJP national executive in Amritsar,Politics & Government
Naresh in the eye of a storm,Weather & Disaster
Interpol contacted over Salem's arrest,Crime & Law/Judiciary
Class IV employees file petition,Crime & Law/Judiciary
Gujarat babus and the art of car maintenance,"Society, Religion & Culture"
VHP targets Dalit leader,"Society, Religion & Culture"
Congress leader Narasimha Murthy dead,Politics & Government
Admission hurdles that Kashmiri students face,Education & Recruitment
Notice to Punjab; UT; Haryana police chiefs,Crime & Law/Judiciary
Rupee weakens against $,Business & Economy
Home ministry hampering NHRC work,Politics & Government
Tribal health scheme grounded,"Society, Religion & Culture"
Congress against terror law; but govt hopeful,Crime & Law/Judiciary
Kolhapur municipal polls to be held on Oct. 29,Politics & Government
BJP corporators hound PMC on stray dog issue,Politics & Government
75 civic chief posts reserved for women,"Society, Religion & Culture"
Political heavyweights desert NCP ship in run-up to civic elections,Politics & Government
Of ruthless killers and 'silent weapons',Defence & Security
Bathukamma festival held with gaiety,"Society, Religion & Culture"
Militants step up attacks on security forces,Defence & Security
BJP throws Samras bait to villages,Politics & Government
Sudhakar will head Enron probe panel,Crime & Law/Judiciary
Police head for UAE on Abu Salem trail,Crime & Law/Judiciary
Pawar to inaugurate blood bank,Business & Economy
Brajesh Mishra to visit Bangladesh on Oct. 26,International/World
Reconsider decision on probe panel; Amarinder tells CJ,Crime & Law/Judiciary
Salem's arrest gives new dimension to Gulshan case,Crime & Law/Judiciary
Tug of war between LCP factions,Defence & Security
Surat doctors discuss need for awareness on anthrax,Health
Police escort to RTC rural bus services,Crime & Law/Judiciary
Temple storming a 'shock treatment': VHP,"Society, Religion & Culture"
Security stepped up to frustrate KLO activities,Defence & Security
Gandhi Sena protests against Cong demo,"Society, Religion & Culture"
POTO provides for punishment to erring police officers,Crime & Law/Judiciary
Study literature to understand our values,"Society, Religion & Culture"
Rains bring little relief to farmers,Weather & Disaster
Arrest warrant against Sharad Yadav,Crime & Law/Judiciary
Social reflections on the changing patterns of Navratri,"Society, Religion & Culture"
HC asks police chief to probe 'torture',Crime & Law/Judiciary
Police opposes bail plea of Bharat Shah,Crime & Law/Judiciary
No way out of traffic mess on Wadia college road,Education & Recruitment
Exam blues prompt varsity to look for solutions,Education & Recruitment
Rathore seeks anticipatory bail,Crime & Law/Judiciary
Sports academy runs into trouble,Sports
WHO sounds alert of possible use of small pox as bio-warfare,Defence & Security
Sensex closes marginally lower,Business & Economy
Traffic police abandon stick; rely on carrot to tame violators,Crime & Law/Judiciary
Law and order has improved: Police chief,Crime & Law/Judiciary
AUDA uses Canadian tech for quake-proof housing,Weather & Disaster
Panic grips US attack suspects' families,Defence & Security
RSS cautions against treating China as ally,International/World
Meet with Vedanti may not yield results,Education & Recruitment
Colleges offer job-oriented courses,Education & Recruitment
Ashraya panel chief seeks police cover,Crime & Law/Judiciary
Student unions don't exist in Bihar,Education & Recruitment
Health workers called upon to serve needy,Health
Human 'tigers' face threat to health,Health
War with Pak now would be destructive: Gen Rao,Defence & Security
New crime law debut in Nov,Crime & Law/Judiciary
Protests mar inaugural of sports academy,"Society, Religion & Culture"
Post-quake; this Bhuj village witnesses a sea change,Weather & Disaster
Enron ousts finance officer,Business & Economy
An Oscar end to Monsoon Wedding?,Weather & Disaster
Cyclone deaths were man-made,Weather & Disaster
Farmers to protest against power cuts,"Society, Religion & Culture"
UP need to focus on innings cricket: Gopal,Sports
Gun holders told to surrender arms,Defence & Security
Fund for patients gives the poor a fighting chance,Health
Lured by promises; youth pay a heavy price,"Society, Religion & Culture"
Naxal activities down in Raichur: SP,Defence & Security
Six accused in Gondal attack case out on bail,Crime & Law/Judiciary
Usual puja rush in markets missing,Business & Economy
Breakaway LCP group may merge with BJP,Politics & Government
Left to oppose POTO in Parliament,Politics & Government
Unapproved courses puts engg students in lurch,Education & Recruitment
No bail for foreign mercenaries under POTO,Crime & Law/Judiciary
Sunny days are here again for film industry's shy star,Business & Economy
Admission hurdles faced by Kashmiri students,Education & Recruitment
Drugs worth Rs 15 crore seized,Health
One killed in bomb attack,Defence & Security
Surat doctors discuss need for awareness on anthrax,Health
Music band contest prior to film release,Entertainment & Lifestyle
Pak participation in anti-terrorism fight unfortunate,Defence & Security
POTO BJP's game plan for electoral gains: Soz,Politics & Government
CVC orders probe into Surat land scam,Crime & Law/Judiciary
Times Foundation takes up education projects,Education & Recruitment
Naxals kidnap Union minister's relatives,Politics & Government
Modi will join PM on tour to Russia,International/World
International trade slows dramatically,Business & Economy
RSS Dasara celebrations get police nod,Crime & Law/Judiciary
Infosys to help Ladakhi women learn computers,"Society, Religion & Culture"
IDBI board to mull universal banking,Business & Economy
Court rejects bail plea of ISD scam accused,Crime & Law/Judiciary
2 Kashmiri youth killed in Afghanistan,"Society, Religion & Culture"
ICICI Bank; ICICI ratify merger; swap ratio at 1:2,Business & Economy
ICICI Bank net up 120%; ICICI 11%,Business & Economy
Big rise in Fed Bank profit,Business & Economy
Eve-teasing leads to man's murder,Crime & Law/Judiciary
Prompt treatment is key to saving patients living on the edge,Health
PU senate polls: 10 of 15 seats filled,Politics & Government
War's bad business: Fatwas out to pour cola on U.S. economic might,Business & Economy
US agencies seek better ways to track terrorist funds,Defence & Security
Gold biscuit 'sellers' in custody,Crime & Law/Judiciary
Woman ends life over dowry harassment,"Society, Religion & Culture"
Doctors advise not to touch doubtful objects,Health
'You don't need to to be an engineer... ',Other
STRAIGHT ANSWERS,Other
Ordeal by innocence: How much is too much?,Other
Passenger drugged,Other
Economictimes.com Power Breakfast,Other
Neighbour's envy; owner's pride,Other
Six extremists surrender,Other
Jolt likely to US aid to Indian projects,Other
Eighty-six and going strong!,Other
Beware; Big Brother's watching your email,Other
STRAIGHT ANSWERS,Other
Is Bangalore jinxed for major events?,Other
An eye for an eye?,Other
Now; tags will keep tabs on beak-speak,Other
States asked to monitor screening of documentaries,Other
Star Style,Other
Vidyut Adalat on Sept. 27,Other
Dharwad gram panchayats to get Rs 1 lakh each,Other
HMT; Bajaj Tempo launch tractors,Other
Water for Jetpur saree units,Other
Of rising temperatures; a good night-life,Other
Keep reading habit going: NBT chief,Other
Udupi seers decry vandalism,Other
These stars refuse to unravel the mystery,Other
Lankan priest's anniversary celebrated,Other
Time to shed weakness,Other
Rohini comes to town,Other
Kabhi Khushi; Kabhi Gham; Kabhi Single Jingle!,Other
Stamp design contest for kids,Other
Distress sale of paddy,Other
Celebrating Onam Sadhya,Other
The meaning of the planets,Other
JPC sub-panel to visit state,Other
Foodstuff banned on A-I US-bound flights,Other
GNFC ties up with US firm for satellite communications,Other
No more a secret,Other
'Pay orders' are also cheques; says SC,Other
Paswan rules out divestment in coal sector,Other
VCs seek temporary appointment power,Other
Musharraf walks the tightrope,Other
Dried coffers douse govt's plan on Krishna water,Other
Britney is concerned!,Other
Let's teach 'National pride',Other
The secret script of militant messages,Other
Raju dashes Sanjay's hopes,Other
Muncipality launches drive against malaria,Other
Straight Answers,Other
Crackdown on illegal hawkers will continue; says Rokade,Other
STRAIGHT ANSWERS,Other
Safe; but shaken & shocked,Other
Win Chadha continues to be in serious condition,Other
US should act with restraint: Chandra Shekhar,Other
Lalita Pawar; Juhi; Anil were here first,Other
Elephant Balarama to arrive in Mysore tomorrow,Other
Where Granth Sahib is more than a holy book,Other
TB cases on the rise in twin cities,Other
Surviving the FM,Other
KPCC chief acused of neglecting constituency,Other
LEADER ARTICLEbrArmageddon on the Way,Other
CPM activists held for FCI raid,Other
C'mon baby; light my fire,Other
Ray of hope,Other
Ganja bound for Kerala seized,Other
Printing of service postage stamps to stop,Other
STRAIGHT ANSWERS,Other
Kumartuli struggles to overcome artisan crisis,Other
Reckitt asked to clear Disprin Plus confusion,Other
Mother; baby girl meet watery grave,Other
Aamir Khan: Making the best of time!,Other
As good as GOA gets,Other
Fazalbhoy; Rajvanshi named for Bajaj Foundation awards,Other
EAST DIGEST,Other
Straight answers,Other
The vulture has landed: Even tragedy has scavengers,Other
Harmless flirtation? Stop ASAP,Other
Sick circus lions; tiger await shifting orders,Other
There's need for a qualitative change,Other
Cable TV stalemate continues,Other
Indian interests to stay unharmed; assures US,Other
Charminar a boon for small traders,Other
Cisco forays into India IP mart,Other
A 'frail; dark young man' had tipped off robbers,Other
List of notarisation fees needs to be publicised,Other
Five ULFA militants killed in Assam,Other
IFA Shield draw declared,Other
Finally; US citizens do some soul-searching,Other
Lioness dead,Other
Jayaprada briefs Naidu on Siddipet,Other
Osibisa Yesterday once more,Other
SSB grudge over top-level promotions,Other
Sharief ballistic again..over bridges now,Other
Hurriyat backs Musharraf,Other
250 passes to access airport cancelled,Other
CM threatened with contempt suit,Other
Valmiki girl files case against Yerramma,Other
HMT for major leap during current fiscal,Other
IB fears Advani; Priyanka on hit-list,Other
Will the real Bridget Jones please stand up?,Other
BRIDAL FARE,Other
Two development officers suspended,Other
